timestamp_ms,target_name,model_id,gpu_mode,cuda_available,gpu_name,cpu_cores,mem_cap_gb,context_len,prediction_length,repeat_idx,warmup,latency_ms,idle_power_w,avg_power_w,peak_power_w,energy_j,energy_iters,status,error
1770459810181,GPU+CPU8+Mem16,autogluon/chronos-bolt-small,on,True,NVIDIA GeForce RTX 3080,8,16,128,256,0,2,84.89530365000064,81.96433333333331,2.9044705882353092,6.321666666666687,0.24042119042530677,34,ok,
1770459814406,GPU+CPU8+Mem16,autogluon/chronos-bolt-small,on,True,NVIDIA GeForce RTX 3080,8,16,128,256,1,2,83.9401048000127,81.96166666666663,3.520970588235327,6.502333333333368,0.293666780658037,34,ok,
1770459818624,GPU+CPU8+Mem16,autogluon/chronos-bolt-small,on,True,NVIDIA GeForce RTX 3080,8,16,128,256,2,2,84.61617005000335,82.19766666666669,3.617862745098017,6.593333333333305,0.30075969077828957,34,ok,
1770459822843,GPU+CPU8+Mem16,autogluon/chronos-bolt-small,on,True,NVIDIA GeForce RTX 3080,8,16,128,256,3,2,83.8747511000065,82.58186666666667,3.3265549019607805,6.300133333333335,0.27631233668391647,34,ok,
1770459827062,GPU+CPU8+Mem16,autogluon/chronos-bolt-small,on,True,NVIDIA GeForce RTX 3080,8,16,128,256,4,2,84.09771239998918,82.69860000000001,3.334799999999989,6.421399999999991,0.27689870552585905,34,ok,
1770459831420,GPU+CPU8+Mem16,autogluon/chronos-bolt-small,on,True,NVIDIA GeForce RTX 3080,8,16,256,256,0,2,85.17144950001239,82.9655333333334,3.984719607843079,7.636466666666607,0.3308621485817534,34,ok,
1770459835641,GPU+CPU8+Mem16,autogluon/chronos-bolt-small,on,True,NVIDIA GeForce RTX 3080,8,16,256,256,1,2,84.93263114999081,83.34156666666667,3.9575754901960787,7.4534333333333365,0.32916840175920375,34,ok,
1770459839860,GPU+CPU8+Mem16,autogluon/chronos-bolt-small,on,True,NVIDIA GeForce RTX 3080,8,16,256,256,2,2,85.00175755000328,83.69940000000001,3.690258823529402,7.212599999999995,0.306133318453122,34,ok,
1770459844080,GPU+CPU8+Mem16,autogluon/chronos-bolt-small,on,True,NVIDIA GeForce RTX 3080,8,16,256,256,3,2,83.60684725000738,83.47933333333336,3.968941176470567,7.476666666666645,0.3298993763716698,34,ok,
1770459848299,GPU+CPU8+Mem16,autogluon/chronos-bolt-small,on,True,NVIDIA GeForce RTX 3080,8,16,256,256,4,2,84.62808759998097,83.75120000000005,3.8147470588234835,7.238799999999941,0.31686596469813355,34,ok,
1770459852624,GPU+CPU8+Mem16,autogluon/chronos-bolt-small,on,True,NVIDIA GeForce RTX 3080,8,16,384,256,0,2,84.87319759999536,83.98666666666666,3.990931372549023,8.132333333333335,0.33070702097394755,34,ok,
1770459856895,GPU+CPU8+Mem16,autogluon/chronos-bolt-small,on,True,NVIDIA GeForce RTX 3080,8,16,384,256,1,2,85.5857197999967,84.06663333333333,4.264321904761908,8.172366666666676,0.36508860350799777,35,ok,
1770459861166,GPU+CPU8+Mem16,autogluon/chronos-bolt-small,on,True,NVIDIA GeForce RTX 3080,8,16,384,256,2,2,86.38807375000397,83.98423333333335,4.545514285714273,8.218766666666653,0.3896428094658773,35,ok,
1770459865383,GPU+CPU8+Mem16,autogluon/chronos-bolt-small,on,True,NVIDIA GeForce RTX 3080,8,16,384,256,3,2,84.79106150000462,84.27180000000001,4.204752941176461,8.250199999999992,0.3486761618017399,34,ok,
1770459869606,GPU+CPU8+Mem16,autogluon/chronos-bolt-small,on,True,NVIDIA GeForce RTX 3080,8,16,384,256,4,2,85.26218960000733,84.31840000000001,4.525717647058815,8.227599999999995,0.37816438453357354,34,ok,
1770459873909,GPU+CPU8+Mem16,autogluon/chronos-bolt-small,on,True,NVIDIA GeForce RTX 3080,8,16,512,256,0,2,84.08839979999811,84.34643333333334,4.647869607843133,9.229566666666656,0.3853551940883305,34,ok,
1770459878133,GPU+CPU8+Mem16,autogluon/chronos-bolt-small,on,True,NVIDIA GeForce RTX 3080,8,16,512,256,1,2,85.37092845001553,84.53479999999995,4.617376470588281,8.707200000000057,0.38463846940172913,34,ok,
1770459882354,GPU+CPU8+Mem16,autogluon/chronos-bolt-small,on,True,NVIDIA GeForce RTX 3080,8,16,512,256,2,2,83.92329045000224,84.61559999999996,4.637035294117682,8.907400000000038,0.3850006927421155,34,ok,
1770459886573,GPU+CPU8+Mem16,autogluon/chronos-bolt-small,on,True,NVIDIA GeForce RTX 3080,8,16,512,256,3,2,84.088591800014,84.68080000000005,4.662929411764667,9.045199999999952,0.38706792979411503,34,ok,
1770459890800,GPU+CPU8+Mem16,autogluon/chronos-bolt-small,on,True,NVIDIA GeForce RTX 3080,8,16,512,256,4,2,84.03419209998901,84.46906666666665,5.13314509803923,9.345933333333349,0.4268576349880389,34,ok,
1770459895110,GPU+CPU8+Mem16,autogluon/chronos-bolt-small,on,True,NVIDIA GeForce RTX 3080,8,16,640,256,0,2,83.08170054999664,84.568,5.346852941176473,10.439999999999998,0.4439372147458792,34,ok,
1770459899329,GPU+CPU8+Mem16,autogluon/chronos-bolt-small,on,True,NVIDIA GeForce RTX 3080,8,16,640,256,1,2,82.95158980001816,84.6456666666667,5.58307843137252,10.396333333333303,0.4637651897767133,34,ok,
1770459903548,GPU+CPU8+Mem16,autogluon/chronos-bolt-small,on,True,NVIDIA GeForce RTX 3080,8,16,640,256,2,2,85.45230735001041,84.81360000000002,5.08079999999998,9.61539999999998,0.4225291172914029,34,ok,
1770459907767,GPU+CPU8+Mem16,autogluon/chronos-bolt-small,on,True,NVIDIA GeForce RTX 3080,8,16,640,256,3,2,84.18314310001733,84.66199999999999,5.428941176470595,10.251000000000005,0.4509509757813751,34,ok,
1770459911984,GPU+CPU8+Mem16,autogluon/chronos-bolt-small,on,True,NVIDIA GeForce RTX 3080,8,16,640,256,4,2,83.3556356499912,84.97499999999995,5.737647058823576,10.313000000000045,0.4773706677165027,34,ok,
1770459916304,GPU+CPU8+Mem16,autogluon/chronos-bolt-small,on,True,NVIDIA GeForce RTX 3080,8,16,768,256,0,2,83.54784265000035,85.04223333333333,5.698140196078434,11.332766666666672,0.4728618233697205,34,ok,
1770459920523,GPU+CPU8+Mem16,autogluon/chronos-bolt-small,on,True,NVIDIA GeForce RTX 3080,8,16,768,256,1,2,83.81719704998432,84.94623333333331,6.0054186274509975,11.323766666666685,0.49869335965498757,34,ok,
1770459924740,GPU+CPU8+Mem16,autogluon/chronos-bolt-small,on,True,NVIDIA GeForce RTX 3080,8,16,768,256,2,2,85.42355600000064,85.18419999999996,5.667070588235325,10.703800000000044,0.4710722910224855,34,ok,
1770459928960,GPU+CPU8+Mem16,autogluon/chronos-bolt-small,on,True,NVIDIA GeForce RTX 3080,8,16,768,256,3,2,83.89915400000518,84.90200000000002,6.150588235294106,11.422999999999988,0.5111084710145123,34,ok,
1770459933278,GPU+CPU8+Mem16,autogluon/chronos-bolt-small,on,True,NVIDIA GeForce RTX 3080,8,16,768,256,4,2,88.0341154000007,84.98600000000002,5.905833333333316,11.123999999999981,0.5203921928371635,36,ok,
1770459937604,GPU+CPU8+Mem16,autogluon/chronos-bolt-small,on,True,NVIDIA GeForce RTX 3080,8,16,896,256,0,2,84.10148269999809,84.84590000000006,6.309444117647005,12.685099999999949,0.523644194241537,34,ok,
1770459941823,GPU+CPU8+Mem16,autogluon/chronos-bolt-small,on,True,NVIDIA GeForce RTX 3080,8,16,896,256,1,2,83.88116249998347,85.43540000000006,6.402364705882303,12.341599999999943,0.5316182470792941,34,ok,
1770459946042,GPU+CPU8+Mem16,autogluon/chronos-bolt-small,on,True,NVIDIA GeForce RTX 3080,8,16,896,256,2,2,84.46929699998691,85.29160000000003,6.581505882352913,12.46439999999997,0.5470048707847334,34,ok,
1770459950259,GPU+CPU8+Mem16,autogluon/chronos-bolt-small,on,True,NVIDIA GeForce RTX 3080,8,16,896,256,3,2,83.86978080000063,85.01833333333329,6.837823529411804,12.838666666666711,0.5676072835851926,34,ok,
1770459954479,GPU+CPU8+Mem16,autogluon/chronos-bolt-small,on,True,NVIDIA GeForce RTX 3080,8,16,896,256,4,2,84.09326189998865,84.80546666666666,7.112868627450986,12.95653333333334,0.5914144798822683,34,ok,
1770459958787,GPU+CPU8+Mem16,autogluon/chronos-bolt-small,on,True,NVIDIA GeForce RTX 3080,8,16,1024,256,0,2,85.13731279999774,85.1705333333334,6.6945137254901415,13.231466666666606,0.5553294894453936,34,ok,
1770459963006,GPU+CPU8+Mem16,autogluon/chronos-bolt-small,on,True,NVIDIA GeForce RTX 3080,8,16,1024,256,1,2,84.42532429999119,85.57739999999998,6.899952941176487,13.090600000000023,0.5736829784222597,34,ok,
1770459967274,GPU+CPU8+Mem16,autogluon/chronos-bolt-small,on,True,NVIDIA GeForce RTX 3080,8,16,1024,256,2,2,86.18086525000308,85.35580000000002,7.067765714285703,13.010199999999983,0.6055770579199358,35,ok,
1770459971543,GPU+CPU8+Mem16,autogluon/chronos-bolt-small,on,True,NVIDIA GeForce RTX 3080,8,16,1024,256,3,2,86.17831609999484,85.21596666666669,7.209685714285695,13.021033333333307,0.6175181236377674,35,ok,
1770459975812,GPU+CPU8+Mem16,autogluon/chronos-bolt-small,on,True,NVIDIA GeForce RTX 3080,8,16,1024,256,4,2,86.99044259999482,85.5746,6.850759999999999,12.832399999999993,0.5865397983786493,35,ok,
1770459980121,GPU+CPU8+Mem16,autogluon/chronos-bolt-small,on,True,NVIDIA GeForce RTX 3080,8,16,1152,256,0,2,83.81321735000711,85.19303333333333,7.350617647058825,14.272966666666662,0.6101583106102223,34,ok,
1770459984339,GPU+CPU8+Mem16,autogluon/chronos-bolt-small,on,True,NVIDIA GeForce RTX 3080,8,16,1152,256,1,2,85.3183900499971,85.47299999999998,7.010352941176482,13.449000000000012,0.5818688386187605,34,ok,
1770459988610,GPU+CPU8+Mem16,autogluon/chronos-bolt-small,on,True,NVIDIA GeForce RTX 3080,8,16,1152,256,2,2,87.40149459999884,85.03399999999996,7.471971428571463,13.54100000000004,0.6410484482743154,35,ok,
1770459992980,GPU+CPU8+Mem16,autogluon/chronos-bolt-small,on,True,NVIDIA GeForce RTX 3080,8,16,1152,256,3,2,91.83579460000146,85.78559999999999,6.698848648648657,12.637400000000014,0.6072958066269916,37,ok,
1770459997198,GPU+CPU8+Mem16,autogluon/chronos-bolt-small,on,True,NVIDIA GeForce RTX 3080,8,16,1152,256,4,2,84.93316165001943,85.61653333333334,7.350398039215683,13.709466666666657,0.6105675475051807,34,ok,
1770460001560,GPU+CPU8+Mem16,autogluon/chronos-bolt-small,on,True,NVIDIA GeForce RTX 3080,8,16,1280,256,0,2,86.59175774998857,85.16179999999999,8.080777142857155,15.323200000000014,0.6913541829223876,35,ok,
1770460005831,GPU+CPU8+Mem16,autogluon/chronos-bolt-small,on,True,NVIDIA GeForce RTX 3080,8,16,1280,256,1,2,86.63964055001543,85.48920000000001,8.128057142857132,14.68379999999999,0.6965641642840159,35,ok,
1770460010050,GPU+CPU8+Mem16,autogluon/chronos-bolt-small,on,True,NVIDIA GeForce RTX 3080,8,16,1280,256,2,2,84.35001194998222,85.20066666666663,8.04750000000003,15.455333333333371,0.6681552376299577,34,ok,
1770460014297,GPU+CPU8+Mem16,autogluon/chronos-bolt-small,on,True,NVIDIA GeForce RTX 3080,8,16,1280,256,3,2,83.97465069999726,85.39940000000006,8.17712941176466,15.303599999999946,0.6789851945375817,34,ok,
1770460018565,GPU+CPU8+Mem16,autogluon/chronos-bolt-small,on,True,NVIDIA GeForce RTX 3080,8,16,1280,256,4,2,85.88674610000453,85.5882,8.25510857142857,15.276799999999994,0.7079806377825011,35,ok,
1770460022889,GPU+CPU8+Mem16,autogluon/chronos-bolt-small,on,True,NVIDIA GeForce RTX 3080,8,16,1408,256,0,2,85.26113544999134,85.31326666666664,8.22402156862748,16.35873333333336,0.6818870444648137,34,ok,
1770460027112,GPU+CPU8+Mem16,autogluon/chronos-bolt-small,on,True,NVIDIA GeForce RTX 3080,8,16,1408,256,1,2,84.81271524999556,86.15439999999997,8.309376470588264,15.76060000000004,0.6904989345566013,34,ok,
1770460031329,GPU+CPU8+Mem16,autogluon/chronos-bolt-small,on,True,NVIDIA GeForce RTX 3080,8,16,1408,256,2,2,84.3758105500001,85.5473333333334,8.817999999999943,16.453666666666606,0.7326105175118662,34,ok,
1770460035547,GPU+CPU8+Mem16,autogluon/chronos-bolt-small,on,True,NVIDIA GeForce RTX 3080,8,16,1408,256,3,2,83.20995585002038,85.64466666666671,9.1043333333333,16.722333333333296,0.756769843681638,34,ok,
1770460039766,GPU+CPU8+Mem16,autogluon/chronos-bolt-small,on,True,NVIDIA GeForce RTX 3080,8,16,1408,256,4,2,84.90730519999943,85.65166666666667,9.013686274509798,16.287333333333322,0.7503029012642404,34,ok,
1770460044077,GPU+CPU8+Mem16,autogluon/chronos-bolt-small,on,True,NVIDIA GeForce RTX 3080,8,16,1536,256,0,2,84.6492608500057,85.6130666666667,8.8487039215686,17.6389333333333,0.7341180241468608,34,ok,
1770460048298,GPU+CPU8+Mem16,autogluon/chronos-bolt-small,on,True,NVIDIA GeForce RTX 3080,8,16,1536,256,1,2,84.86293195001053,86.24403333333333,8.993648039215687,16.785966666666667,0.7495052505483875,34,ok,
1770460052518,GPU+CPU8+Mem16,autogluon/chronos-bolt-small,on,True,NVIDIA GeForce RTX 3080,8,16,1536,256,2,2,85.30881249998856,86.51140000000002,8.70455294117645,16.642599999999973,0.7230482607108585,34,ok,
1770460056787,GPU+CPU8+Mem16,autogluon/chronos-bolt-small,on,True,NVIDIA GeForce RTX 3080,8,16,1536,256,3,2,86.50395209999715,86.05466666666663,8.897523809523838,16.704333333333366,0.7623063635366243,35,ok,
1770460061057,GPU+CPU8+Mem16,autogluon/chronos-bolt-small,on,True,NVIDIA GeForce RTX 3080,8,16,1536,256,4,2,86.03870795000148,86.17120000000003,8.975148571428548,16.685799999999972,0.7686288859120836,35,ok,
1770460065368,GPU+CPU8+Mem16,autogluon/chronos-bolt-small,on,True,NVIDIA GeForce RTX 3080,8,16,1664,256,0,2,84.10990879999645,85.8253333333333,9.16754901960787,18.430666666666696,0.7607639070742974,34,ok,
1770460069586,GPU+CPU8+Mem16,autogluon/chronos-bolt-small,on,True,NVIDIA GeForce RTX 3080,8,16,1664,256,1,2,83.61525054999674,86.32683333333328,9.33087745098043,18.12116666666671,0.7749000103601053,34,ok,
1770460073805,GPU+CPU8+Mem16,autogluon/chronos-bolt-small,on,True,NVIDIA GeForce RTX 3080,8,16,1664,256,2,2,84.93397419999837,86.10619999999999,9.56948235294119,18.19880000000002,0.7954309019659842,34,ok,
1770460078023,GPU+CPU8+Mem16,autogluon/chronos-bolt-small,on,True,NVIDIA GeForce RTX 3080,8,16,1664,256,3,2,84.90682904998721,85.80466666666663,9.66211764705885,18.216333333333367,0.8025543618434444,34,ok,
1770460082242,GPU+CPU8+Mem16,autogluon/chronos-bolt-small,on,True,NVIDIA GeForce RTX 3080,8,16,1664,256,4,2,84.60392169999977,85.99109999999993,10.164708823529471,18.579900000000066,0.8459885251073374,34,ok,
1770460086603,GPU+CPU8+Mem16,autogluon/chronos-bolt-small,on,True,NVIDIA GeForce RTX 3080,8,16,1792,256,0,2,86.78419079999458,86.11969999999997,10.070674285714315,19.258300000000034,0.8617939417127458,35,ok,
1770460090823,GPU+CPU8+Mem16,autogluon/chronos-bolt-small,on,True,NVIDIA GeForce RTX 3080,8,16,1792,256,1,2,85.1629150000008,85.85366666666661,10.411411764705932,19.68533333333339,0.8648636912862981,34,ok,
1770460095041,GPU+CPU8+Mem16,autogluon/chronos-bolt-small,on,True,NVIDIA GeForce RTX 3080,8,16,1792,256,2,2,84.67216315000314,86.3453333333333,10.651686274509828,19.4586666666667,0.8861406900320977,34,ok,
1770460099261,GPU+CPU8+Mem16,autogluon/chronos-bolt-small,on,True,NVIDIA GeForce RTX 3080,8,16,1792,256,3,2,85.36999359998845,86.51800000000004,10.377411764705847,19.30199999999995,0.8619912761309468,34,ok,
1770460103529,GPU+CPU8+Mem16,autogluon/chronos-bolt-small,on,True,NVIDIA GeForce RTX 3080,8,16,1792,256,4,2,85.68260095000824,86.92650000000005,10.418542857142821,18.536499999999947,0.8924028210254755,35,ok,
1770460107889,GPU+CPU8+Mem16,autogluon/chronos-bolt-small,on,True,NVIDIA GeForce RTX 3080,8,16,1920,256,0,2,86.09630364999248,86.08919999999998,11.214331428571448,21.489800000000017,0.957414189806512,35,ok,
1770460112158,GPU+CPU8+Mem16,autogluon/chronos-bolt-small,on,True,NVIDIA GeForce RTX 3080,8,16,1920,256,1,2,85.58180155000628,86.76720000000003,10.925719999999975,20.689799999999963,0.9351491925759057,35,ok,
1770460116377,GPU+CPU8+Mem16,autogluon/chronos-bolt-small,on,True,NVIDIA GeForce RTX 3080,8,16,1920,256,2,2,84.88416274999508,86.40823333333333,11.391441176470593,21.13476666666668,0.9467062031083895,34,ok,
1770460120648,GPU+CPU8+Mem16,autogluon/chronos-bolt-small,on,True,NVIDIA GeForce RTX 3080,8,16,1920,256,3,2,85.57640480000828,86.96380000000005,10.769394285714244,20.441199999999952,0.9216304373569526,35,ok,
1770460124917,GPU+CPU8+Mem16,autogluon/chronos-bolt-small,on,True,NVIDIA GeForce RTX 3080,8,16,1920,256,4,2,85.6394197499867,86.2428,11.764942857142854,21.377200000000002,1.0074228810750931,35,ok,
1770460129225,GPU+CPU8+Mem16,autogluon/chronos-bolt-small,on,True,NVIDIA GeForce RTX 3080,8,16,2048,256,0,2,85.2244732499912,86.28306666666668,11.404645098039198,22.335933333333315,0.9453308496886408,34,ok,
1770460133444,GPU+CPU8+Mem16,autogluon/chronos-bolt-small,on,True,NVIDIA GeForce RTX 3080,8,16,2048,256,1,2,85.11909669998659,86.89646666666667,11.529631372549018,21.574533333333335,0.9575468807446879,34,ok,
1770460137661,GPU+CPU8+Mem16,autogluon/chronos-bolt-small,on,True,NVIDIA GeForce RTX 3080,8,16,2048,256,2,2,85.43439975001093,86.88463333333335,11.492371568627432,21.660366666666647,0.9545256812417507,34,ok,
1770460141942,GPU+CPU8+Mem16,autogluon/chronos-bolt-small,on,True,NVIDIA GeForce RTX 3080,8,16,2048,256,3,2,87.75411395001811,87.18239999999999,10.932297142857152,20.442600000000013,0.9432455148073139,35,ok,
1770460146211,GPU+CPU8+Mem16,autogluon/chronos-bolt-small,on,True,NVIDIA GeForce RTX 3080,8,16,2048,256,4,2,86.28452064999692,86.74073333333332,11.646085714285723,21.50126666666668,0.9979036549829221,35,ok,
1770460160984,CPU6+Mem12,autogluon/chronos-bolt-small,off,False,,6,12,128,256,0,2,220.2481048999971,NaN,NaN,NaN,NaN,0,ok,
1770460165307,CPU6+Mem12,autogluon/chronos-bolt-small,off,False,,6,12,128,256,1,2,216.1050418000059,NaN,NaN,NaN,NaN,0,ok,
1770460169773,CPU6+Mem12,autogluon/chronos-bolt-small,off,False,,6,12,128,256,2,2,223.2656802000065,NaN,NaN,NaN,NaN,0,ok,
1770460174323,CPU6+Mem12,autogluon/chronos-bolt-small,off,False,,6,12,128,256,3,2,227.44955655000467,NaN,NaN,NaN,NaN,0,ok,
1770460178800,CPU6+Mem12,autogluon/chronos-bolt-small,off,False,,6,12,128,256,4,2,223.86919644998216,NaN,NaN,NaN,NaN,0,ok,
1770460184518,CPU6+Mem12,autogluon/chronos-bolt-small,off,False,,6,12,256,256,0,2,271.8581253499906,NaN,NaN,NaN,NaN,0,ok,
1770460190002,CPU6+Mem12,autogluon/chronos-bolt-small,off,False,,6,12,256,256,1,2,274.1692371499994,NaN,NaN,NaN,NaN,0,ok,
1770460195522,CPU6+Mem12,autogluon/chronos-bolt-small,off,False,,6,12,256,256,2,2,275.96658270001626,NaN,NaN,NaN,NaN,0,ok,
1770460201058,CPU6+Mem12,autogluon/chronos-bolt-small,off,False,,6,12,256,256,3,2,276.78264124999714,NaN,NaN,NaN,NaN,0,ok,
1770460206998,CPU6+Mem12,autogluon/chronos-bolt-small,off,False,,6,12,256,256,4,2,296.9315181499951,NaN,NaN,NaN,NaN,0,ok,
1770460213838,CPU6+Mem12,autogluon/chronos-bolt-small,off,False,,6,12,384,256,0,2,326.10782169999766,NaN,NaN,NaN,NaN,0,ok,
1770460220037,CPU6+Mem12,autogluon/chronos-bolt-small,off,False,,6,12,384,256,1,2,309.9240327499956,NaN,NaN,NaN,NaN,0,ok,
1770460226281,CPU6+Mem12,autogluon/chronos-bolt-small,off,False,,6,12,384,256,2,2,312.2253105000027,NaN,NaN,NaN,NaN,0,ok,
1770460232528,CPU6+Mem12,autogluon/chronos-bolt-small,off,False,,6,12,384,256,3,2,312.3058902499906,NaN,NaN,NaN,NaN,0,ok,
1770460238780,CPU6+Mem12,autogluon/chronos-bolt-small,off,False,,6,12,384,256,4,2,312.5311930499947,NaN,NaN,NaN,NaN,0,ok,
1770460246422,CPU6+Mem12,autogluon/chronos-bolt-small,off,False,,6,12,512,256,0,2,363.79236489999585,NaN,NaN,NaN,NaN,0,ok,
1770460253550,CPU6+Mem12,autogluon/chronos-bolt-small,off,False,,6,12,512,256,1,2,356.38144614999874,NaN,NaN,NaN,NaN,0,ok,
1770460260803,CPU6+Mem12,autogluon/chronos-bolt-small,off,False,,6,12,512,256,2,2,362.6625895499956,NaN,NaN,NaN,NaN,0,ok,
1770460267910,CPU6+Mem12,autogluon/chronos-bolt-small,off,False,,6,12,512,256,3,2,355.306659200005,NaN,NaN,NaN,NaN,0,ok,
1770460275122,CPU6+Mem12,autogluon/chronos-bolt-small,off,False,,6,12,512,256,4,2,360.5351421000023,NaN,NaN,NaN,NaN,0,ok,
1770460284214,CPU6+Mem12,autogluon/chronos-bolt-small,off,False,,6,12,640,256,0,2,431.4629892500079,NaN,NaN,NaN,NaN,0,ok,
1770460292783,CPU6+Mem12,autogluon/chronos-bolt-small,off,False,,6,12,640,256,1,2,428.4459141500065,NaN,NaN,NaN,NaN,0,ok,
1770460301442,CPU6+Mem12,autogluon/chronos-bolt-small,off,False,,6,12,640,256,2,2,432.91496280000956,NaN,NaN,NaN,NaN,0,ok,
1770460309981,CPU6+Mem12,autogluon/chronos-bolt-small,off,False,,6,12,640,256,3,2,426.91409465001016,NaN,NaN,NaN,NaN,0,ok,
1770460318439,CPU6+Mem12,autogluon/chronos-bolt-small,off,False,,6,12,640,256,4,2,422.87198840001565,NaN,NaN,NaN,NaN,0,ok,
1770460328954,CPU6+Mem12,autogluon/chronos-bolt-small,off,False,,6,12,768,256,0,2,500.7446517000062,NaN,NaN,NaN,NaN,0,ok,
1770460339376,CPU6+Mem12,autogluon/chronos-bolt-small,off,False,,6,12,768,256,1,2,521.0812019999821,NaN,NaN,NaN,NaN,0,ok,
1770460349644,CPU6+Mem12,autogluon/chronos-bolt-small,off,False,,6,12,768,256,2,2,513.3634606999976,NaN,NaN,NaN,NaN,0,ok,
1770460359849,CPU6+Mem12,autogluon/chronos-bolt-small,off,False,,6,12,768,256,3,2,510.22424774998854,NaN,NaN,NaN,NaN,0,ok,
1770460369860,CPU6+Mem12,autogluon/chronos-bolt-small,off,False,,6,12,768,256,4,2,500.5050451499983,NaN,NaN,NaN,NaN,0,ok,
1770460382477,CPU6+Mem12,autogluon/chronos-bolt-small,off,False,,6,12,896,256,0,2,601.0149619000003,NaN,NaN,NaN,NaN,0,ok,
1770460394871,CPU6+Mem12,autogluon/chronos-bolt-small,off,False,,6,12,896,256,1,2,619.6242104500016,NaN,NaN,NaN,NaN,0,ok,
1770460407153,CPU6+Mem12,autogluon/chronos-bolt-small,off,False,,6,12,896,256,2,2,614.0851310500011,NaN,NaN,NaN,NaN,0,ok,
1770460419369,CPU6+Mem12,autogluon/chronos-bolt-small,off,False,,6,12,896,256,3,2,610.7334660000106,NaN,NaN,NaN,NaN,0,ok,
1770460431661,CPU6+Mem12,autogluon/chronos-bolt-small,off,False,,6,12,896,256,4,2,614.5682613499957,NaN,NaN,NaN,NaN,0,ok,
1770460445458,CPU6+Mem12,autogluon/chronos-bolt-small,off,False,,6,12,1024,256,0,2,655.7009418500002,NaN,NaN,NaN,NaN,0,ok,
1770460458898,CPU6+Mem12,autogluon/chronos-bolt-small,off,False,,6,12,1024,256,1,2,671.9814869500169,NaN,NaN,NaN,NaN,0,ok,
1770460472111,CPU6+Mem12,autogluon/chronos-bolt-small,off,False,,6,12,1024,256,2,2,660.5661572499912,NaN,NaN,NaN,NaN,0,ok,
1770460485539,CPU6+Mem12,autogluon/chronos-bolt-small,off,False,,6,12,1024,256,3,2,671.3613018499927,NaN,NaN,NaN,NaN,0,ok,
1770460498803,CPU6+Mem12,autogluon/chronos-bolt-small,off,False,,6,12,1024,256,4,2,663.1843670499848,NaN,NaN,NaN,NaN,0,ok,
1770460513864,CPU6+Mem12,autogluon/chronos-bolt-small,off,False,,6,12,1152,256,0,2,715.8618928000124,NaN,NaN,NaN,NaN,0,ok,
1770460528012,CPU6+Mem12,autogluon/chronos-bolt-small,off,False,,6,12,1152,256,1,2,707.3266881999871,NaN,NaN,NaN,NaN,0,ok,
1770460542441,CPU6+Mem12,autogluon/chronos-bolt-small,off,False,,6,12,1152,256,2,2,721.4345674500009,NaN,NaN,NaN,NaN,0,ok,
1770460556791,CPU6+Mem12,autogluon/chronos-bolt-small,off,False,,6,12,1152,256,3,2,717.4506699999938,NaN,NaN,NaN,NaN,0,ok,
1770460571018,CPU6+Mem12,autogluon/chronos-bolt-small,off,False,,6,12,1152,256,4,2,711.3008172500031,NaN,NaN,NaN,NaN,0,ok,
1770460587258,CPU6+Mem12,autogluon/chronos-bolt-small,off,False,,6,12,1280,256,0,2,771.8006820499795,NaN,NaN,NaN,NaN,0,ok,
1770460602745,CPU6+Mem12,autogluon/chronos-bolt-small,off,False,,6,12,1280,256,1,2,774.2686727999853,NaN,NaN,NaN,NaN,0,ok,
1770460618572,CPU6+Mem12,autogluon/chronos-bolt-small,off,False,,6,12,1280,256,2,2,791.3408547000017,NaN,NaN,NaN,NaN,0,ok,
1770460634229,CPU6+Mem12,autogluon/chronos-bolt-small,off,False,,6,12,1280,256,3,2,782.7853999000126,NaN,NaN,NaN,NaN,0,ok,
1770460649802,CPU6+Mem12,autogluon/chronos-bolt-small,off,False,,6,12,1280,256,4,2,778.6326143999986,NaN,NaN,NaN,NaN,0,ok,
1770460667212,CPU6+Mem12,autogluon/chronos-bolt-small,off,False,,6,12,1408,256,0,2,827.9041370500181,NaN,NaN,NaN,NaN,0,ok,
1770460683761,CPU6+Mem12,autogluon/chronos-bolt-small,off,False,,6,12,1408,256,1,2,827.3823744500078,NaN,NaN,NaN,NaN,0,ok,
1770460700487,CPU6+Mem12,autogluon/chronos-bolt-small,off,False,,6,12,1408,256,2,2,836.2709402000064,NaN,NaN,NaN,NaN,0,ok,
1770460717088,CPU6+Mem12,autogluon/chronos-bolt-small,off,False,,6,12,1408,256,3,2,829.9501898500012,NaN,NaN,NaN,NaN,0,ok,
1770460733493,CPU6+Mem12,autogluon/chronos-bolt-small,off,False,,6,12,1408,256,4,2,820.2559187500128,NaN,NaN,NaN,NaN,0,ok,
1770460752366,CPU6+Mem12,autogluon/chronos-bolt-small,off,False,,6,12,1536,256,0,2,897.563738000008,NaN,NaN,NaN,NaN,0,ok,
1770460770434,CPU6+Mem12,autogluon/chronos-bolt-small,off,False,,6,12,1536,256,1,2,903.3649052999863,NaN,NaN,NaN,NaN,0,ok,
1770460788511,CPU6+Mem12,autogluon/chronos-bolt-small,off,False,,6,12,1536,256,2,2,903.7777730500011,NaN,NaN,NaN,NaN,0,ok,
1770460806472,CPU6+Mem12,autogluon/chronos-bolt-small,off,False,,6,12,1536,256,3,2,898.0254352999964,NaN,NaN,NaN,NaN,0,ok,
1770460824503,CPU6+Mem12,autogluon/chronos-bolt-small,off,False,,6,12,1536,256,4,2,901.4851416499823,NaN,NaN,NaN,NaN,0,ok,
1770460844377,CPU6+Mem12,autogluon/chronos-bolt-small,off,False,,6,12,1664,256,0,2,943.4862773500072,NaN,NaN,NaN,NaN,0,ok,
1770460863701,CPU6+Mem12,autogluon/chronos-bolt-small,off,False,,6,12,1664,256,1,2,966.1748637999835,NaN,NaN,NaN,NaN,0,ok,
1770460882851,CPU6+Mem12,autogluon/chronos-bolt-small,off,False,,6,12,1664,256,2,2,957.4155629499955,NaN,NaN,NaN,NaN,0,ok,
1770460901983,CPU6+Mem12,autogluon/chronos-bolt-small,off,False,,6,12,1664,256,3,2,956.5391564000038,NaN,NaN,NaN,NaN,0,ok,
1770460920973,CPU6+Mem12,autogluon/chronos-bolt-small,off,False,,6,12,1664,256,4,2,949.4700319999993,NaN,NaN,NaN,NaN,0,ok,
1770460942499,CPU6+Mem12,autogluon/chronos-bolt-small,off,False,,6,12,1792,256,0,2,1024.381988800019,NaN,NaN,NaN,NaN,0,ok,
1770460963019,CPU6+Mem12,autogluon/chronos-bolt-small,off,False,,6,12,1792,256,1,2,1025.9599820000176,NaN,NaN,NaN,NaN,0,ok,
1770460983570,CPU6+Mem12,autogluon/chronos-bolt-small,off,False,,6,12,1792,256,2,2,1027.4851213499915,NaN,NaN,NaN,NaN,0,ok,
1770461004018,CPU6+Mem12,autogluon/chronos-bolt-small,off,False,,6,12,1792,256,3,2,1022.3611216000108,NaN,NaN,NaN,NaN,0,ok,
1770461024416,CPU6+Mem12,autogluon/chronos-bolt-small,off,False,,6,12,1792,256,4,2,1019.8608323499911,NaN,NaN,NaN,NaN,0,ok,
1770461044311,CPU6+Mem12,autogluon/chronos-bolt-small,off,False,,6,12,1920,256,0,2,945.7263783499911,NaN,NaN,NaN,NaN,0,ok,
1770461063173,CPU6+Mem12,autogluon/chronos-bolt-small,off,False,,6,12,1920,256,1,2,943.0913124499966,NaN,NaN,NaN,NaN,0,ok,
1770461081879,CPU6+Mem12,autogluon/chronos-bolt-small,off,False,,6,12,1920,256,2,2,935.2217607499824,NaN,NaN,NaN,NaN,0,ok,
1770461100814,CPU6+Mem12,autogluon/chronos-bolt-small,off,False,,6,12,1920,256,3,2,946.7331382999873,NaN,NaN,NaN,NaN,0,ok,
1770461119557,CPU6+Mem12,autogluon/chronos-bolt-small,off,False,,6,12,1920,256,4,2,937.0642054999962,NaN,NaN,NaN,NaN,0,ok,
1770461138530,CPU6+Mem12,autogluon/chronos-bolt-small,off,False,,6,12,2048,256,0,2,904.6202431999973,NaN,NaN,NaN,NaN,0,ok,
1770461156722,CPU6+Mem12,autogluon/chronos-bolt-small,off,False,,6,12,2048,256,1,2,909.5134120000012,NaN,NaN,NaN,NaN,0,ok,
1770461174808,CPU6+Mem12,autogluon/chronos-bolt-small,off,False,,6,12,2048,256,2,2,904.2935037500001,NaN,NaN,NaN,NaN,0,ok,
1770461192645,CPU6+Mem12,autogluon/chronos-bolt-small,off,False,,6,12,2048,256,3,2,891.7909997000152,NaN,NaN,NaN,NaN,0,ok,
1770461210658,CPU6+Mem12,autogluon/chronos-bolt-small,off,False,,6,12,2048,256,4,2,900.5892194999888,NaN,NaN,NaN,NaN,0,ok,
1770461224702,CPU4+Mem8,autogluon/chronos-bolt-small,off,False,,4,8,128,256,0,2,214.5652053000049,NaN,NaN,NaN,NaN,0,ok,
1770461228953,CPU4+Mem8,autogluon/chronos-bolt-small,off,False,,4,8,128,256,1,2,212.5601646500172,NaN,NaN,NaN,NaN,0,ok,
1770461233396,CPU4+Mem8,autogluon/chronos-bolt-small,off,False,,4,8,128,256,2,2,222.10719425002026,NaN,NaN,NaN,NaN,0,ok,
1770461237669,CPU4+Mem8,autogluon/chronos-bolt-small,off,False,,4,8,128,256,3,2,213.62310424999578,NaN,NaN,NaN,NaN,0,ok,
1770461241973,CPU4+Mem8,autogluon/chronos-bolt-small,off,False,,4,8,128,256,4,2,215.22297410001556,NaN,NaN,NaN,NaN,0,ok,
1770461247532,CPU4+Mem8,autogluon/chronos-bolt-small,off,False,,4,8,256,256,0,2,264.6788126000047,NaN,NaN,NaN,NaN,0,ok,
1770461253004,CPU4+Mem8,autogluon/chronos-bolt-small,off,False,,4,8,256,256,1,2,273.5560165000152,NaN,NaN,NaN,NaN,0,ok,
1770461258556,CPU4+Mem8,autogluon/chronos-bolt-small,off,False,,4,8,256,256,2,2,277.5666823999927,NaN,NaN,NaN,NaN,0,ok,
1770461264023,CPU4+Mem8,autogluon/chronos-bolt-small,off,False,,4,8,256,256,3,2,273.3168572000068,NaN,NaN,NaN,NaN,0,ok,
1770461269514,CPU4+Mem8,autogluon/chronos-bolt-small,off,False,,4,8,256,256,4,2,274.5259763500144,NaN,NaN,NaN,NaN,0,ok,
1770461276253,CPU4+Mem8,autogluon/chronos-bolt-small,off,False,,4,8,384,256,0,2,320.60546265001904,NaN,NaN,NaN,NaN,0,ok,
1770461282850,CPU4+Mem8,autogluon/chronos-bolt-small,off,False,,4,8,384,256,1,2,329.85508864999247,NaN,NaN,NaN,NaN,0,ok,
1770461289402,CPU4+Mem8,autogluon/chronos-bolt-small,off,False,,4,8,384,256,2,2,327.54382684997836,NaN,NaN,NaN,NaN,0,ok,
1770461295853,CPU4+Mem8,autogluon/chronos-bolt-small,off,False,,4,8,384,256,3,2,322.53691199998684,NaN,NaN,NaN,NaN,0,ok,
1770461302358,CPU4+Mem8,autogluon/chronos-bolt-small,off,False,,4,8,384,256,4,2,325.19533145000423,NaN,NaN,NaN,NaN,0,ok,
1770461310422,CPU4+Mem8,autogluon/chronos-bolt-small,off,False,,4,8,512,256,0,2,380.5644254500294,NaN,NaN,NaN,NaN,0,ok,
1770461318084,CPU4+Mem8,autogluon/chronos-bolt-small,off,False,,4,8,512,256,1,2,383.05123979998825,NaN,NaN,NaN,NaN,0,ok,
1770461325750,CPU4+Mem8,autogluon/chronos-bolt-small,off,False,,4,8,512,256,2,2,383.29281639998953,NaN,NaN,NaN,NaN,0,ok,
1770461333411,CPU4+Mem8,autogluon/chronos-bolt-small,off,False,,4,8,512,256,3,2,382.956369249996,NaN,NaN,NaN,NaN,0,ok,
1770461341101,CPU4+Mem8,autogluon/chronos-bolt-small,off,False,,4,8,512,256,4,2,384.5132671000101,NaN,NaN,NaN,NaN,0,ok,
1770461350614,CPU4+Mem8,autogluon/chronos-bolt-small,off,False,,4,8,640,256,0,2,453.38691044998995,NaN,NaN,NaN,NaN,0,ok,
1770461359703,CPU4+Mem8,autogluon/chronos-bolt-small,off,False,,4,8,640,256,1,2,454.44068325000444,NaN,NaN,NaN,NaN,0,ok,
1770461368999,CPU4+Mem8,autogluon/chronos-bolt-small,off,False,,4,8,640,256,2,2,464.73447500002294,NaN,NaN,NaN,NaN,0,ok,
1770461378174,CPU4+Mem8,autogluon/chronos-bolt-small,off,False,,4,8,640,256,3,2,458.7161212999945,NaN,NaN,NaN,NaN,0,ok,
1770461387271,CPU4+Mem8,autogluon/chronos-bolt-small,off,False,,4,8,640,256,4,2,454.8391820999768,NaN,NaN,NaN,NaN,0,ok,
1770461398377,CPU4+Mem8,autogluon/chronos-bolt-small,off,False,,4,8,768,256,0,2,528.9736047999668,NaN,NaN,NaN,NaN,0,ok,
1770461409047,CPU4+Mem8,autogluon/chronos-bolt-small,off,False,,4,8,768,256,1,2,533.430971100006,NaN,NaN,NaN,NaN,0,ok,
1770461419547,CPU4+Mem8,autogluon/chronos-bolt-small,off,False,,4,8,768,256,2,2,524.9771622000026,NaN,NaN,NaN,NaN,0,ok,
1770461430051,CPU4+Mem8,autogluon/chronos-bolt-small,off,False,,4,8,768,256,3,2,525.1671979000093,NaN,NaN,NaN,NaN,0,ok,
1770461440659,CPU4+Mem8,autogluon/chronos-bolt-small,off,False,,4,8,768,256,4,2,530.3590238000197,NaN,NaN,NaN,NaN,0,ok,
1770461453460,CPU4+Mem8,autogluon/chronos-bolt-small,off,False,,4,8,896,256,0,2,609.2931119000241,NaN,NaN,NaN,NaN,0,ok,
1770461465553,CPU4+Mem8,autogluon/chronos-bolt-small,off,False,,4,8,896,256,1,2,604.5911604500361,NaN,NaN,NaN,NaN,0,ok,
1770461477870,CPU4+Mem8,autogluon/chronos-bolt-small,off,False,,4,8,896,256,2,2,615.830583099978,NaN,NaN,NaN,NaN,0,ok,
1770461490088,CPU4+Mem8,autogluon/chronos-bolt-small,off,False,,4,8,896,256,3,2,610.8597574499981,NaN,NaN,NaN,NaN,0,ok,
1770461502345,CPU4+Mem8,autogluon/chronos-bolt-small,off,False,,4,8,896,256,4,2,612.7959584000109,NaN,NaN,NaN,NaN,0,ok,
1770461516504,CPU4+Mem8,autogluon/chronos-bolt-small,off,False,,4,8,1024,256,0,2,670.9847978499965,NaN,NaN,NaN,NaN,0,ok,
1770461529823,CPU4+Mem8,autogluon/chronos-bolt-small,off,False,,4,8,1024,256,1,2,665.8860685499803,NaN,NaN,NaN,NaN,0,ok,
1770461543195,CPU4+Mem8,autogluon/chronos-bolt-small,off,False,,4,8,1024,256,2,2,668.5961826000039,NaN,NaN,NaN,NaN,0,ok,
1770461556584,CPU4+Mem8,autogluon/chronos-bolt-small,off,False,,4,8,1024,256,3,2,669.3992034499843,NaN,NaN,NaN,NaN,0,ok,
1770461569796,CPU4+Mem8,autogluon/chronos-bolt-small,off,False,,4,8,1024,256,4,2,660.5576832499992,NaN,NaN,NaN,NaN,0,ok,
1770461585758,CPU4+Mem8,autogluon/chronos-bolt-small,off,False,,4,8,1152,256,0,2,756.6474604000177,NaN,NaN,NaN,NaN,0,ok,
1770461600363,CPU4+Mem8,autogluon/chronos-bolt-small,off,False,,4,8,1152,256,1,2,730.2030591499715,NaN,NaN,NaN,NaN,0,ok,
1770461614839,CPU4+Mem8,autogluon/chronos-bolt-small,off,False,,4,8,1152,256,2,2,723.777064549995,NaN,NaN,NaN,NaN,0,ok,
1770461629217,CPU4+Mem8,autogluon/chronos-bolt-small,off,False,,4,8,1152,256,3,2,718.8311601999885,NaN,NaN,NaN,NaN,0,ok,
1770461643886,CPU4+Mem8,autogluon/chronos-bolt-small,off,False,,4,8,1152,256,4,2,733.4305981999933,NaN,NaN,NaN,NaN,0,ok,
1770461660474,CPU4+Mem8,autogluon/chronos-bolt-small,off,False,,4,8,1280,256,0,2,788.8546497500101,NaN,NaN,NaN,NaN,0,ok,
1770461676387,CPU4+Mem8,autogluon/chronos-bolt-small,off,False,,4,8,1280,256,1,2,795.599939549993,NaN,NaN,NaN,NaN,0,ok,
1770461692166,CPU4+Mem8,autogluon/chronos-bolt-small,off,False,,4,8,1280,256,2,2,788.8999037000303,NaN,NaN,NaN,NaN,0,ok,
1770461707719,CPU4+Mem8,autogluon/chronos-bolt-small,off,False,,4,8,1280,256,3,2,777.6256816499881,NaN,NaN,NaN,NaN,0,ok,
1770461723489,CPU4+Mem8,autogluon/chronos-bolt-small,off,False,,4,8,1280,256,4,2,788.46838354998,NaN,NaN,NaN,NaN,0,ok,
1770461741195,CPU4+Mem8,autogluon/chronos-bolt-small,off,False,,4,8,1408,256,0,2,842.2888005999994,NaN,NaN,NaN,NaN,0,ok,
1770461757984,CPU4+Mem8,autogluon/chronos-bolt-small,off,False,,4,8,1408,256,1,2,839.4329795999965,NaN,NaN,NaN,NaN,0,ok,
1770461774926,CPU4+Mem8,autogluon/chronos-bolt-small,off,False,,4,8,1408,256,2,2,847.0258075499714,NaN,NaN,NaN,NaN,0,ok,
1770461791580,CPU4+Mem8,autogluon/chronos-bolt-small,off,False,,4,8,1408,256,3,2,832.679388050019,NaN,NaN,NaN,NaN,0,ok,
1770461808470,CPU4+Mem8,autogluon/chronos-bolt-small,off,False,,4,8,1408,256,4,2,844.4451017999654,NaN,NaN,NaN,NaN,0,ok,
1770461827386,CPU4+Mem8,autogluon/chronos-bolt-small,off,False,,4,8,1536,256,0,2,900.492146500028,NaN,NaN,NaN,NaN,0,ok,
1770461845385,CPU4+Mem8,autogluon/chronos-bolt-small,off,False,,4,8,1536,256,1,2,899.9096954500146,NaN,NaN,NaN,NaN,0,ok,
1770461863115,CPU4+Mem8,autogluon/chronos-bolt-small,off,False,,4,8,1536,256,2,2,886.4591599500272,NaN,NaN,NaN,NaN,0,ok,
1770461881190,CPU4+Mem8,autogluon/chronos-bolt-small,off,False,,4,8,1536,256,3,2,903.7257687500187,NaN,NaN,NaN,NaN,0,ok,
1770461899026,CPU4+Mem8,autogluon/chronos-bolt-small,off,False,,4,8,1536,256,4,2,891.6901937000148,NaN,NaN,NaN,NaN,0,ok,
1770461919231,CPU4+Mem8,autogluon/chronos-bolt-small,off,False,,4,8,1664,256,0,2,960.6741173499813,NaN,NaN,NaN,NaN,0,ok,
1770461938688,CPU4+Mem8,autogluon/chronos-bolt-small,off,False,,4,8,1664,256,1,2,972.7589874999921,NaN,NaN,NaN,NaN,0,ok,
1770461958281,CPU4+Mem8,autogluon/chronos-bolt-small,off,False,,4,8,1664,256,2,2,979.6318368999891,NaN,NaN,NaN,NaN,0,ok,
1770461977691,CPU4+Mem8,autogluon/chronos-bolt-small,off,False,,4,8,1664,256,3,2,970.415471699971,NaN,NaN,NaN,NaN,0,ok,
1770461997163,CPU4+Mem8,autogluon/chronos-bolt-small,off,False,,4,8,1664,256,4,2,973.5868668999956,NaN,NaN,NaN,NaN,0,ok,
1770462018860,CPU4+Mem8,autogluon/chronos-bolt-small,off,False,,4,8,1792,256,0,2,1031.397607300005,NaN,NaN,NaN,NaN,0,ok,
1770462039561,CPU4+Mem8,autogluon/chronos-bolt-small,off,False,,4,8,1792,256,1,2,1035.0299395000093,NaN,NaN,NaN,NaN,0,ok,
1770462060210,CPU4+Mem8,autogluon/chronos-bolt-small,off,False,,4,8,1792,256,2,2,1032.3772999000084,NaN,NaN,NaN,NaN,0,ok,
1770462080750,CPU4+Mem8,autogluon/chronos-bolt-small,off,False,,4,8,1792,256,3,2,1026.9439036999756,NaN,NaN,NaN,NaN,0,ok,
1770462101566,CPU4+Mem8,autogluon/chronos-bolt-small,off,False,,4,8,1792,256,4,2,1040.7554318499933,NaN,NaN,NaN,NaN,0,ok,
1770462121977,CPU4+Mem8,autogluon/chronos-bolt-small,off,False,,4,8,1920,256,0,2,968.9685672500218,NaN,NaN,NaN,NaN,0,ok,
1770462141634,CPU4+Mem8,autogluon/chronos-bolt-small,off,False,,4,8,1920,256,1,2,982.8098731500177,NaN,NaN,NaN,NaN,0,ok,
1770462160792,CPU4+Mem8,autogluon/chronos-bolt-small,off,False,,4,8,1920,256,2,2,957.8704859000027,NaN,NaN,NaN,NaN,0,ok,
1770462180108,CPU4+Mem8,autogluon/chronos-bolt-small,off,False,,4,8,1920,256,3,2,965.7276292999995,NaN,NaN,NaN,NaN,0,ok,
1770462199462,CPU4+Mem8,autogluon/chronos-bolt-small,off,False,,4,8,1920,256,4,2,967.6362588500069,NaN,NaN,NaN,NaN,0,ok,
1770462218778,CPU4+Mem8,autogluon/chronos-bolt-small,off,False,,4,8,2048,256,0,2,920.3156452000258,NaN,NaN,NaN,NaN,0,ok,
1770462236930,CPU4+Mem8,autogluon/chronos-bolt-small,off,False,,4,8,2048,256,1,2,907.5644031999673,NaN,NaN,NaN,NaN,0,ok,
1770462255395,CPU4+Mem8,autogluon/chronos-bolt-small,off,False,,4,8,2048,256,2,2,923.1716939500075,NaN,NaN,NaN,NaN,0,ok,
1770462273689,CPU4+Mem8,autogluon/chronos-bolt-small,off,False,,4,8,2048,256,3,2,914.6525369999836,NaN,NaN,NaN,NaN,0,ok,
1770462291884,CPU4+Mem8,autogluon/chronos-bolt-small,off,False,,4,8,2048,256,4,2,909.7120855000412,NaN,NaN,NaN,NaN,0,ok,
1770462307718,CPU3+Mem6,autogluon/chronos-bolt-small,off,False,,3,6,128,256,0,2,289.4163194000157,NaN,NaN,NaN,NaN,0,ok,
1770462313640,CPU3+Mem6,autogluon/chronos-bolt-small,off,False,,3,6,128,256,1,2,296.0364389499773,NaN,NaN,NaN,NaN,0,ok,
1770462319567,CPU3+Mem6,autogluon/chronos-bolt-small,off,False,,3,6,128,256,2,2,296.3123382499816,NaN,NaN,NaN,NaN,0,ok,
1770462325734,CPU3+Mem6,autogluon/chronos-bolt-small,off,False,,3,6,128,256,3,2,308.3278593000159,NaN,NaN,NaN,NaN,0,ok,
1770462331936,CPU3+Mem6,autogluon/chronos-bolt-small,off,False,,3,6,128,256,4,2,310.0754573999893,NaN,NaN,NaN,NaN,0,ok,
1770462339558,CPU3+Mem6,autogluon/chronos-bolt-small,off,False,,3,6,256,256,0,2,363.71364674996585,NaN,NaN,NaN,NaN,0,ok,
1770462346814,CPU3+Mem6,autogluon/chronos-bolt-small,off,False,,3,6,256,256,1,2,362.7724532999764,NaN,NaN,NaN,NaN,0,ok,
1770462354330,CPU3+Mem6,autogluon/chronos-bolt-small,off,False,,3,6,256,256,2,2,375.7840764499633,NaN,NaN,NaN,NaN,0,ok,
1770462361878,CPU3+Mem6,autogluon/chronos-bolt-small,off,False,,3,6,256,256,3,2,377.3449855000308,NaN,NaN,NaN,NaN,0,ok,
1770462369252,CPU3+Mem6,autogluon/chronos-bolt-small,off,False,,3,6,256,256,4,2,368.6521924000317,NaN,NaN,NaN,NaN,0,ok,
1770462378219,CPU3+Mem6,autogluon/chronos-bolt-small,off,False,,3,6,384,256,0,2,427.0590145999904,NaN,NaN,NaN,NaN,0,ok,
1770462386639,CPU3+Mem6,autogluon/chronos-bolt-small,off,False,,3,6,384,256,1,2,420.96458354999413,NaN,NaN,NaN,NaN,0,ok,
1770462395269,CPU3+Mem6,autogluon/chronos-bolt-small,off,False,,3,6,384,256,2,2,431.46448180000334,NaN,NaN,NaN,NaN,0,ok,
1770462403935,CPU3+Mem6,autogluon/chronos-bolt-small,off,False,,3,6,384,256,3,2,433.2538916500198,NaN,NaN,NaN,NaN,0,ok,
1770462412567,CPU3+Mem6,autogluon/chronos-bolt-small,off,False,,3,6,384,256,4,2,431.57186449998335,NaN,NaN,NaN,NaN,0,ok,
1770462423320,CPU3+Mem6,autogluon/chronos-bolt-small,off,False,,3,6,512,256,0,2,511.87215889999607,NaN,NaN,NaN,NaN,0,ok,
1770462433473,CPU3+Mem6,autogluon/chronos-bolt-small,off,False,,3,6,512,256,1,2,507.6438822500222,NaN,NaN,NaN,NaN,0,ok,
1770462443773,CPU3+Mem6,autogluon/chronos-bolt-small,off,False,,3,6,512,256,2,2,514.9640425000143,NaN,NaN,NaN,NaN,0,ok,
1770462453925,CPU3+Mem6,autogluon/chronos-bolt-small,off,False,,3,6,512,256,3,2,507.5375311999778,NaN,NaN,NaN,NaN,0,ok,
1770462464127,CPU3+Mem6,autogluon/chronos-bolt-small,off,False,,3,6,512,256,4,2,510.08273504999124,NaN,NaN,NaN,NaN,0,ok,
1770462477075,CPU3+Mem6,autogluon/chronos-bolt-small,off,False,,3,6,640,256,0,2,616.5511527500257,NaN,NaN,NaN,NaN,0,ok,
1770462489464,CPU3+Mem6,autogluon/chronos-bolt-small,off,False,,3,6,640,256,1,2,619.3806714999937,NaN,NaN,NaN,NaN,0,ok,
1770462501632,CPU3+Mem6,autogluon/chronos-bolt-small,off,False,,3,6,640,256,2,2,608.3367683999768,NaN,NaN,NaN,NaN,0,ok,
1770462514145,CPU3+Mem6,autogluon/chronos-bolt-small,off,False,,3,6,640,256,3,2,625.6586694000362,NaN,NaN,NaN,NaN,0,ok,
1770462526620,CPU3+Mem6,autogluon/chronos-bolt-small,off,False,,3,6,640,256,4,2,623.6909181499868,NaN,NaN,NaN,NaN,0,ok,
1770462541723,CPU3+Mem6,autogluon/chronos-bolt-small,off,False,,3,6,768,256,0,2,719.4568273499954,NaN,NaN,NaN,NaN,0,ok,
1770462556142,CPU3+Mem6,autogluon/chronos-bolt-small,off,False,,3,6,768,256,1,2,720.9065282499978,NaN,NaN,NaN,NaN,0,ok,
1770462570568,CPU3+Mem6,autogluon/chronos-bolt-small,off,False,,3,6,768,256,2,2,721.2462783499632,NaN,NaN,NaN,NaN,0,ok,
1770462585072,CPU3+Mem6,autogluon/chronos-bolt-small,off,False,,3,6,768,256,3,2,725.1328614499926,NaN,NaN,NaN,NaN,0,ok,
1770462599336,CPU3+Mem6,autogluon/chronos-bolt-small,off,False,,3,6,768,256,4,2,713.147472899982,NaN,NaN,NaN,NaN,0,ok,
1770462616067,CPU3+Mem6,autogluon/chronos-bolt-small,off,False,,3,6,896,256,0,2,795.294868000019,NaN,NaN,NaN,NaN,0,ok,
1770462632469,CPU3+Mem6,autogluon/chronos-bolt-small,off,False,,3,6,896,256,1,2,820.0504154999635,NaN,NaN,NaN,NaN,0,ok,
1770462648861,CPU3+Mem6,autogluon/chronos-bolt-small,off,False,,3,6,896,256,2,2,819.5566404000147,NaN,NaN,NaN,NaN,0,ok,
1770462665264,CPU3+Mem6,autogluon/chronos-bolt-small,off,False,,3,6,896,256,3,2,820.1234354000007,NaN,NaN,NaN,NaN,0,ok,
1770462681838,CPU3+Mem6,autogluon/chronos-bolt-small,off,False,,3,6,896,256,4,2,828.6529033000079,NaN,NaN,NaN,NaN,0,ok,
1770462700465,CPU3+Mem6,autogluon/chronos-bolt-small,off,False,,3,6,1024,256,0,2,884.8305429500215,NaN,NaN,NaN,NaN,0,ok,
1770462718861,CPU3+Mem6,autogluon/chronos-bolt-small,off,False,,3,6,1024,256,1,2,919.7758083500048,NaN,NaN,NaN,NaN,0,ok,
1770462736783,CPU3+Mem6,autogluon/chronos-bolt-small,off,False,,3,6,1024,256,2,2,895.9929755000303,NaN,NaN,NaN,NaN,0,ok,
1770462754489,CPU3+Mem6,autogluon/chronos-bolt-small,off,False,,3,6,1024,256,3,2,885.2772903500409,NaN,NaN,NaN,NaN,0,ok,
1770462772226,CPU3+Mem6,autogluon/chronos-bolt-small,off,False,,3,6,1024,256,4,2,885.6161824500305,NaN,NaN,NaN,NaN,0,ok,
1770462791942,CPU3+Mem6,autogluon/chronos-bolt-small,off,False,,3,6,1152,256,0,2,934.5783464000306,NaN,NaN,NaN,NaN,0,ok,
1770462810822,CPU3+Mem6,autogluon/chronos-bolt-small,off,False,,3,6,1152,256,1,2,943.9809799999693,NaN,NaN,NaN,NaN,0,ok,
1770462829532,CPU3+Mem6,autogluon/chronos-bolt-small,off,False,,3,6,1152,256,2,2,935.4399767499672,NaN,NaN,NaN,NaN,0,ok,
1770462848587,CPU3+Mem6,autogluon/chronos-bolt-small,off,False,,3,6,1152,256,3,2,952.6830037999844,NaN,NaN,NaN,NaN,0,ok,
1770462867384,CPU3+Mem6,autogluon/chronos-bolt-small,off,False,,3,6,1152,256,4,2,939.7958048500186,NaN,NaN,NaN,NaN,0,ok,
1770462889421,CPU3+Mem6,autogluon/chronos-bolt-small,off,False,,3,6,1280,256,0,2,1048.5119695500089,NaN,NaN,NaN,NaN,0,ok,
1770462910030,CPU3+Mem6,autogluon/chronos-bolt-small,off,False,,3,6,1280,256,1,2,1030.3555570999833,NaN,NaN,NaN,NaN,0,ok,
1770462931365,CPU3+Mem6,autogluon/chronos-bolt-small,off,False,,3,6,1280,256,2,2,1066.7308676499943,NaN,NaN,NaN,NaN,0,ok,
1770462951981,CPU3+Mem6,autogluon/chronos-bolt-small,off,False,,3,6,1280,256,3,2,1030.7082284999979,NaN,NaN,NaN,NaN,0,ok,
1770462972721,CPU3+Mem6,autogluon/chronos-bolt-small,off,False,,3,6,1280,256,4,2,1036.989744399989,NaN,NaN,NaN,NaN,0,ok,
1770462995555,CPU3+Mem6,autogluon/chronos-bolt-small,off,False,,3,6,1408,256,0,2,1084.4253877000028,NaN,NaN,NaN,NaN,0,ok,
1770463017525,CPU3+Mem6,autogluon/chronos-bolt-small,off,False,,3,6,1408,256,1,2,1098.4687244500037,NaN,NaN,NaN,NaN,0,ok,
1770463039248,CPU3+Mem6,autogluon/chronos-bolt-small,off,False,,3,6,1408,256,2,2,1086.0913124000035,NaN,NaN,NaN,NaN,0,ok,
1770463060762,CPU3+Mem6,autogluon/chronos-bolt-small,off,False,,3,6,1408,256,3,2,1075.6267678499626,NaN,NaN,NaN,NaN,0,ok,
1770463082567,CPU3+Mem6,autogluon/chronos-bolt-small,off,False,,3,6,1408,256,4,2,1090.2226165499997,NaN,NaN,NaN,NaN,0,ok,
1770463107726,CPU3+Mem6,autogluon/chronos-bolt-small,off,False,,3,6,1536,256,0,2,1197.487166799965,NaN,NaN,NaN,NaN,0,ok,
1770463131944,CPU3+Mem6,autogluon/chronos-bolt-small,off,False,,3,6,1536,256,1,2,1210.849043600001,NaN,NaN,NaN,NaN,0,ok,
1770463156023,CPU3+Mem6,autogluon/chronos-bolt-small,off,False,,3,6,1536,256,2,2,1203.879862650001,NaN,NaN,NaN,NaN,0,ok,
1770463180276,CPU3+Mem6,autogluon/chronos-bolt-small,off,False,,3,6,1536,256,3,2,1212.583093100011,NaN,NaN,NaN,NaN,0,ok,
1770463204328,CPU3+Mem6,autogluon/chronos-bolt-small,off,False,,3,6,1536,256,4,2,1202.5731871000062,NaN,NaN,NaN,NaN,0,ok,
1770463231367,CPU3+Mem6,autogluon/chronos-bolt-small,off,False,,3,6,1664,256,0,2,1286.8737436499941,NaN,NaN,NaN,NaN,0,ok,
1770463257166,CPU3+Mem6,autogluon/chronos-bolt-small,off,False,,3,6,1664,256,1,2,1289.8705060500106,NaN,NaN,NaN,NaN,0,ok,
1770463282951,CPU3+Mem6,autogluon/chronos-bolt-small,off,False,,3,6,1664,256,2,2,1289.1653735500313,NaN,NaN,NaN,NaN,0,ok,
1770463309057,CPU3+Mem6,autogluon/chronos-bolt-small,off,False,,3,6,1664,256,3,2,1305.2728544000274,NaN,NaN,NaN,NaN,0,ok,
1770463335067,CPU3+Mem6,autogluon/chronos-bolt-small,off,False,,3,6,1664,256,4,2,1300.4145160999997,NaN,NaN,NaN,NaN,0,ok,
1770463363680,CPU3+Mem6,autogluon/chronos-bolt-small,off,False,,3,6,1792,256,0,2,1362.388152550011,NaN,NaN,NaN,NaN,0,ok,
1770463390854,CPU3+Mem6,autogluon/chronos-bolt-small,off,False,,3,6,1792,256,1,2,1358.6241990500184,NaN,NaN,NaN,NaN,0,ok,
1770463417934,CPU3+Mem6,autogluon/chronos-bolt-small,off,False,,3,6,1792,256,2,2,1353.9248982000117,NaN,NaN,NaN,NaN,0,ok,
1770463445244,CPU3+Mem6,autogluon/chronos-bolt-small,off,False,,3,6,1792,256,3,2,1365.4340040499847,NaN,NaN,NaN,NaN,0,ok,
1770463472665,CPU3+Mem6,autogluon/chronos-bolt-small,off,False,,3,6,1792,256,4,2,1370.9764451999945,NaN,NaN,NaN,NaN,0,ok,
1770463499344,CPU3+Mem6,autogluon/chronos-bolt-small,off,False,,3,6,1920,256,0,2,1269.932917899996,NaN,NaN,NaN,NaN,0,ok,
1770463524885,CPU3+Mem6,autogluon/chronos-bolt-small,off,False,,3,6,1920,256,1,2,1276.987546500004,NaN,NaN,NaN,NaN,0,ok,
1770463550248,CPU3+Mem6,autogluon/chronos-bolt-small,off,False,,3,6,1920,256,2,2,1268.0771654000182,NaN,NaN,NaN,NaN,0,ok,
1770463575785,CPU3+Mem6,autogluon/chronos-bolt-small,off,False,,3,6,1920,256,3,2,1276.8230049000067,NaN,NaN,NaN,NaN,0,ok,
1770463600976,CPU3+Mem6,autogluon/chronos-bolt-small,off,False,,3,6,1920,256,4,2,1259.4770418500048,NaN,NaN,NaN,NaN,0,ok,
1770463626422,CPU3+Mem6,autogluon/chronos-bolt-small,off,False,,3,6,2048,256,0,2,1210.4062353500012,NaN,NaN,NaN,NaN,0,ok,
1770463650316,CPU3+Mem6,autogluon/chronos-bolt-small,off,False,,3,6,2048,256,1,2,1194.5979568999974,NaN,NaN,NaN,NaN,0,ok,
1770463674448,CPU3+Mem6,autogluon/chronos-bolt-small,off,False,,3,6,2048,256,2,2,1206.5371730000152,NaN,NaN,NaN,NaN,0,ok,
1770463698568,CPU3+Mem6,autogluon/chronos-bolt-small,off,False,,3,6,2048,256,3,2,1205.9838524000043,NaN,NaN,NaN,NaN,0,ok,
1770463722355,CPU3+Mem6,autogluon/chronos-bolt-small,off,False,,3,6,2048,256,4,2,1189.248546350018,NaN,NaN,NaN,NaN,0,ok,
1770463742551,CPU2+Mem4,autogluon/chronos-bolt-small,off,False,,2,4,128,256,0,2,456.58268594997935,NaN,NaN,NaN,NaN,0,ok,
1770463751615,CPU2+Mem4,autogluon/chronos-bolt-small,off,False,,2,4,128,256,1,2,453.11730319999697,NaN,NaN,NaN,NaN,0,ok,
1770463760540,CPU2+Mem4,autogluon/chronos-bolt-small,off,False,,2,4,128,256,2,2,446.26404550003826,NaN,NaN,NaN,NaN,0,ok,
1770463769658,CPU2+Mem4,autogluon/chronos-bolt-small,off,False,,2,4,128,256,3,2,455.84333140000126,NaN,NaN,NaN,NaN,0,ok,
1770463778741,CPU2+Mem4,autogluon/chronos-bolt-small,off,False,,2,4,128,256,4,2,454.13857435000864,NaN,NaN,NaN,NaN,0,ok,
1770463790740,CPU2+Mem4,autogluon/chronos-bolt-small,off,False,,2,4,256,256,0,2,570.6813211999815,NaN,NaN,NaN,NaN,0,ok,
1770463802443,CPU2+Mem4,autogluon/chronos-bolt-small,off,False,,2,4,256,256,1,2,585.0908443999742,NaN,NaN,NaN,NaN,0,ok,
1770463813836,CPU2+Mem4,autogluon/chronos-bolt-small,off,False,,2,4,256,256,2,2,569.6675573500215,NaN,NaN,NaN,NaN,0,ok,
1770463825326,CPU2+Mem4,autogluon/chronos-bolt-small,off,False,,2,4,256,256,3,2,574.4784571999844,NaN,NaN,NaN,NaN,0,ok,
1770463837036,CPU2+Mem4,autogluon/chronos-bolt-small,off,False,,2,4,256,256,4,2,585.47418105004,NaN,NaN,NaN,NaN,0,ok,
1770463851422,CPU2+Mem4,autogluon/chronos-bolt-small,off,False,,2,4,384,256,0,2,684.5766665000156,NaN,NaN,NaN,NaN,0,ok,
1770463865042,CPU2+Mem4,autogluon/chronos-bolt-small,off,False,,2,4,384,256,1,2,680.9516562999761,NaN,NaN,NaN,NaN,0,ok,
1770463878648,CPU2+Mem4,autogluon/chronos-bolt-small,off,False,,2,4,384,256,2,2,680.3007468500255,NaN,NaN,NaN,NaN,0,ok,
1770463892155,CPU2+Mem4,autogluon/chronos-bolt-small,off,False,,2,4,384,256,3,2,675.2886734500407,NaN,NaN,NaN,NaN,0,ok,
1770463905436,CPU2+Mem4,autogluon/chronos-bolt-small,off,False,,2,4,384,256,4,2,664.0023113999632,NaN,NaN,NaN,NaN,0,ok,
1770463922243,CPU2+Mem4,autogluon/chronos-bolt-small,off,False,,2,4,512,256,0,2,800.6801716999689,NaN,NaN,NaN,NaN,0,ok,
1770463938037,CPU2+Mem4,autogluon/chronos-bolt-small,off,False,,2,4,512,256,1,2,789.6418590500161,NaN,NaN,NaN,NaN,0,ok,
1770463953742,CPU2+Mem4,autogluon/chronos-bolt-small,off,False,,2,4,512,256,2,2,785.2258801499829,NaN,NaN,NaN,NaN,0,ok,
1770463969947,CPU2+Mem4,autogluon/chronos-bolt-small,off,False,,2,4,512,256,3,2,810.1968090500122,NaN,NaN,NaN,NaN,0,ok,
1770463985348,CPU2+Mem4,autogluon/chronos-bolt-small,off,False,,2,4,512,256,4,2,770.0213041000097,NaN,NaN,NaN,NaN,0,ok,
1770464006140,CPU2+Mem4,autogluon/chronos-bolt-small,off,False,,2,4,640,256,0,2,988.8375973000166,NaN,NaN,NaN,NaN,0,ok,
1770464025246,CPU2+Mem4,autogluon/chronos-bolt-small,off,False,,2,4,640,256,1,2,955.2138909000405,NaN,NaN,NaN,NaN,0,ok,
1770464044065,CPU2+Mem4,autogluon/chronos-bolt-small,off,False,,2,4,640,256,2,2,940.9156579999944,NaN,NaN,NaN,NaN,0,ok,
1770464062932,CPU2+Mem4,autogluon/chronos-bolt-small,off,False,,2,4,640,256,3,2,940.9013091500128,NaN,NaN,NaN,NaN,0,ok,
1770464082116,CPU2+Mem4,autogluon/chronos-bolt-small,off,False,,2,4,640,256,4,2,959.1530991000127,NaN,NaN,NaN,NaN,0,ok,
1770464105052,CPU2+Mem4,autogluon/chronos-bolt-small,off,False,,2,4,768,256,0,2,1090.8214344000044,NaN,NaN,NaN,NaN,0,ok,
1770464127052,CPU2+Mem4,autogluon/chronos-bolt-small,off,False,,2,4,768,256,1,2,1099.9708143000134,NaN,NaN,NaN,NaN,0,ok,
1770464148919,CPU2+Mem4,autogluon/chronos-bolt-small,off,False,,2,4,768,256,2,2,1093.2959140500316,NaN,NaN,NaN,NaN,0,ok,
1770464170744,CPU2+Mem4,autogluon/chronos-bolt-small,off,False,,2,4,768,256,3,2,1091.2297014499927,NaN,NaN,NaN,NaN,0,ok,
1770464192627,CPU2+Mem4,autogluon/chronos-bolt-small,off,False,,2,4,768,256,4,2,1094.0822314999878,NaN,NaN,NaN,NaN,0,ok,
1770464218722,CPU2+Mem4,autogluon/chronos-bolt-small,off,False,,2,4,896,256,0,2,1238.6364391999905,NaN,NaN,NaN,NaN,0,ok,
1770464244048,CPU2+Mem4,autogluon/chronos-bolt-small,off,False,,2,4,896,256,1,2,1266.2453408999681,NaN,NaN,NaN,NaN,0,ok,
1770464269447,CPU2+Mem4,autogluon/chronos-bolt-small,off,False,,2,4,896,256,2,2,1269.918346600025,NaN,NaN,NaN,NaN,0,ok,
1770464294750,CPU2+Mem4,autogluon/chronos-bolt-small,off,False,,2,4,896,256,3,2,1265.0435296999603,NaN,NaN,NaN,NaN,0,ok,
1770464320337,CPU2+Mem4,autogluon/chronos-bolt-small,off,False,,2,4,896,256,4,2,1279.3500531000063,NaN,NaN,NaN,NaN,0,ok,
1770464349544,CPU2+Mem4,autogluon/chronos-bolt-small,off,False,,2,4,1024,256,0,2,1389.8789755999587,NaN,NaN,NaN,NaN,0,ok,
1770464376735,CPU2+Mem4,autogluon/chronos-bolt-small,off,False,,2,4,1024,256,1,2,1359.4692582500102,NaN,NaN,NaN,NaN,0,ok,
1770464403931,CPU2+Mem4,autogluon/chronos-bolt-small,off,False,,2,4,1024,256,2,2,1359.7842094000043,NaN,NaN,NaN,NaN,0,ok,
1770464431442,CPU2+Mem4,autogluon/chronos-bolt-small,off,False,,2,4,1024,256,3,2,1375.4472654999972,NaN,NaN,NaN,NaN,0,ok,
1770464458323,CPU2+Mem4,autogluon/chronos-bolt-small,off,False,,2,4,1024,256,4,2,1344.0070525499777,NaN,NaN,NaN,NaN,0,ok,
1770464489163,CPU2+Mem4,autogluon/chronos-bolt-small,off,False,,2,4,1152,256,0,2,1466.3804792500287,NaN,NaN,NaN,NaN,0,ok,
1770464519126,CPU2+Mem4,autogluon/chronos-bolt-small,off,False,,2,4,1152,256,1,2,1498.0678579499909,NaN,NaN,NaN,NaN,0,ok,
1770464548421,CPU2+Mem4,autogluon/chronos-bolt-small,off,False,,2,4,1152,256,2,2,1464.696301649974,NaN,NaN,NaN,NaN,0,ok,
1770464578124,CPU2+Mem4,autogluon/chronos-bolt-small,off,False,,2,4,1152,256,3,2,1485.0911576999806,NaN,NaN,NaN,NaN,0,ok,
1770464607419,CPU2+Mem4,autogluon/chronos-bolt-small,off,False,,2,4,1152,256,4,2,1464.681568449987,NaN,NaN,NaN,NaN,0,ok,
1770464640825,CPU2+Mem4,autogluon/chronos-bolt-small,off,False,,2,4,1280,256,0,2,1589.0936637999857,NaN,NaN,NaN,NaN,0,ok,
1770464672745,CPU2+Mem4,autogluon/chronos-bolt-small,off,False,,2,4,1280,256,1,2,1595.9481321999647,NaN,NaN,NaN,NaN,0,ok,
1770464704413,CPU2+Mem4,autogluon/chronos-bolt-small,off,False,,2,4,1280,256,2,2,1583.3289034500012,NaN,NaN,NaN,NaN,0,ok,
1770464736228,CPU2+Mem4,autogluon/chronos-bolt-small,off,False,,2,4,1280,256,3,2,1590.6759856499775,NaN,NaN,NaN,NaN,0,ok,
1770464768354,CPU2+Mem4,autogluon/chronos-bolt-small,off,False,,2,4,1280,256,4,2,1606.2604560999716,NaN,NaN,NaN,NaN,0,ok,
1770464804120,CPU2+Mem4,autogluon/chronos-bolt-small,off,False,,2,4,1408,256,0,2,1700.1496082500125,NaN,NaN,NaN,NaN,0,ok,
1770464838221,CPU2+Mem4,autogluon/chronos-bolt-small,off,False,,2,4,1408,256,1,2,1704.9980436499936,NaN,NaN,NaN,NaN,0,ok,
1770464872313,CPU2+Mem4,autogluon/chronos-bolt-small,off,False,,2,4,1408,256,2,2,1702.1262200499677,NaN,NaN,NaN,NaN,0,ok,
1770464906621,CPU2+Mem4,autogluon/chronos-bolt-small,off,False,,2,4,1408,256,3,2,1715.356735100022,NaN,NaN,NaN,NaN,0,ok,
1770464940726,CPU2+Mem4,autogluon/chronos-bolt-small,off,False,,2,4,1408,256,4,2,1705.1594014500097,NaN,NaN,NaN,NaN,0,ok,
1770464979540,CPU2+Mem4,autogluon/chronos-bolt-small,off,False,,2,4,1536,256,0,2,1849.5429631000206,NaN,NaN,NaN,NaN,0,ok,
1770465016440,CPU2+Mem4,autogluon/chronos-bolt-small,off,False,,2,4,1536,256,1,2,1844.9209982499724,NaN,NaN,NaN,NaN,0,ok,
1770465053464,CPU2+Mem4,autogluon/chronos-bolt-small,off,False,,2,4,1536,256,2,2,1851.1509882000155,NaN,NaN,NaN,NaN,0,ok,
1770465090521,CPU2+Mem4,autogluon/chronos-bolt-small,off,False,,2,4,1536,256,3,2,1850.3566111500277,NaN,NaN,NaN,NaN,0,ok,
1770465127542,CPU2+Mem4,autogluon/chronos-bolt-small,off,False,,2,4,1536,256,4,2,1850.985285600018,NaN,NaN,NaN,NaN,0,ok,
1770465169226,CPU2+Mem4,autogluon/chronos-bolt-small,off,False,,2,4,1664,256,0,2,1983.195456249996,NaN,NaN,NaN,NaN,0,ok,
1770465208642,CPU2+Mem4,autogluon/chronos-bolt-small,off,False,,2,4,1664,256,1,2,1970.6906309500027,NaN,NaN,NaN,NaN,0,ok,
1770465248434,CPU2+Mem4,autogluon/chronos-bolt-small,off,False,,2,4,1664,256,2,2,1989.4937391499752,NaN,NaN,NaN,NaN,0,ok,
1770465287750,CPU2+Mem4,autogluon/chronos-bolt-small,off,False,,2,4,1664,256,3,2,1965.7547537499795,NaN,NaN,NaN,NaN,0,ok,
1770465327020,CPU2+Mem4,autogluon/chronos-bolt-small,off,False,,2,4,1664,256,4,2,1963.4179700499772,NaN,NaN,NaN,NaN,0,ok,
1770465370533,CPU2+Mem4,autogluon/chronos-bolt-small,off,False,,2,4,1792,256,0,2,2070.8580874500058,NaN,NaN,NaN,NaN,0,ok,
1770465412452,CPU2+Mem4,autogluon/chronos-bolt-small,off,False,,2,4,1792,256,1,2,2095.880904349997,NaN,NaN,NaN,NaN,0,ok,
1770465454246,CPU2+Mem4,autogluon/chronos-bolt-small,off,False,,2,4,1792,256,2,2,2089.6173592500418,NaN,NaN,NaN,NaN,0,ok,
1770465495463,CPU2+Mem4,autogluon/chronos-bolt-small,off,False,,2,4,1792,256,3,2,2060.759357200004,NaN,NaN,NaN,NaN,0,ok,
1770465537033,CPU2+Mem4,autogluon/chronos-bolt-small,off,False,,2,4,1792,256,4,2,2078.4498085999985,NaN,NaN,NaN,NaN,0,ok,
1770465578220,CPU2+Mem4,autogluon/chronos-bolt-small,off,False,,2,4,1920,256,0,2,1953.7361272499766,NaN,NaN,NaN,NaN,0,ok,
1770465617029,CPU2+Mem4,autogluon/chronos-bolt-small,off,False,,2,4,1920,256,1,2,1940.378033199977,NaN,NaN,NaN,NaN,0,ok,
1770465655761,CPU2+Mem4,autogluon/chronos-bolt-small,off,False,,2,4,1920,256,2,2,1936.5258713999538,NaN,NaN,NaN,NaN,0,ok,
1770465694338,CPU2+Mem4,autogluon/chronos-bolt-small,off,False,,2,4,1920,256,3,2,1928.7319701000342,NaN,NaN,NaN,NaN,0,ok,
1770465732917,CPU2+Mem4,autogluon/chronos-bolt-small,off,False,,2,4,1920,256,4,2,1928.896773949964,NaN,NaN,NaN,NaN,0,ok,
1770465772314,CPU2+Mem4,autogluon/chronos-bolt-small,off,False,,2,4,2048,256,0,2,1879.7402377500475,NaN,NaN,NaN,NaN,0,ok,
1770465809351,CPU2+Mem4,autogluon/chronos-bolt-small,off,False,,2,4,2048,256,1,2,1851.7826339000749,NaN,NaN,NaN,NaN,0,ok,
1770465846446,CPU2+Mem4,autogluon/chronos-bolt-small,off,False,,2,4,2048,256,2,2,1854.6475161999297,NaN,NaN,NaN,NaN,0,ok,
1770465883564,CPU2+Mem4,autogluon/chronos-bolt-small,off,False,,2,4,2048,256,3,2,1855.8681820999482,NaN,NaN,NaN,NaN,0,ok,
1770465920617,CPU2+Mem4,autogluon/chronos-bolt-small,off,False,,2,4,2048,256,4,2,1852.6015835500402,NaN,NaN,NaN,NaN,0,ok,
1770465953426,CPU1+Mem2,autogluon/chronos-bolt-small,off,False,,1,2,128,256,0,2,959.9526129999504,NaN,NaN,NaN,NaN,0,ok,
1770465972627,CPU1+Mem2,autogluon/chronos-bolt-small,off,False,,1,2,128,256,1,2,960.0064544500128,NaN,NaN,NaN,NaN,0,ok,
1770465992624,CPU1+Mem2,autogluon/chronos-bolt-small,off,False,,1,2,128,256,2,2,999.8087268500058,NaN,NaN,NaN,NaN,0,ok,
1770466012026,CPU1+Mem2,autogluon/chronos-bolt-small,off,False,,1,2,128,256,3,2,970.0985284000126,NaN,NaN,NaN,NaN,0,ok,
1770466031823,CPU1+Mem2,autogluon/chronos-bolt-small,off,False,,1,2,128,256,4,2,989.8144321500695,NaN,NaN,NaN,NaN,0,ok,
1770466056431,CPU1+Mem2,autogluon/chronos-bolt-small,off,False,,1,2,256,256,0,2,1170.48753174995,NaN,NaN,NaN,NaN,0,ok,
1770466080324,CPU1+Mem2,autogluon/chronos-bolt-small,off,False,,1,2,256,256,1,2,1194.6108879000349,NaN,NaN,NaN,NaN,0,ok,
1770466104414,CPU1+Mem2,autogluon/chronos-bolt-small,off,False,,1,2,256,256,2,2,1204.4837158000519,NaN,NaN,NaN,NaN,0,ok,
1770466127826,CPU1+Mem2,autogluon/chronos-bolt-small,off,False,,1,2,256,256,3,2,1170.5541192000055,NaN,NaN,NaN,NaN,0,ok,
1770466151740,CPU1+Mem2,autogluon/chronos-bolt-small,off,False,,1,2,256,256,4,2,1195.6451794500026,NaN,NaN,NaN,NaN,0,ok,
1770466180424,CPU1+Mem2,autogluon/chronos-bolt-small,off,False,,1,2,384,256,0,2,1360.4543535500852,NaN,NaN,NaN,NaN,0,ok,
1770466208218,CPU1+Mem2,autogluon/chronos-bolt-small,off,False,,1,2,384,256,1,2,1389.6711851500186,NaN,NaN,NaN,NaN,0,ok,
1770466235518,CPU1+Mem2,autogluon/chronos-bolt-small,off,False,,1,2,384,256,2,2,1364.9286316000143,NaN,NaN,NaN,NaN,0,ok,
1770466263627,CPU1+Mem2,autogluon/chronos-bolt-small,off,False,,1,2,384,256,3,2,1405.4118687000482,NaN,NaN,NaN,NaN,0,ok,
1770466290819,CPU1+Mem2,autogluon/chronos-bolt-small,off,False,,1,2,384,256,4,2,1359.5261648500127,NaN,NaN,NaN,NaN,0,ok,
1770466326225,CPU1+Mem2,autogluon/chronos-bolt-small,off,False,,1,2,512,256,0,2,1689.8770855999828,NaN,NaN,NaN,NaN,0,ok,
1770466359820,CPU1+Mem2,autogluon/chronos-bolt-small,off,False,,1,2,512,256,1,2,1679.6766461499828,NaN,NaN,NaN,NaN,0,ok,
1770466393332,CPU1+Mem2,autogluon/chronos-bolt-small,off,False,,1,2,512,256,2,2,1675.565141649986,NaN,NaN,NaN,NaN,0,ok,
1770466426214,CPU1+Mem2,autogluon/chronos-bolt-small,off,False,,1,2,512,256,3,2,1644.0362689500034,NaN,NaN,NaN,NaN,0,ok,
1770466459722,CPU1+Mem2,autogluon/chronos-bolt-small,off,False,,1,2,512,256,4,2,1675.3639804000159,NaN,NaN,NaN,NaN,0,ok,
1770466501326,CPU1+Mem2,autogluon/chronos-bolt-small,off,False,,1,2,640,256,0,2,1984.7328668500268,NaN,NaN,NaN,NaN,0,ok,
1770466541247,CPU1+Mem2,autogluon/chronos-bolt-small,off,False,,1,2,640,256,1,2,1995.9541331500077,NaN,NaN,NaN,NaN,0,ok,
1770466581952,CPU1+Mem2,autogluon/chronos-bolt-small,off,False,,1,2,640,256,2,2,2035.232733400062,NaN,NaN,NaN,NaN,0,ok,
1770466621425,CPU1+Mem2,autogluon/chronos-bolt-small,off,False,,1,2,640,256,3,2,1973.5541931000625,NaN,NaN,NaN,NaN,0,ok,
1770466661316,CPU1+Mem2,autogluon/chronos-bolt-small,off,False,,1,2,640,256,4,2,1994.4827316499868,NaN,NaN,NaN,NaN,0,ok,
1770466711020,CPU1+Mem2,autogluon/chronos-bolt-small,off,False,,1,2,768,256,0,2,2369.644920599967,NaN,NaN,NaN,NaN,0,ok,
1770466757940,CPU1+Mem2,autogluon/chronos-bolt-small,off,False,,1,2,768,256,1,2,2345.9135042500748,NaN,NaN,NaN,NaN,0,ok,
1770466806128,CPU1+Mem2,autogluon/chronos-bolt-small,off,False,,1,2,768,256,2,2,2405.7287054500193,NaN,NaN,NaN,NaN,0,ok,
1770466852335,CPU1+Mem2,autogluon/chronos-bolt-small,off,False,,1,2,768,256,3,2,2310.268848100077,NaN,NaN,NaN,NaN,0,ok,
1770466899539,CPU1+Mem2,autogluon/chronos-bolt-small,off,False,,1,2,768,256,4,2,2360.113236699999,NaN,NaN,NaN,NaN,0,ok,
1770466956916,CPU1+Mem2,autogluon/chronos-bolt-small,off,False,,1,2,896,256,0,2,2733.946329599985,NaN,NaN,NaN,NaN,0,ok,
1770467010819,CPU1+Mem2,autogluon/chronos-bolt-small,off,False,,1,2,896,256,1,2,2695.0965687999997,NaN,NaN,NaN,NaN,0,ok,
1770467065434,CPU1+Mem2,autogluon/chronos-bolt-small,off,False,,1,2,896,256,2,2,2730.6745346500065,NaN,NaN,NaN,NaN,0,ok,
1770467120128,CPU1+Mem2,autogluon/chronos-bolt-small,off,False,,1,2,896,256,3,2,2734.6247475999917,NaN,NaN,NaN,NaN,0,ok,
1770467173730,CPU1+Mem2,autogluon/chronos-bolt-small,off,False,,1,2,896,256,4,2,2680.010048349959,NaN,NaN,NaN,NaN,0,ok,
1770467235461,CPU1+Mem2,autogluon/chronos-bolt-small,off,False,,1,2,1024,256,0,2,2936.8755838499965,NaN,NaN,NaN,NaN,0,ok,
1770467293831,CPU1+Mem2,autogluon/chronos-bolt-small,off,False,,1,2,1024,256,1,2,2918.4311474499737,NaN,NaN,NaN,NaN,0,ok,
1770467353827,CPU1+Mem2,autogluon/chronos-bolt-small,off,False,,1,2,1024,256,2,2,2999.7324884999216,NaN,NaN,NaN,NaN,0,ok,
1770467411639,CPU1+Mem2,autogluon/chronos-bolt-small,off,False,,1,2,1024,256,3,2,2890.499714449925,NaN,NaN,NaN,NaN,0,ok,
1770467472436,CPU1+Mem2,autogluon/chronos-bolt-small,off,False,,1,2,1024,256,4,2,3039.781144549943,NaN,NaN,NaN,NaN,0,ok,
1770467538129,CPU1+Mem2,autogluon/chronos-bolt-small,off,False,,1,2,1152,256,0,2,3109.882485849994,NaN,NaN,NaN,NaN,0,ok,
1770467600719,CPU1+Mem2,autogluon/chronos-bolt-small,off,False,,1,2,1152,256,1,2,3129.4482027499726,NaN,NaN,NaN,NaN,0,ok,
1770467662636,CPU1+Mem2,autogluon/chronos-bolt-small,off,False,,1,2,1152,256,2,2,3095.7617635000133,NaN,NaN,NaN,NaN,0,ok,
1770467725221,CPU1+Mem2,autogluon/chronos-bolt-small,off,False,,1,2,1152,256,3,2,3129.2044266499943,NaN,NaN,NaN,NaN,0,ok,
1770467787723,CPU1+Mem2,autogluon/chronos-bolt-small,off,False,,1,2,1152,256,4,2,3125.0229547499657,NaN,NaN,NaN,NaN,0,ok,
1770467858839,CPU1+Mem2,autogluon/chronos-bolt-small,off,False,,1,2,1280,256,0,2,3385.7409263500813,NaN,NaN,NaN,NaN,0,ok,
1770467926726,CPU1+Mem2,autogluon/chronos-bolt-small,off,False,,1,2,1280,256,1,2,3394.2596024000522,NaN,NaN,NaN,NaN,0,ok,
1770467994922,CPU1+Mem2,autogluon/chronos-bolt-small,off,False,,1,2,1280,256,2,2,3409.7115920500073,NaN,NaN,NaN,NaN,0,ok,
1770468062532,CPU1+Mem2,autogluon/chronos-bolt-small,off,False,,1,2,1280,256,3,2,3380.4402269999628,NaN,NaN,NaN,NaN,0,ok,
1770468130535,CPU1+Mem2,autogluon/chronos-bolt-small,off,False,,1,2,1280,256,4,2,3400.0515999000527,NaN,NaN,NaN,NaN,0,ok,
1770468206122,CPU1+Mem2,autogluon/chronos-bolt-small,off,False,,1,2,1408,256,0,2,3594.839807199969,NaN,NaN,NaN,NaN,0,ok,
1770468279022,CPU1+Mem2,autogluon/chronos-bolt-small,off,False,,1,2,1408,256,1,2,3644.9174600000333,NaN,NaN,NaN,NaN,0,ok,
1770468350823,CPU1+Mem2,autogluon/chronos-bolt-small,off,False,,1,2,1408,256,2,2,3589.9488103499607,NaN,NaN,NaN,NaN,0,ok,
1770468423325,CPU1+Mem2,autogluon/chronos-bolt-small,off,False,,1,2,1408,256,3,2,3625.0380995999876,NaN,NaN,NaN,NaN,0,ok,
1770468496632,CPU1+Mem2,autogluon/chronos-bolt-small,off,False,,1,2,1408,256,4,2,3665.284013099972,NaN,NaN,NaN,NaN,0,ok,
1770468579115,CPU1+Mem2,autogluon/chronos-bolt-small,off,False,,1,2,1536,256,0,2,3924.07395729997,NaN,NaN,NaN,NaN,0,ok,
1770468657341,CPU1+Mem2,autogluon/chronos-bolt-small,off,False,,1,2,1536,256,1,2,3911.2042065500646,NaN,NaN,NaN,NaN,0,ok,
1770468735532,CPU1+Mem2,autogluon/chronos-bolt-small,off,False,,1,2,1536,256,2,2,3909.478365150062,NaN,NaN,NaN,NaN,0,ok,
1770468813537,CPU1+Mem2,autogluon/chronos-bolt-small,off,False,,1,2,1536,256,3,2,3900.144947300032,NaN,NaN,NaN,NaN,0,ok,
1770468890741,CPU1+Mem2,autogluon/chronos-bolt-small,off,False,,1,2,1536,256,4,2,3860.125996650004,NaN,NaN,NaN,NaN,0,ok,
1770468978927,CPU1+Mem2,autogluon/chronos-bolt-small,off,False,,1,2,1664,256,0,2,4200.412686949949,NaN,NaN,NaN,NaN,0,ok,
1770469063535,CPU1+Mem2,autogluon/chronos-bolt-small,off,False,,1,2,1664,256,1,2,4230.339556400031,NaN,NaN,NaN,NaN,0,ok,
1770469146728,CPU1+Mem2,autogluon/chronos-bolt-small,off,False,,1,2,1664,256,2,2,4159.579486599978,NaN,NaN,NaN,NaN,0,ok,
1770469230144,CPU1+Mem2,autogluon/chronos-bolt-small,off,False,,1,2,1664,256,3,2,4170.716556450043,NaN,NaN,NaN,NaN,0,ok,
1770469314033,CPU1+Mem2,autogluon/chronos-bolt-small,off,False,,1,2,1664,256,4,2,4194.32667964993,NaN,NaN,NaN,NaN,0,ok,
1770469407530,CPU1+Mem2,autogluon/chronos-bolt-small,off,False,,1,2,1792,256,0,2,4449.631340150063,NaN,NaN,NaN,NaN,0,ok,
1770469496930,CPU1+Mem2,autogluon/chronos-bolt-small,off,False,,1,2,1792,256,1,2,4469.95791825002,NaN,NaN,NaN,NaN,0,ok,
1770469585441,CPU1+Mem2,autogluon/chronos-bolt-small,off,False,,1,2,1792,256,2,2,4425.455930099997,NaN,NaN,NaN,NaN,0,ok,
1770469674531,CPU1+Mem2,autogluon/chronos-bolt-small,off,False,,1,2,1792,256,3,2,4450.801248549942,NaN,NaN,NaN,NaN,0,ok,
1770469765824,CPU1+Mem2,autogluon/chronos-bolt-small,off,False,,1,2,1792,256,4,2,4564.56960634996,NaN,NaN,NaN,NaN,0,ok,
1770469852629,CPU1+Mem2,autogluon/chronos-bolt-small,off,False,,1,2,1920,256,0,2,4119.7158291999585,NaN,NaN,NaN,NaN,0,ok,
1770469935033,CPU1+Mem2,autogluon/chronos-bolt-small,off,False,,1,2,1920,256,1,2,4120.137634300045,NaN,NaN,NaN,NaN,0,ok,
1770470018025,CPU1+Mem2,autogluon/chronos-bolt-small,off,False,,1,2,1920,256,2,2,4149.515508500008,NaN,NaN,NaN,NaN,0,ok,
1770470100628,CPU1+Mem2,autogluon/chronos-bolt-small,off,False,,1,2,1920,256,3,2,4130.090687499978,NaN,NaN,NaN,NaN,0,ok,
1770470183324,CPU1+Mem2,autogluon/chronos-bolt-small,off,False,,1,2,1920,256,4,2,4134.697861049972,NaN,NaN,NaN,NaN,0,ok,
1770470266720,CPU1+Mem2,autogluon/chronos-bolt-small,off,False,,1,2,2048,256,0,2,3974.7785296000075,NaN,NaN,NaN,NaN,0,ok,
1770470347527,CPU1+Mem2,autogluon/chronos-bolt-small,off,False,,1,2,2048,256,1,2,4040.2257912500318,NaN,NaN,NaN,NaN,0,ok,
1770470426123,CPU1+Mem2,autogluon/chronos-bolt-small,off,False,,1,2,2048,256,2,2,3929.7212580499945,NaN,NaN,NaN,NaN,0,ok,
1770470504520,CPU1+Mem2,autogluon/chronos-bolt-small,off,False,,1,2,2048,256,3,2,3919.781840450014,NaN,NaN,NaN,NaN,0,ok,
1770470583021,CPU1+Mem2,autogluon/chronos-bolt-small,off,False,,1,2,2048,256,4,2,3924.9724138499914,NaN,NaN,NaN,NaN,0,ok,
