timestamp_ms,model_name,cpu_cores,gpu_mode,mem_cap_gb,batch_size,token_len,repeat_idx,warmup,latency_s,avg_power_w,peak_power_w,energy_j,energy_iters,energy_agg_iters,energy_window_j,cold_start_s,status,error
1771659724675,sentence-transformers/all-mpnet-base-v2,1,off,2,1,16,0,1,1.026779518000012,nan,nan,nan,nan,nan,nan,7.579,ok,
1771659725258,sentence-transformers/all-mpnet-base-v2,1,off,2,1,16,1,1,0.5833308350000266,nan,nan,nan,nan,nan,nan,7.579,ok,
1771659725652,sentence-transformers/all-mpnet-base-v2,1,off,2,1,16,0,0,0.39390258299999914,nan,nan,nan,nan,nan,nan,7.579,ok,
1771659726070,sentence-transformers/all-mpnet-base-v2,1,off,2,1,16,1,0,0.41760502300002145,nan,nan,nan,nan,nan,nan,7.579,ok,
1771659726463,sentence-transformers/all-mpnet-base-v2,1,off,2,1,16,2,0,0.3926932879999754,nan,nan,nan,nan,nan,nan,7.579,ok,
1771659726857,sentence-transformers/all-mpnet-base-v2,1,off,2,1,16,3,0,0.39407076200001256,nan,nan,nan,nan,nan,nan,7.579,ok,
1771659727249,sentence-transformers/all-mpnet-base-v2,1,off,2,1,16,4,0,0.3917296829999941,nan,nan,nan,nan,nan,nan,7.579,ok,
1771659727665,sentence-transformers/all-mpnet-base-v2,1,off,2,1,32,0,1,0.41376730700000053,nan,nan,nan,nan,nan,nan,7.579,ok,
1771659728151,sentence-transformers/all-mpnet-base-v2,1,off,2,1,32,1,1,0.48610301599995864,nan,nan,nan,nan,nan,nan,7.579,ok,
1771659728560,sentence-transformers/all-mpnet-base-v2,1,off,2,1,32,0,0,0.40816642499999034,nan,nan,nan,nan,nan,nan,7.579,ok,
1771659728961,sentence-transformers/all-mpnet-base-v2,1,off,2,1,32,1,0,0.40104647800001203,nan,nan,nan,nan,nan,nan,7.579,ok,
1771659729450,sentence-transformers/all-mpnet-base-v2,1,off,2,1,32,2,0,0.48848185000002786,nan,nan,nan,nan,nan,nan,7.579,ok,
1771659729962,sentence-transformers/all-mpnet-base-v2,1,off,2,1,32,3,0,0.5120024719999492,nan,nan,nan,nan,nan,nan,7.579,ok,
1771659730858,sentence-transformers/all-mpnet-base-v2,1,off,2,1,32,4,0,0.8964155110000434,nan,nan,nan,nan,nan,nan,7.579,ok,
1771659731358,sentence-transformers/all-mpnet-base-v2,1,off,2,1,64,0,1,0.49233857999996644,nan,nan,nan,nan,nan,nan,7.579,ok,
1771659731857,sentence-transformers/all-mpnet-base-v2,1,off,2,1,64,1,1,0.49819410599997127,nan,nan,nan,nan,nan,nan,7.579,ok,
1771659732354,sentence-transformers/all-mpnet-base-v2,1,off,2,1,64,0,0,0.49670684000000165,nan,nan,nan,nan,nan,nan,7.579,ok,
1771659732861,sentence-transformers/all-mpnet-base-v2,1,off,2,1,64,1,0,0.5069362639999895,nan,nan,nan,nan,nan,nan,7.579,ok,
1771659733354,sentence-transformers/all-mpnet-base-v2,1,off,2,1,64,2,0,0.49354610099999263,nan,nan,nan,nan,nan,nan,7.579,ok,
1771659733849,sentence-transformers/all-mpnet-base-v2,1,off,2,1,64,3,0,0.4950570789999915,nan,nan,nan,nan,nan,nan,7.579,ok,
1771659734354,sentence-transformers/all-mpnet-base-v2,1,off,2,1,64,4,0,0.5043502240000066,nan,nan,nan,nan,nan,nan,7.579,ok,
1771659734868,sentence-transformers/all-mpnet-base-v2,1,off,2,1,128,0,1,0.49686298299997134,nan,nan,nan,nan,nan,nan,7.579,ok,
1771659735452,sentence-transformers/all-mpnet-base-v2,1,off,2,1,128,1,1,0.5840478029999758,nan,nan,nan,nan,nan,nan,7.579,ok,
1771659736053,sentence-transformers/all-mpnet-base-v2,1,off,2,1,128,0,0,0.6004081710000264,nan,nan,nan,nan,nan,nan,7.579,ok,
1771659736662,sentence-transformers/all-mpnet-base-v2,1,off,2,1,128,1,0,0.6086944080000194,nan,nan,nan,nan,nan,nan,7.579,ok,
1771659737349,sentence-transformers/all-mpnet-base-v2,1,off,2,1,128,2,0,0.6875619560000246,nan,nan,nan,nan,nan,nan,7.579,ok,
1771659737966,sentence-transformers/all-mpnet-base-v2,1,off,2,1,128,3,0,0.6162170169999968,nan,nan,nan,nan,nan,nan,7.579,ok,
1771659738467,sentence-transformers/all-mpnet-base-v2,1,off,2,1,128,4,0,0.5006194270000037,nan,nan,nan,nan,nan,nan,7.579,ok,
1771659739570,sentence-transformers/all-mpnet-base-v2,1,off,2,1,256,0,1,1.045288897999967,nan,nan,nan,nan,nan,nan,7.579,ok,
1771659740467,sentence-transformers/all-mpnet-base-v2,1,off,2,1,256,1,1,0.8968884739999794,nan,nan,nan,nan,nan,nan,7.579,ok,
1771659741466,sentence-transformers/all-mpnet-base-v2,1,off,2,1,256,0,0,0.9987600510000334,nan,nan,nan,nan,nan,nan,7.579,ok,
1771659742450,sentence-transformers/all-mpnet-base-v2,1,off,2,1,256,1,0,0.9834717770000339,nan,nan,nan,nan,nan,nan,7.579,ok,
1771659743362,sentence-transformers/all-mpnet-base-v2,1,off,2,1,256,2,0,0.91188090899999,nan,nan,nan,nan,nan,nan,7.579,ok,
1771659744261,sentence-transformers/all-mpnet-base-v2,1,off,2,1,256,3,0,0.898968453000009,nan,nan,nan,nan,nan,nan,7.579,ok,
1771659745246,sentence-transformers/all-mpnet-base-v2,1,off,2,1,256,4,0,0.9844436820000055,nan,nan,nan,nan,nan,nan,7.579,ok,
1771659747168,sentence-transformers/all-mpnet-base-v2,1,off,2,1,384,0,1,1.7818265219999603,nan,nan,nan,nan,nan,nan,7.579,ok,
1771659748961,sentence-transformers/all-mpnet-base-v2,1,off,2,1,384,1,1,1.792803512999967,nan,nan,nan,nan,nan,nan,7.579,ok,
1771659750956,sentence-transformers/all-mpnet-base-v2,1,off,2,1,384,0,0,1.9944856669999922,nan,nan,nan,nan,nan,nan,7.579,ok,
1771659753457,sentence-transformers/all-mpnet-base-v2,1,off,2,1,384,1,0,2.5011178400000063,nan,nan,nan,nan,nan,nan,7.579,ok,
1771659755450,sentence-transformers/all-mpnet-base-v2,1,off,2,1,384,2,0,1.9927906409999991,nan,nan,nan,nan,nan,nan,7.579,ok,
1771659757165,sentence-transformers/all-mpnet-base-v2,1,off,2,1,384,3,0,1.7148981519999893,nan,nan,nan,nan,nan,nan,7.579,ok,
1771659758955,sentence-transformers/all-mpnet-base-v2,1,off,2,1,384,4,0,1.790019803000007,nan,nan,nan,nan,nan,nan,7.579,ok,
1771659760667,sentence-transformers/all-mpnet-base-v2,1,off,2,1,512,0,1,1.4925934880000113,nan,nan,nan,nan,nan,nan,7.579,ok,
1771659762252,sentence-transformers/all-mpnet-base-v2,1,off,2,1,512,1,1,1.5846026420000499,nan,nan,nan,nan,nan,nan,7.579,ok,
1771659764062,sentence-transformers/all-mpnet-base-v2,1,off,2,1,512,0,0,1.809515312999963,nan,nan,nan,nan,nan,nan,7.579,ok,
1771659765950,sentence-transformers/all-mpnet-base-v2,1,off,2,1,512,1,0,1.888172773000008,nan,nan,nan,nan,nan,nan,7.579,ok,
1771659767657,sentence-transformers/all-mpnet-base-v2,1,off,2,1,512,2,0,1.7067203920000225,nan,nan,nan,nan,nan,nan,7.579,ok,
1771659769363,sentence-transformers/all-mpnet-base-v2,1,off,2,1,512,3,0,1.7059457610000095,nan,nan,nan,nan,nan,nan,7.579,ok,
1771659771361,sentence-transformers/all-mpnet-base-v2,1,off,2,1,512,4,0,1.99719804099999,nan,nan,nan,nan,nan,nan,7.579,ok,
1771659796867,sentence-transformers/all-mpnet-base-v2,1,off,4,1,16,0,1,1.018982144000006,nan,nan,nan,nan,nan,nan,7.500,ok,
1771659797256,sentence-transformers/all-mpnet-base-v2,1,off,4,1,16,1,1,0.3892374010000026,nan,nan,nan,nan,nan,nan,7.500,ok,
1771659797573,sentence-transformers/all-mpnet-base-v2,1,off,4,1,16,0,0,0.3173322080000389,nan,nan,nan,nan,nan,nan,7.500,ok,
1771659797968,sentence-transformers/all-mpnet-base-v2,1,off,4,1,16,1,0,0.39424729899997146,nan,nan,nan,nan,nan,nan,7.500,ok,
1771659798358,sentence-transformers/all-mpnet-base-v2,1,off,4,1,16,2,0,0.39002240000002075,nan,nan,nan,nan,nan,nan,7.500,ok,
1771659798752,sentence-transformers/all-mpnet-base-v2,1,off,4,1,16,3,0,0.3940494089999902,nan,nan,nan,nan,nan,nan,7.500,ok,
1771659799064,sentence-transformers/all-mpnet-base-v2,1,off,4,1,16,4,0,0.311545088999992,nan,nan,nan,nan,nan,nan,7.500,ok,
1771659799459,sentence-transformers/all-mpnet-base-v2,1,off,4,1,32,0,1,0.39317667900002107,nan,nan,nan,nan,nan,nan,7.500,ok,
1771659799949,sentence-transformers/all-mpnet-base-v2,1,off,4,1,32,1,1,0.48977205900001763,nan,nan,nan,nan,nan,nan,7.500,ok,
1771659800355,sentence-transformers/all-mpnet-base-v2,1,off,4,1,32,0,0,0.4057317859999898,nan,nan,nan,nan,nan,nan,7.500,ok,
1771659800757,sentence-transformers/all-mpnet-base-v2,1,off,4,1,32,1,0,0.4019668759999604,nan,nan,nan,nan,nan,nan,7.500,ok,
1771659801157,sentence-transformers/all-mpnet-base-v2,1,off,4,1,32,2,0,0.40019026999999596,nan,nan,nan,nan,nan,nan,7.500,ok,
1771659801559,sentence-transformers/all-mpnet-base-v2,1,off,4,1,32,3,0,0.400980125999979,nan,nan,nan,nan,nan,nan,7.500,ok,
1771659801959,sentence-transformers/all-mpnet-base-v2,1,off,4,1,32,4,0,0.4000156070000003,nan,nan,nan,nan,nan,nan,7.500,ok,
1771659802462,sentence-transformers/all-mpnet-base-v2,1,off,4,1,64,0,1,0.49707560799998873,nan,nan,nan,nan,nan,nan,7.500,ok,
1771659803053,sentence-transformers/all-mpnet-base-v2,1,off,4,1,64,1,1,0.5910031250000429,nan,nan,nan,nan,nan,nan,7.500,ok,
1771659803547,sentence-transformers/all-mpnet-base-v2,1,off,4,1,64,0,0,0.494183143999976,nan,nan,nan,nan,nan,nan,7.500,ok,
1771659804061,sentence-transformers/all-mpnet-base-v2,1,off,4,1,64,1,0,0.5140728289999856,nan,nan,nan,nan,nan,nan,7.500,ok,
1771659804556,sentence-transformers/all-mpnet-base-v2,1,off,4,1,64,2,0,0.4941275499999733,nan,nan,nan,nan,nan,nan,7.500,ok,
1771659805059,sentence-transformers/all-mpnet-base-v2,1,off,4,1,64,3,0,0.5029087819999631,nan,nan,nan,nan,nan,nan,7.500,ok,
1771659805560,sentence-transformers/all-mpnet-base-v2,1,off,4,1,64,4,0,0.5014974860000052,nan,nan,nan,nan,nan,nan,7.500,ok,
1771659806352,sentence-transformers/all-mpnet-base-v2,1,off,4,1,128,0,1,0.7740425030000324,nan,nan,nan,nan,nan,nan,7.500,ok,
1771659807754,sentence-transformers/all-mpnet-base-v2,1,off,4,1,128,1,1,1.4016237160000173,nan,nan,nan,nan,nan,nan,7.500,ok,
1771659808349,sentence-transformers/all-mpnet-base-v2,1,off,4,1,128,0,0,0.5949161170000252,nan,nan,nan,nan,nan,nan,7.500,ok,
1771659808873,sentence-transformers/all-mpnet-base-v2,1,off,4,1,128,1,0,0.5239942489999976,nan,nan,nan,nan,nan,nan,7.500,ok,
1771659809549,sentence-transformers/all-mpnet-base-v2,1,off,4,1,128,2,0,0.6760562200000209,nan,nan,nan,nan,nan,nan,7.500,ok,
1771659810059,sentence-transformers/all-mpnet-base-v2,1,off,4,1,128,3,0,0.5096864600000117,nan,nan,nan,nan,nan,nan,7.500,ok,
1771659810572,sentence-transformers/all-mpnet-base-v2,1,off,4,1,128,4,0,0.5124230870000019,nan,nan,nan,nan,nan,nan,7.500,ok,
1771659811663,sentence-transformers/all-mpnet-base-v2,1,off,4,1,256,0,1,1.0254742619999888,nan,nan,nan,nan,nan,nan,7.500,ok,
1771659812662,sentence-transformers/all-mpnet-base-v2,1,off,4,1,256,1,1,0.9983022500000516,nan,nan,nan,nan,nan,nan,7.500,ok,
1771659813664,sentence-transformers/all-mpnet-base-v2,1,off,4,1,256,0,0,1.0027719199999865,nan,nan,nan,nan,nan,nan,7.500,ok,
1771659814670,sentence-transformers/all-mpnet-base-v2,1,off,4,1,256,1,0,1.0058048249999842,nan,nan,nan,nan,nan,nan,7.500,ok,
1771659815658,sentence-transformers/all-mpnet-base-v2,1,off,4,1,256,2,0,0.987739662000024,nan,nan,nan,nan,nan,nan,7.500,ok,
1771659816651,sentence-transformers/all-mpnet-base-v2,1,off,4,1,256,3,0,0.9927977460000079,nan,nan,nan,nan,nan,nan,7.500,ok,
1771659817658,sentence-transformers/all-mpnet-base-v2,1,off,4,1,256,4,0,1.006511568999997,nan,nan,nan,nan,nan,nan,7.500,ok,
1771659819765,sentence-transformers/all-mpnet-base-v2,1,off,4,1,384,0,1,1.979106908999995,nan,nan,nan,nan,nan,nan,7.500,ok,
1771659821852,sentence-transformers/all-mpnet-base-v2,1,off,4,1,384,1,1,2.0866169970000215,nan,nan,nan,nan,nan,nan,7.500,ok,
1771659823867,sentence-transformers/all-mpnet-base-v2,1,off,4,1,384,0,0,2.015452888000027,nan,nan,nan,nan,nan,nan,7.500,ok,
1771659825975,sentence-transformers/all-mpnet-base-v2,1,off,4,1,384,1,0,2.106956523000008,nan,nan,nan,nan,nan,nan,7.500,ok,
1771659827955,sentence-transformers/all-mpnet-base-v2,1,off,4,1,384,2,0,1.980068607000021,nan,nan,nan,nan,nan,nan,7.500,ok,
1771659830350,sentence-transformers/all-mpnet-base-v2,1,off,4,1,384,3,0,2.3954441820000056,nan,nan,nan,nan,nan,nan,7.500,ok,
1771659832450,sentence-transformers/all-mpnet-base-v2,1,off,4,1,384,4,0,2.0988803139999845,nan,nan,nan,nan,nan,nan,7.500,ok,
1771659834453,sentence-transformers/all-mpnet-base-v2,1,off,4,1,512,0,1,1.7835782770000037,nan,nan,nan,nan,nan,nan,7.500,ok,
1771659836356,sentence-transformers/all-mpnet-base-v2,1,off,4,1,512,1,1,1.9028258640000217,nan,nan,nan,nan,nan,nan,7.500,ok,
1771659838455,sentence-transformers/all-mpnet-base-v2,1,off,4,1,512,0,0,2.0990277699999638,nan,nan,nan,nan,nan,nan,7.500,ok,
1771659840560,sentence-transformers/all-mpnet-base-v2,1,off,4,1,512,1,0,2.104796953999994,nan,nan,nan,nan,nan,nan,7.500,ok,
1771659842669,sentence-transformers/all-mpnet-base-v2,1,off,4,1,512,2,0,2.1092321879999645,nan,nan,nan,nan,nan,nan,7.500,ok,
1771659844762,sentence-transformers/all-mpnet-base-v2,1,off,4,1,512,3,0,2.0925648799999976,nan,nan,nan,nan,nan,nan,7.500,ok,
1771659847067,sentence-transformers/all-mpnet-base-v2,1,off,4,1,512,4,0,2.304117609000002,nan,nan,nan,nan,nan,nan,7.500,ok,
1771659873561,sentence-transformers/all-mpnet-base-v2,1,off,8,1,16,0,1,1.0664773639999794,nan,nan,nan,nan,nan,nan,7.640,ok,
1771659874060,sentence-transformers/all-mpnet-base-v2,1,off,8,1,16,1,1,0.4990135449999116,nan,nan,nan,nan,nan,nan,7.640,ok,
1771659874765,sentence-transformers/all-mpnet-base-v2,1,off,8,1,16,0,0,0.7039986760000829,nan,nan,nan,nan,nan,nan,7.640,ok,
1771659875164,sentence-transformers/all-mpnet-base-v2,1,off,8,1,16,1,0,0.3984999589999916,nan,nan,nan,nan,nan,nan,7.640,ok,
1771659875757,sentence-transformers/all-mpnet-base-v2,1,off,8,1,16,2,0,0.5931796749999876,nan,nan,nan,nan,nan,nan,7.640,ok,
1771659879072,sentence-transformers/all-mpnet-base-v2,1,off,8,1,16,3,0,3.3151281809999773,nan,nan,nan,nan,nan,nan,7.640,ok,
1771659879547,sentence-transformers/all-mpnet-base-v2,1,off,8,1,16,4,0,0.4746089860000211,nan,nan,nan,nan,nan,nan,7.640,ok,
1771659880054,sentence-transformers/all-mpnet-base-v2,1,off,8,1,32,0,1,0.5014846309999257,nan,nan,nan,nan,nan,nan,7.640,ok,
1771659880552,sentence-transformers/all-mpnet-base-v2,1,off,8,1,32,1,1,0.49814714799993,nan,nan,nan,nan,nan,nan,7.640,ok,
1771659880952,sentence-transformers/all-mpnet-base-v2,1,off,8,1,32,0,0,0.40017026800001076,nan,nan,nan,nan,nan,nan,7.640,ok,
1771659881365,sentence-transformers/all-mpnet-base-v2,1,off,8,1,32,1,0,0.4128223010000056,nan,nan,nan,nan,nan,nan,7.640,ok,
1771659881848,sentence-transformers/all-mpnet-base-v2,1,off,8,1,32,2,0,0.4826619660000233,nan,nan,nan,nan,nan,nan,7.640,ok,
1771659882276,sentence-transformers/all-mpnet-base-v2,1,off,8,1,32,3,0,0.4279856099999506,nan,nan,nan,nan,nan,nan,7.640,ok,
1771659882755,sentence-transformers/all-mpnet-base-v2,1,off,8,1,32,4,0,0.47865328400007456,nan,nan,nan,nan,nan,nan,7.640,ok,
1771659883261,sentence-transformers/all-mpnet-base-v2,1,off,8,1,64,0,1,0.5004751150000857,nan,nan,nan,nan,nan,nan,7.640,ok,
1771659883769,sentence-transformers/all-mpnet-base-v2,1,off,8,1,64,1,1,0.5076169959999106,nan,nan,nan,nan,nan,nan,7.640,ok,
1771659884362,sentence-transformers/all-mpnet-base-v2,1,off,8,1,64,0,0,0.5928810520000525,nan,nan,nan,nan,nan,nan,7.640,ok,
1771659884873,sentence-transformers/all-mpnet-base-v2,1,off,8,1,64,1,0,0.5103094920000331,nan,nan,nan,nan,nan,nan,7.640,ok,
1771659885453,sentence-transformers/all-mpnet-base-v2,1,off,8,1,64,2,0,0.5806072059999678,nan,nan,nan,nan,nan,nan,7.640,ok,
1771659885956,sentence-transformers/all-mpnet-base-v2,1,off,8,1,64,3,0,0.5019699010000522,nan,nan,nan,nan,nan,nan,7.640,ok,
1771659886459,sentence-transformers/all-mpnet-base-v2,1,off,8,1,64,4,0,0.5037641500000518,nan,nan,nan,nan,nan,nan,7.640,ok,
1771659886963,sentence-transformers/all-mpnet-base-v2,1,off,8,1,128,0,1,0.48616650999997546,nan,nan,nan,nan,nan,nan,7.640,ok,
1771659887471,sentence-transformers/all-mpnet-base-v2,1,off,8,1,128,1,1,0.5081093899999587,nan,nan,nan,nan,nan,nan,7.640,ok,
1771659887972,sentence-transformers/all-mpnet-base-v2,1,off,8,1,128,0,0,0.5003915810000308,nan,nan,nan,nan,nan,nan,7.640,ok,
1771659888557,sentence-transformers/all-mpnet-base-v2,1,off,8,1,128,1,0,0.585128176000012,nan,nan,nan,nan,nan,nan,7.640,ok,
1771659889063,sentence-transformers/all-mpnet-base-v2,1,off,8,1,128,2,0,0.5057183229999964,nan,nan,nan,nan,nan,nan,7.640,ok,
1771659889655,sentence-transformers/all-mpnet-base-v2,1,off,8,1,128,3,0,0.5924036210000168,nan,nan,nan,nan,nan,nan,7.640,ok,
1771659890165,sentence-transformers/all-mpnet-base-v2,1,off,8,1,128,4,0,0.5092120389999764,nan,nan,nan,nan,nan,nan,7.640,ok,
1771659891152,sentence-transformers/all-mpnet-base-v2,1,off,8,1,256,0,1,0.9186420000000908,nan,nan,nan,nan,nan,nan,7.640,ok,
1771659892261,sentence-transformers/all-mpnet-base-v2,1,off,8,1,256,1,1,1.1087130690000322,nan,nan,nan,nan,nan,nan,7.640,ok,
1771659893272,sentence-transformers/all-mpnet-base-v2,1,off,8,1,256,0,0,1.010968754999908,nan,nan,nan,nan,nan,nan,7.640,ok,
1771659894682,sentence-transformers/all-mpnet-base-v2,1,off,8,1,256,1,0,1.409145652999996,nan,nan,nan,nan,nan,nan,7.640,ok,
1771659897564,sentence-transformers/all-mpnet-base-v2,1,off,8,1,256,2,0,2.881349365999995,nan,nan,nan,nan,nan,nan,7.640,ok,
1771659898656,sentence-transformers/all-mpnet-base-v2,1,off,8,1,256,3,0,1.091269489999945,nan,nan,nan,nan,nan,nan,7.640,ok,
1771659899662,sentence-transformers/all-mpnet-base-v2,1,off,8,1,256,4,0,1.0064123549999522,nan,nan,nan,nan,nan,nan,7.640,ok,
1771659901864,sentence-transformers/all-mpnet-base-v2,1,off,8,1,384,0,1,2.065804524999976,nan,nan,nan,nan,nan,nan,7.640,ok,
1771659903768,sentence-transformers/all-mpnet-base-v2,1,off,8,1,384,1,1,1.903808884,nan,nan,nan,nan,nan,nan,7.640,ok,
1771659905569,sentence-transformers/all-mpnet-base-v2,1,off,8,1,384,0,0,1.800523021999993,nan,nan,nan,nan,nan,nan,7.640,ok,
1771659907372,sentence-transformers/all-mpnet-base-v2,1,off,8,1,384,1,0,1.8029486009999118,nan,nan,nan,nan,nan,nan,7.640,ok,
1771659909250,sentence-transformers/all-mpnet-base-v2,1,off,8,1,384,2,0,1.87769055199999,nan,nan,nan,nan,nan,nan,7.640,ok,
1771659911073,sentence-transformers/all-mpnet-base-v2,1,off,8,1,384,3,0,1.8230302179999853,nan,nan,nan,nan,nan,nan,7.640,ok,
1771659912871,sentence-transformers/all-mpnet-base-v2,1,off,8,1,384,4,0,1.7972389179999482,nan,nan,nan,nan,nan,nan,7.640,ok,
1771659914869,sentence-transformers/all-mpnet-base-v2,1,off,8,1,512,0,1,1.782067733999952,nan,nan,nan,nan,nan,nan,7.640,ok,
1771659917760,sentence-transformers/all-mpnet-base-v2,1,off,8,1,512,1,1,2.8915272720000758,nan,nan,nan,nan,nan,nan,7.640,ok,
1771659919761,sentence-transformers/all-mpnet-base-v2,1,off,8,1,512,0,0,2.000258948999999,nan,nan,nan,nan,nan,nan,7.640,ok,
1771659921853,sentence-transformers/all-mpnet-base-v2,1,off,8,1,512,1,0,2.092107358000021,nan,nan,nan,nan,nan,nan,7.640,ok,
1771659923650,sentence-transformers/all-mpnet-base-v2,1,off,8,1,512,2,0,1.7968323140000848,nan,nan,nan,nan,nan,nan,7.640,ok,
1771659925463,sentence-transformers/all-mpnet-base-v2,1,off,8,1,512,3,0,1.8125276719999874,nan,nan,nan,nan,nan,nan,7.640,ok,
1771659927451,sentence-transformers/all-mpnet-base-v2,1,off,8,1,512,4,0,1.9877340759999242,nan,nan,nan,nan,nan,nan,7.640,ok,
1771659953363,sentence-transformers/all-mpnet-base-v2,1,off,16,1,16,0,1,1.0050588340000104,nan,nan,nan,nan,nan,nan,7.643,ok,
1771659953764,sentence-transformers/all-mpnet-base-v2,1,off,16,1,16,1,1,0.40099010200003704,nan,nan,nan,nan,nan,nan,7.643,ok,
1771659954158,sentence-transformers/all-mpnet-base-v2,1,off,16,1,16,0,0,0.3932330180000463,nan,nan,nan,nan,nan,nan,7.643,ok,
1771659954550,sentence-transformers/all-mpnet-base-v2,1,off,16,1,16,1,0,0.3922389719999728,nan,nan,nan,nan,nan,nan,7.643,ok,
1771659954872,sentence-transformers/all-mpnet-base-v2,1,off,16,1,16,2,0,0.3219708320000336,nan,nan,nan,nan,nan,nan,7.643,ok,
1771659955264,sentence-transformers/all-mpnet-base-v2,1,off,16,1,16,3,0,0.39115745999993123,nan,nan,nan,nan,nan,nan,7.643,ok,
1771659955663,sentence-transformers/all-mpnet-base-v2,1,off,16,1,16,4,0,0.39954317800004446,nan,nan,nan,nan,nan,nan,7.643,ok,
1771659956064,sentence-transformers/all-mpnet-base-v2,1,off,16,1,32,0,1,0.39851427600001443,nan,nan,nan,nan,nan,nan,7.643,ok,
1771659956553,sentence-transformers/all-mpnet-base-v2,1,off,16,1,32,1,1,0.48951350300001195,nan,nan,nan,nan,nan,nan,7.643,ok,
1771659956957,sentence-transformers/all-mpnet-base-v2,1,off,16,1,32,0,0,0.40334157699999196,nan,nan,nan,nan,nan,nan,7.643,ok,
1771659957361,sentence-transformers/all-mpnet-base-v2,1,off,16,1,32,1,0,0.40436400099997627,nan,nan,nan,nan,nan,nan,7.643,ok,
1771659957774,sentence-transformers/all-mpnet-base-v2,1,off,16,1,32,2,0,0.4125005639999699,nan,nan,nan,nan,nan,nan,7.643,ok,
1771659958251,sentence-transformers/all-mpnet-base-v2,1,off,16,1,32,3,0,0.4772268830000712,nan,nan,nan,nan,nan,nan,7.643,ok,
1771659958654,sentence-transformers/all-mpnet-base-v2,1,off,16,1,32,4,0,0.4025340299999698,nan,nan,nan,nan,nan,nan,7.643,ok,
1771659959158,sentence-transformers/all-mpnet-base-v2,1,off,16,1,64,0,1,0.49897977399996307,nan,nan,nan,nan,nan,nan,7.643,ok,
1771659959657,sentence-transformers/all-mpnet-base-v2,1,off,16,1,64,1,1,0.49827780900000107,nan,nan,nan,nan,nan,nan,7.643,ok,
1771659960158,sentence-transformers/all-mpnet-base-v2,1,off,16,1,64,0,0,0.5008363279999912,nan,nan,nan,nan,nan,nan,7.643,ok,
1771659960657,sentence-transformers/all-mpnet-base-v2,1,off,16,1,64,1,0,0.4984480869999288,nan,nan,nan,nan,nan,nan,7.643,ok,
1771659961166,sentence-transformers/all-mpnet-base-v2,1,off,16,1,64,2,0,0.5088453529999697,nan,nan,nan,nan,nan,nan,7.643,ok,
1771659961758,sentence-transformers/all-mpnet-base-v2,1,off,16,1,64,3,0,0.5920176949999814,nan,nan,nan,nan,nan,nan,7.643,ok,
1771659962352,sentence-transformers/all-mpnet-base-v2,1,off,16,1,64,4,0,0.5935377219999509,nan,nan,nan,nan,nan,nan,7.643,ok,
1771659962971,sentence-transformers/all-mpnet-base-v2,1,off,16,1,128,0,1,0.6024960560000636,nan,nan,nan,nan,nan,nan,7.643,ok,
1771659963654,sentence-transformers/all-mpnet-base-v2,1,off,16,1,128,1,1,0.683113202999948,nan,nan,nan,nan,nan,nan,7.643,ok,
1771659964461,sentence-transformers/all-mpnet-base-v2,1,off,16,1,128,0,0,0.8046615770000471,nan,nan,nan,nan,nan,nan,7.643,ok,
1771659965064,sentence-transformers/all-mpnet-base-v2,1,off,16,1,128,1,0,0.6031275799999776,nan,nan,nan,nan,nan,nan,7.643,ok,
1771659965753,sentence-transformers/all-mpnet-base-v2,1,off,16,1,128,2,0,0.6878509980000445,nan,nan,nan,nan,nan,nan,7.643,ok,
1771659968253,sentence-transformers/all-mpnet-base-v2,1,off,16,1,128,3,0,2.5004029899999978,nan,nan,nan,nan,nan,nan,7.643,ok,
1771659968856,sentence-transformers/all-mpnet-base-v2,1,off,16,1,128,4,0,0.6023844589999499,nan,nan,nan,nan,nan,nan,7.643,ok,
1771659970061,sentence-transformers/all-mpnet-base-v2,1,off,16,1,256,0,1,1.1429267639999807,nan,nan,nan,nan,nan,nan,7.643,ok,
1771659971261,sentence-transformers/all-mpnet-base-v2,1,off,16,1,256,1,1,1.1995177139999669,nan,nan,nan,nan,nan,nan,7.643,ok,
1771659972262,sentence-transformers/all-mpnet-base-v2,1,off,16,1,256,0,0,1.00113799199994,nan,nan,nan,nan,nan,nan,7.643,ok,
1771659973456,sentence-transformers/all-mpnet-base-v2,1,off,16,1,256,1,0,1.1940810930000225,nan,nan,nan,nan,nan,nan,7.643,ok,
1771659974564,sentence-transformers/all-mpnet-base-v2,1,off,16,1,256,2,0,1.1071764209999628,nan,nan,nan,nan,nan,nan,7.643,ok,
1771659975560,sentence-transformers/all-mpnet-base-v2,1,off,16,1,256,3,0,0.9963904730000195,nan,nan,nan,nan,nan,nan,7.643,ok,
1771659976564,sentence-transformers/all-mpnet-base-v2,1,off,16,1,256,4,0,1.0032064910000145,nan,nan,nan,nan,nan,nan,7.643,ok,
1771659978657,sentence-transformers/all-mpnet-base-v2,1,off,16,1,384,0,1,1.971128330000056,nan,nan,nan,nan,nan,nan,7.643,ok,
1771659980470,sentence-transformers/all-mpnet-base-v2,1,off,16,1,384,1,1,1.8107946019999872,nan,nan,nan,nan,nan,nan,7.643,ok,
1771659983081,sentence-transformers/all-mpnet-base-v2,1,off,16,1,384,0,0,2.610945001999994,nan,nan,nan,nan,nan,nan,7.643,ok,
1771659986262,sentence-transformers/all-mpnet-base-v2,1,off,16,1,384,1,0,3.1806807609999623,nan,nan,nan,nan,nan,nan,7.643,ok,
1771659988965,sentence-transformers/all-mpnet-base-v2,1,off,16,1,384,2,0,2.702033171000039,nan,nan,nan,nan,nan,nan,7.643,ok,
1771659991668,sentence-transformers/all-mpnet-base-v2,1,off,16,1,384,3,0,2.7031317780000563,nan,nan,nan,nan,nan,nan,7.643,ok,
1771659993566,sentence-transformers/all-mpnet-base-v2,1,off,16,1,384,4,0,1.8974804720000975,nan,nan,nan,nan,nan,nan,7.643,ok,
1771659995555,sentence-transformers/all-mpnet-base-v2,1,off,16,1,512,0,1,1.77562273500007,nan,nan,nan,nan,nan,nan,7.643,ok,
1771659997154,sentence-transformers/all-mpnet-base-v2,1,off,16,1,512,1,1,1.5984824319999689,nan,nan,nan,nan,nan,nan,7.643,ok,
1771659999064,sentence-transformers/all-mpnet-base-v2,1,off,16,1,512,0,0,1.9101991070000395,nan,nan,nan,nan,nan,nan,7.643,ok,
1771660001064,sentence-transformers/all-mpnet-base-v2,1,off,16,1,512,1,0,1.9998898349999763,nan,nan,nan,nan,nan,nan,7.643,ok,
1771660003354,sentence-transformers/all-mpnet-base-v2,1,off,16,1,512,2,0,2.2897602819999747,nan,nan,nan,nan,nan,nan,7.643,ok,
1771660006348,sentence-transformers/all-mpnet-base-v2,1,off,16,1,512,3,0,2.993477803000019,nan,nan,nan,nan,nan,nan,7.643,ok,
1771660008363,sentence-transformers/all-mpnet-base-v2,1,off,16,1,512,4,0,2.014562060000003,nan,nan,nan,nan,nan,nan,7.643,ok,
1771660032362,sentence-transformers/all-mpnet-base-v2,2,off,2,1,16,0,1,0.45248373899994476,nan,nan,nan,nan,nan,nan,7.031,ok,
1771660032564,sentence-transformers/all-mpnet-base-v2,2,off,2,1,16,1,1,0.20161191299996517,nan,nan,nan,nan,nan,nan,7.031,ok,
1771660032764,sentence-transformers/all-mpnet-base-v2,2,off,2,1,16,0,0,0.19980344800001149,nan,nan,nan,nan,nan,nan,7.031,ok,
1771660032950,sentence-transformers/all-mpnet-base-v2,2,off,2,1,16,1,0,0.18606130000000576,nan,nan,nan,nan,nan,nan,7.031,ok,
1771660033146,sentence-transformers/all-mpnet-base-v2,2,off,2,1,16,2,0,0.19583346899992193,nan,nan,nan,nan,nan,nan,7.031,ok,
1771660033292,sentence-transformers/all-mpnet-base-v2,2,off,2,1,16,3,0,0.14595662800002174,nan,nan,nan,nan,nan,nan,7.031,ok,
1771660033495,sentence-transformers/all-mpnet-base-v2,2,off,2,1,16,4,0,0.20330122500001835,nan,nan,nan,nan,nan,nan,7.031,ok,
1771660033685,sentence-transformers/all-mpnet-base-v2,2,off,2,1,32,0,1,0.18789801499997338,nan,nan,nan,nan,nan,nan,7.031,ok,
1771660033953,sentence-transformers/all-mpnet-base-v2,2,off,2,1,32,1,1,0.2678079009999692,nan,nan,nan,nan,nan,nan,7.031,ok,
1771660034162,sentence-transformers/all-mpnet-base-v2,2,off,2,1,32,0,0,0.20902908300001855,nan,nan,nan,nan,nan,nan,7.031,ok,
1771660034369,sentence-transformers/all-mpnet-base-v2,2,off,2,1,32,1,0,0.20678635299998405,nan,nan,nan,nan,nan,nan,7.031,ok,
1771660034571,sentence-transformers/all-mpnet-base-v2,2,off,2,1,32,2,0,0.2014600210000026,nan,nan,nan,nan,nan,nan,7.031,ok,
1771660034778,sentence-transformers/all-mpnet-base-v2,2,off,2,1,32,3,0,0.20651759999998376,nan,nan,nan,nan,nan,nan,7.031,ok,
1771660034983,sentence-transformers/all-mpnet-base-v2,2,off,2,1,32,4,0,0.20508573899996918,nan,nan,nan,nan,nan,nan,7.031,ok,
1771660035255,sentence-transformers/all-mpnet-base-v2,2,off,2,1,64,0,1,0.26504669999997077,nan,nan,nan,nan,nan,nan,7.031,ok,
1771660035489,sentence-transformers/all-mpnet-base-v2,2,off,2,1,64,1,1,0.23393960399994285,nan,nan,nan,nan,nan,nan,7.031,ok,
1771660035767,sentence-transformers/all-mpnet-base-v2,2,off,2,1,64,0,0,0.27786930999991455,nan,nan,nan,nan,nan,nan,7.031,ok,
1771660035982,sentence-transformers/all-mpnet-base-v2,2,off,2,1,64,1,0,0.2142743619999692,nan,nan,nan,nan,nan,nan,7.031,ok,
1771660036266,sentence-transformers/all-mpnet-base-v2,2,off,2,1,64,2,0,0.28470632999994905,nan,nan,nan,nan,nan,nan,7.031,ok,
1771660036566,sentence-transformers/all-mpnet-base-v2,2,off,2,1,64,3,0,0.2998097529999768,nan,nan,nan,nan,nan,nan,7.031,ok,
1771660036847,sentence-transformers/all-mpnet-base-v2,2,off,2,1,64,4,0,0.28074417400000584,nan,nan,nan,nan,nan,nan,7.031,ok,
1771660037091,sentence-transformers/all-mpnet-base-v2,2,off,2,1,128,0,1,0.226784361,nan,nan,nan,nan,nan,nan,7.031,ok,
1771660037375,sentence-transformers/all-mpnet-base-v2,2,off,2,1,128,1,1,0.28403168399995593,nan,nan,nan,nan,nan,nan,7.031,ok,
1771660037668,sentence-transformers/all-mpnet-base-v2,2,off,2,1,128,0,0,0.29266151800004536,nan,nan,nan,nan,nan,nan,7.031,ok,
1771660037966,sentence-transformers/all-mpnet-base-v2,2,off,2,1,128,1,0,0.2978099460000294,nan,nan,nan,nan,nan,nan,7.031,ok,
1771660038256,sentence-transformers/all-mpnet-base-v2,2,off,2,1,128,2,0,0.2900889400000324,nan,nan,nan,nan,nan,nan,7.031,ok,
1771660038494,sentence-transformers/all-mpnet-base-v2,2,off,2,1,128,3,0,0.23844510200001423,nan,nan,nan,nan,nan,nan,7.031,ok,
1771660038773,sentence-transformers/all-mpnet-base-v2,2,off,2,1,128,4,0,0.27875117300004604,nan,nan,nan,nan,nan,nan,7.031,ok,
1771660039258,sentence-transformers/all-mpnet-base-v2,2,off,2,1,256,0,1,0.4265106850000393,nan,nan,nan,nan,nan,nan,7.031,ok,
1771660039680,sentence-transformers/all-mpnet-base-v2,2,off,2,1,256,1,1,0.4222377510000115,nan,nan,nan,nan,nan,nan,7.031,ok,
1771660040152,sentence-transformers/all-mpnet-base-v2,2,off,2,1,256,0,0,0.47130356799993933,nan,nan,nan,nan,nan,nan,7.031,ok,
1771660040597,sentence-transformers/all-mpnet-base-v2,2,off,2,1,256,1,0,0.4445531879999862,nan,nan,nan,nan,nan,nan,7.031,ok,
1771660041067,sentence-transformers/all-mpnet-base-v2,2,off,2,1,256,2,0,0.47068526700002167,nan,nan,nan,nan,nan,nan,7.031,ok,
1771660041483,sentence-transformers/all-mpnet-base-v2,2,off,2,1,256,3,0,0.4151007699999809,nan,nan,nan,nan,nan,nan,7.031,ok,
1771660041958,sentence-transformers/all-mpnet-base-v2,2,off,2,1,256,4,0,0.47479718900001444,nan,nan,nan,nan,nan,nan,7.031,ok,
1771660042971,sentence-transformers/all-mpnet-base-v2,2,off,2,1,384,0,1,0.8901737099999991,nan,nan,nan,nan,nan,nan,7.031,ok,
1771660043784,sentence-transformers/all-mpnet-base-v2,2,off,2,1,384,1,1,0.8128969739999548,nan,nan,nan,nan,nan,nan,7.031,ok,
1771660044672,sentence-transformers/all-mpnet-base-v2,2,off,2,1,384,0,0,0.8882181559999935,nan,nan,nan,nan,nan,nan,7.031,ok,
1771660045477,sentence-transformers/all-mpnet-base-v2,2,off,2,1,384,1,0,0.8038598840000759,nan,nan,nan,nan,nan,nan,7.031,ok,
1771660046855,sentence-transformers/all-mpnet-base-v2,2,off,2,1,384,2,0,1.378128327000013,nan,nan,nan,nan,nan,nan,7.031,ok,
1771660047760,sentence-transformers/all-mpnet-base-v2,2,off,2,1,384,3,0,0.9047251909998977,nan,nan,nan,nan,nan,nan,7.031,ok,
1771660048593,sentence-transformers/all-mpnet-base-v2,2,off,2,1,384,4,0,0.833399092000036,nan,nan,nan,nan,nan,nan,7.031,ok,
1771660049765,sentence-transformers/all-mpnet-base-v2,2,off,2,1,512,0,1,0.9291605299999901,nan,nan,nan,nan,nan,nan,7.031,ok,
1771660050557,sentence-transformers/all-mpnet-base-v2,2,off,2,1,512,1,1,0.7915599479999855,nan,nan,nan,nan,nan,nan,7.031,ok,
1771660051466,sentence-transformers/all-mpnet-base-v2,2,off,2,1,512,0,0,0.9083174090000057,nan,nan,nan,nan,nan,nan,7.031,ok,
1771660052447,sentence-transformers/all-mpnet-base-v2,2,off,2,1,512,1,0,0.9814344430000119,nan,nan,nan,nan,nan,nan,7.031,ok,
1771660053354,sentence-transformers/all-mpnet-base-v2,2,off,2,1,512,2,0,0.9064561260000801,nan,nan,nan,nan,nan,nan,7.031,ok,
1771660054175,sentence-transformers/all-mpnet-base-v2,2,off,2,1,512,3,0,0.8205602680000084,nan,nan,nan,nan,nan,nan,7.031,ok,
1771660055482,sentence-transformers/all-mpnet-base-v2,2,off,2,1,512,4,0,1.3068302450000147,nan,nan,nan,nan,nan,nan,7.031,ok,
1771660080649,sentence-transformers/all-mpnet-base-v2,2,off,4,1,16,0,1,0.5974485259999938,nan,nan,nan,nan,nan,nan,7.682,ok,
1771660080789,sentence-transformers/all-mpnet-base-v2,2,off,4,1,16,1,1,0.1397330800000418,nan,nan,nan,nan,nan,nan,7.682,ok,
1771660080983,sentence-transformers/all-mpnet-base-v2,2,off,4,1,16,0,0,0.19438722600000347,nan,nan,nan,nan,nan,nan,7.682,ok,
1771660081188,sentence-transformers/all-mpnet-base-v2,2,off,4,1,16,1,0,0.20506521999993765,nan,nan,nan,nan,nan,nan,7.682,ok,
1771660081381,sentence-transformers/all-mpnet-base-v2,2,off,4,1,16,2,0,0.19223575600005915,nan,nan,nan,nan,nan,nan,7.682,ok,
1771660081580,sentence-transformers/all-mpnet-base-v2,2,off,4,1,16,3,0,0.19852358399998593,nan,nan,nan,nan,nan,nan,7.682,ok,
1771660081769,sentence-transformers/all-mpnet-base-v2,2,off,4,1,16,4,0,0.18899431100010133,nan,nan,nan,nan,nan,nan,7.682,ok,
1771660081987,sentence-transformers/all-mpnet-base-v2,2,off,4,1,32,0,1,0.2102337119999902,nan,nan,nan,nan,nan,nan,7.682,ok,
1771660082196,sentence-transformers/all-mpnet-base-v2,2,off,4,1,32,1,1,0.20868429999995897,nan,nan,nan,nan,nan,nan,7.682,ok,
1771660082451,sentence-transformers/all-mpnet-base-v2,2,off,4,1,32,0,0,0.2548631769999474,nan,nan,nan,nan,nan,nan,7.682,ok,
1771660082656,sentence-transformers/all-mpnet-base-v2,2,off,4,1,32,1,0,0.20500107800000933,nan,nan,nan,nan,nan,nan,7.682,ok,
1771660082863,sentence-transformers/all-mpnet-base-v2,2,off,4,1,32,2,0,0.2067858839999417,nan,nan,nan,nan,nan,nan,7.682,ok,
1771660083057,sentence-transformers/all-mpnet-base-v2,2,off,4,1,32,3,0,0.19432951499993578,nan,nan,nan,nan,nan,nan,7.682,ok,
1771660083260,sentence-transformers/all-mpnet-base-v2,2,off,4,1,32,4,0,0.200257335999936,nan,nan,nan,nan,nan,nan,7.682,ok,
1771660083483,sentence-transformers/all-mpnet-base-v2,2,off,4,1,64,0,1,0.21755331899998964,nan,nan,nan,nan,nan,nan,7.682,ok,
1771660083759,sentence-transformers/all-mpnet-base-v2,2,off,4,1,64,1,1,0.27653966600007607,nan,nan,nan,nan,nan,nan,7.682,ok,
1771660083983,sentence-transformers/all-mpnet-base-v2,2,off,4,1,64,0,0,0.2237024809999184,nan,nan,nan,nan,nan,nan,7.682,ok,
1771660084261,sentence-transformers/all-mpnet-base-v2,2,off,4,1,64,1,0,0.2772998049999842,nan,nan,nan,nan,nan,nan,7.682,ok,
1771660084486,sentence-transformers/all-mpnet-base-v2,2,off,4,1,64,2,0,0.22502916399992046,nan,nan,nan,nan,nan,nan,7.682,ok,
1771660084763,sentence-transformers/all-mpnet-base-v2,2,off,4,1,64,3,0,0.27715662499997507,nan,nan,nan,nan,nan,nan,7.682,ok,
1771660084993,sentence-transformers/all-mpnet-base-v2,2,off,4,1,64,4,0,0.229379267000013,nan,nan,nan,nan,nan,nan,7.682,ok,
1771660085355,sentence-transformers/all-mpnet-base-v2,2,off,4,1,128,0,1,0.3448374300000978,nan,nan,nan,nan,nan,nan,7.682,ok,
1771660085650,sentence-transformers/all-mpnet-base-v2,2,off,4,1,128,1,1,0.29465761899996323,nan,nan,nan,nan,nan,nan,7.682,ok,
1771660085951,sentence-transformers/all-mpnet-base-v2,2,off,4,1,128,0,0,0.3012377480000623,nan,nan,nan,nan,nan,nan,7.682,ok,
1771660086184,sentence-transformers/all-mpnet-base-v2,2,off,4,1,128,1,0,0.23266064899996763,nan,nan,nan,nan,nan,nan,7.682,ok,
1771660086668,sentence-transformers/all-mpnet-base-v2,2,off,4,1,128,2,0,0.48361021299990625,nan,nan,nan,nan,nan,nan,7.682,ok,
1771660087171,sentence-transformers/all-mpnet-base-v2,2,off,4,1,128,3,0,0.5033181499999273,nan,nan,nan,nan,nan,nan,7.682,ok,
1771660087469,sentence-transformers/all-mpnet-base-v2,2,off,4,1,128,4,0,0.29819695999992746,nan,nan,nan,nan,nan,nan,7.682,ok,
1771660087980,sentence-transformers/all-mpnet-base-v2,2,off,4,1,256,0,1,0.4506989499999463,nan,nan,nan,nan,nan,nan,7.682,ok,
1771660088475,sentence-transformers/all-mpnet-base-v2,2,off,4,1,256,1,1,0.49528153200003544,nan,nan,nan,nan,nan,nan,7.682,ok,
1771660088960,sentence-transformers/all-mpnet-base-v2,2,off,4,1,256,0,0,0.48467481899990617,nan,nan,nan,nan,nan,nan,7.682,ok,
1771660089457,sentence-transformers/all-mpnet-base-v2,2,off,4,1,256,1,0,0.4966964599999528,nan,nan,nan,nan,nan,nan,7.682,ok,
1771660089950,sentence-transformers/all-mpnet-base-v2,2,off,4,1,256,2,0,0.4929860770000687,nan,nan,nan,nan,nan,nan,7.682,ok,
1771660090455,sentence-transformers/all-mpnet-base-v2,2,off,4,1,256,3,0,0.5051034409999602,nan,nan,nan,nan,nan,nan,7.682,ok,
1771660090952,sentence-transformers/all-mpnet-base-v2,2,off,4,1,256,4,0,0.4970730189999131,nan,nan,nan,nan,nan,nan,7.682,ok,
1771660091971,sentence-transformers/all-mpnet-base-v2,2,off,4,1,384,0,1,0.8950198620000265,nan,nan,nan,nan,nan,nan,7.682,ok,
1771660092858,sentence-transformers/all-mpnet-base-v2,2,off,4,1,384,1,1,0.8875488469999482,nan,nan,nan,nan,nan,nan,7.682,ok,
1771660093851,sentence-transformers/all-mpnet-base-v2,2,off,4,1,384,0,0,0.9921172239999123,nan,nan,nan,nan,nan,nan,7.682,ok,
1771660094769,sentence-transformers/all-mpnet-base-v2,2,off,4,1,384,1,0,0.9185534120000511,nan,nan,nan,nan,nan,nan,7.682,ok,
1771660095654,sentence-transformers/all-mpnet-base-v2,2,off,4,1,384,2,0,0.884889037999983,nan,nan,nan,nan,nan,nan,7.682,ok,
1771660096591,sentence-transformers/all-mpnet-base-v2,2,off,4,1,384,3,0,0.9368152579999105,nan,nan,nan,nan,nan,nan,7.682,ok,
1771660097590,sentence-transformers/all-mpnet-base-v2,2,off,4,1,384,4,0,0.998256060000017,nan,nan,nan,nan,nan,nan,7.682,ok,
1771660098685,sentence-transformers/all-mpnet-base-v2,2,off,4,1,512,0,1,0.8839147390000335,nan,nan,nan,nan,nan,nan,7.682,ok,
1771660099749,sentence-transformers/all-mpnet-base-v2,2,off,4,1,512,1,1,1.0643182280000474,nan,nan,nan,nan,nan,nan,7.682,ok,
1771660100690,sentence-transformers/all-mpnet-base-v2,2,off,4,1,512,0,0,0.9409098109999832,nan,nan,nan,nan,nan,nan,7.682,ok,
1771660102183,sentence-transformers/all-mpnet-base-v2,2,off,4,1,512,1,0,1.4922903039999937,nan,nan,nan,nan,nan,nan,7.682,ok,
1771660103084,sentence-transformers/all-mpnet-base-v2,2,off,4,1,512,2,0,0.900635884000053,nan,nan,nan,nan,nan,nan,7.682,ok,
1771660103995,sentence-transformers/all-mpnet-base-v2,2,off,4,1,512,3,0,0.9114420299999892,nan,nan,nan,nan,nan,nan,7.682,ok,
1771660104990,sentence-transformers/all-mpnet-base-v2,2,off,4,1,512,4,0,0.9946177880000278,nan,nan,nan,nan,nan,nan,7.682,ok,
1771660129389,sentence-transformers/all-mpnet-base-v2,2,off,8,1,16,0,1,0.47484875599991483,nan,nan,nan,nan,nan,nan,7.160,ok,
1771660129571,sentence-transformers/all-mpnet-base-v2,2,off,8,1,16,1,1,0.18185374799998044,nan,nan,nan,nan,nan,nan,7.160,ok,
1771660129758,sentence-transformers/all-mpnet-base-v2,2,off,8,1,16,0,0,0.1870345920000318,nan,nan,nan,nan,nan,nan,7.160,ok,
1771660129890,sentence-transformers/all-mpnet-base-v2,2,off,8,1,16,1,0,0.1321868300000233,nan,nan,nan,nan,nan,nan,7.160,ok,
1771660130076,sentence-transformers/all-mpnet-base-v2,2,off,8,1,16,2,0,0.18563892400004534,nan,nan,nan,nan,nan,nan,7.160,ok,
1771660130256,sentence-transformers/all-mpnet-base-v2,2,off,8,1,16,3,0,0.1802866460000132,nan,nan,nan,nan,nan,nan,7.160,ok,
1771660130396,sentence-transformers/all-mpnet-base-v2,2,off,8,1,16,4,0,0.13914132800005063,nan,nan,nan,nan,nan,nan,7.160,ok,
1771660130589,sentence-transformers/all-mpnet-base-v2,2,off,8,1,32,0,1,0.191196188000049,nan,nan,nan,nan,nan,nan,7.160,ok,
1771660130783,sentence-transformers/all-mpnet-base-v2,2,off,8,1,32,1,1,0.19455227700007072,nan,nan,nan,nan,nan,nan,7.160,ok,
1771660130977,sentence-transformers/all-mpnet-base-v2,2,off,8,1,32,0,0,0.19311590200004503,nan,nan,nan,nan,nan,nan,7.160,ok,
1771660131170,sentence-transformers/all-mpnet-base-v2,2,off,8,1,32,1,0,0.19343036700001903,nan,nan,nan,nan,nan,nan,7.160,ok,
1771660131359,sentence-transformers/all-mpnet-base-v2,2,off,8,1,32,2,0,0.18910146799998984,nan,nan,nan,nan,nan,nan,7.160,ok,
1771660131557,sentence-transformers/all-mpnet-base-v2,2,off,8,1,32,3,0,0.1973485549999623,nan,nan,nan,nan,nan,nan,7.160,ok,
1771660131752,sentence-transformers/all-mpnet-base-v2,2,off,8,1,32,4,0,0.19545002100005604,nan,nan,nan,nan,nan,nan,7.160,ok,
1771660131968,sentence-transformers/all-mpnet-base-v2,2,off,8,1,64,0,1,0.21020923200001107,nan,nan,nan,nan,nan,nan,7.160,ok,
1771660132186,sentence-transformers/all-mpnet-base-v2,2,off,8,1,64,1,1,0.2182542340000282,nan,nan,nan,nan,nan,nan,7.160,ok,
1771660132453,sentence-transformers/all-mpnet-base-v2,2,off,8,1,64,0,0,0.266318927000043,nan,nan,nan,nan,nan,nan,7.160,ok,
1771660132669,sentence-transformers/all-mpnet-base-v2,2,off,8,1,64,1,0,0.21588988899998185,nan,nan,nan,nan,nan,nan,7.160,ok,
1771660132880,sentence-transformers/all-mpnet-base-v2,2,off,8,1,64,2,0,0.21125481199999285,nan,nan,nan,nan,nan,nan,7.160,ok,
1771660133092,sentence-transformers/all-mpnet-base-v2,2,off,8,1,64,3,0,0.21198856599994542,nan,nan,nan,nan,nan,nan,7.160,ok,
1771660133360,sentence-transformers/all-mpnet-base-v2,2,off,8,1,64,4,0,0.26742869300005623,nan,nan,nan,nan,nan,nan,7.160,ok,
1771660133653,sentence-transformers/all-mpnet-base-v2,2,off,8,1,128,0,1,0.27676350700005514,nan,nan,nan,nan,nan,nan,7.160,ok,
1771660133954,sentence-transformers/all-mpnet-base-v2,2,off,8,1,128,1,1,0.30078217599998425,nan,nan,nan,nan,nan,nan,7.160,ok,
1771660134178,sentence-transformers/all-mpnet-base-v2,2,off,8,1,128,0,0,0.22385352399999192,nan,nan,nan,nan,nan,nan,7.160,ok,
1771660134486,sentence-transformers/all-mpnet-base-v2,2,off,8,1,128,1,0,0.30746691400008785,nan,nan,nan,nan,nan,nan,7.160,ok,
1771660134768,sentence-transformers/all-mpnet-base-v2,2,off,8,1,128,2,0,0.2826472520000607,nan,nan,nan,nan,nan,nan,7.160,ok,
1771660134992,sentence-transformers/all-mpnet-base-v2,2,off,8,1,128,3,0,0.22314331500001572,nan,nan,nan,nan,nan,nan,7.160,ok,
1771660135266,sentence-transformers/all-mpnet-base-v2,2,off,8,1,128,4,0,0.27458408100005727,nan,nan,nan,nan,nan,nan,7.160,ok,
1771660135752,sentence-transformers/all-mpnet-base-v2,2,off,8,1,256,0,1,0.42845829700002014,nan,nan,nan,nan,nan,nan,7.160,ok,
1771660136153,sentence-transformers/all-mpnet-base-v2,2,off,8,1,256,1,1,0.4003074469999319,nan,nan,nan,nan,nan,nan,7.160,ok,
1771660136573,sentence-transformers/all-mpnet-base-v2,2,off,8,1,256,0,0,0.42025231200000235,nan,nan,nan,nan,nan,nan,7.160,ok,
1771660136975,sentence-transformers/all-mpnet-base-v2,2,off,8,1,256,1,0,0.4017080639999904,nan,nan,nan,nan,nan,nan,7.160,ok,
1771660137384,sentence-transformers/all-mpnet-base-v2,2,off,8,1,256,2,0,0.4086809660000199,nan,nan,nan,nan,nan,nan,7.160,ok,
1771660137852,sentence-transformers/all-mpnet-base-v2,2,off,8,1,256,3,0,0.4677097030000823,nan,nan,nan,nan,nan,nan,7.160,ok,
1771660138270,sentence-transformers/all-mpnet-base-v2,2,off,8,1,256,4,0,0.41827050300003066,nan,nan,nan,nan,nan,nan,7.160,ok,
1771660139260,sentence-transformers/all-mpnet-base-v2,2,off,8,1,384,0,1,0.8645891090000077,nan,nan,nan,nan,nan,nan,7.160,ok,
1771660140163,sentence-transformers/all-mpnet-base-v2,2,off,8,1,384,1,1,0.902784663000034,nan,nan,nan,nan,nan,nan,7.160,ok,
1771660140960,sentence-transformers/all-mpnet-base-v2,2,off,8,1,384,0,0,0.7970911759999808,nan,nan,nan,nan,nan,nan,7.160,ok,
1771660141872,sentence-transformers/all-mpnet-base-v2,2,off,8,1,384,1,0,0.9120156389999465,nan,nan,nan,nan,nan,nan,7.160,ok,
1771660142990,sentence-transformers/all-mpnet-base-v2,2,off,8,1,384,2,0,1.1180425300000252,nan,nan,nan,nan,nan,nan,7.160,ok,
1771660143864,sentence-transformers/all-mpnet-base-v2,2,off,8,1,384,3,0,0.8729517919999807,nan,nan,nan,nan,nan,nan,7.160,ok,
1771660144675,sentence-transformers/all-mpnet-base-v2,2,off,8,1,384,4,0,0.8116905680000173,nan,nan,nan,nan,nan,nan,7.160,ok,
1771660145675,sentence-transformers/all-mpnet-base-v2,2,off,8,1,512,0,1,0.7781200010000475,nan,nan,nan,nan,nan,nan,7.160,ok,
1771660146461,sentence-transformers/all-mpnet-base-v2,2,off,8,1,512,1,1,0.7861415930000248,nan,nan,nan,nan,nan,nan,7.160,ok,
1771660147271,sentence-transformers/all-mpnet-base-v2,2,off,8,1,512,0,0,0.8088713730001018,nan,nan,nan,nan,nan,nan,7.160,ok,
1771660148096,sentence-transformers/all-mpnet-base-v2,2,off,8,1,512,1,0,0.8250718299999562,nan,nan,nan,nan,nan,nan,7.160,ok,
1771660148988,sentence-transformers/all-mpnet-base-v2,2,off,8,1,512,2,0,0.8920563350000066,nan,nan,nan,nan,nan,nan,7.160,ok,
1771660149860,sentence-transformers/all-mpnet-base-v2,2,off,8,1,512,3,0,0.8717966230000229,nan,nan,nan,nan,nan,nan,7.160,ok,
1771660150674,sentence-transformers/all-mpnet-base-v2,2,off,8,1,512,4,0,0.8141847870000447,nan,nan,nan,nan,nan,nan,7.160,ok,
1771660174892,sentence-transformers/all-mpnet-base-v2,2,off,16,1,16,0,1,0.4246015029999626,nan,nan,nan,nan,nan,nan,7.092,ok,
1771660175081,sentence-transformers/all-mpnet-base-v2,2,off,16,1,16,1,1,0.1886726309999176,nan,nan,nan,nan,nan,nan,7.092,ok,
1771660175278,sentence-transformers/all-mpnet-base-v2,2,off,16,1,16,0,0,0.19775509600003716,nan,nan,nan,nan,nan,nan,7.092,ok,
1771660175476,sentence-transformers/all-mpnet-base-v2,2,off,16,1,16,1,0,0.19740522600000077,nan,nan,nan,nan,nan,nan,7.092,ok,
1771660175671,sentence-transformers/all-mpnet-base-v2,2,off,16,1,16,2,0,0.19509457099991323,nan,nan,nan,nan,nan,nan,7.092,ok,
1771660175855,sentence-transformers/all-mpnet-base-v2,2,off,16,1,16,3,0,0.18397606800010635,nan,nan,nan,nan,nan,nan,7.092,ok,
1771660175987,sentence-transformers/all-mpnet-base-v2,2,off,16,1,16,4,0,0.13153870400003598,nan,nan,nan,nan,nan,nan,7.092,ok,
1771660176191,sentence-transformers/all-mpnet-base-v2,2,off,16,1,32,0,1,0.20258886099998108,nan,nan,nan,nan,nan,nan,7.092,ok,
1771660176380,sentence-transformers/all-mpnet-base-v2,2,off,16,1,32,1,1,0.1888813849999451,nan,nan,nan,nan,nan,nan,7.092,ok,
1771660176590,sentence-transformers/all-mpnet-base-v2,2,off,16,1,32,0,0,0.20956623899996885,nan,nan,nan,nan,nan,nan,7.092,ok,
1771660176794,sentence-transformers/all-mpnet-base-v2,2,off,16,1,32,1,0,0.20400834100007614,nan,nan,nan,nan,nan,nan,7.092,ok,
1771660177055,sentence-transformers/all-mpnet-base-v2,2,off,16,1,32,2,0,0.2603329109999777,nan,nan,nan,nan,nan,nan,7.092,ok,
1771660177268,sentence-transformers/all-mpnet-base-v2,2,off,16,1,32,3,0,0.21358415899999272,nan,nan,nan,nan,nan,nan,7.092,ok,
1771660177460,sentence-transformers/all-mpnet-base-v2,2,off,16,1,32,4,0,0.19157019699991906,nan,nan,nan,nan,nan,nan,7.092,ok,
1771660177676,sentence-transformers/all-mpnet-base-v2,2,off,16,1,64,0,1,0.21015304399998058,nan,nan,nan,nan,nan,nan,7.092,ok,
1771660177884,sentence-transformers/all-mpnet-base-v2,2,off,16,1,64,1,1,0.2074252190000152,nan,nan,nan,nan,nan,nan,7.092,ok,
1771660178094,sentence-transformers/all-mpnet-base-v2,2,off,16,1,64,0,0,0.2099888180000562,nan,nan,nan,nan,nan,nan,7.092,ok,
1771660178376,sentence-transformers/all-mpnet-base-v2,2,off,16,1,64,1,0,0.28226870799994686,nan,nan,nan,nan,nan,nan,7.092,ok,
1771660178584,sentence-transformers/all-mpnet-base-v2,2,off,16,1,64,2,0,0.20738852800002405,nan,nan,nan,nan,nan,nan,7.092,ok,
1771660178846,sentence-transformers/all-mpnet-base-v2,2,off,16,1,64,3,0,0.2626907700000629,nan,nan,nan,nan,nan,nan,7.092,ok,
1771660179079,sentence-transformers/all-mpnet-base-v2,2,off,16,1,64,4,0,0.23249057699990772,nan,nan,nan,nan,nan,nan,7.092,ok,
1771660179356,sentence-transformers/all-mpnet-base-v2,2,off,16,1,128,0,1,0.2604191829999536,nan,nan,nan,nan,nan,nan,7.092,ok,
1771660179583,sentence-transformers/all-mpnet-base-v2,2,off,16,1,128,1,1,0.22685643099998742,nan,nan,nan,nan,nan,nan,7.092,ok,
1771660179854,sentence-transformers/all-mpnet-base-v2,2,off,16,1,128,0,0,0.2713719550000633,nan,nan,nan,nan,nan,nan,7.092,ok,
1771660180094,sentence-transformers/all-mpnet-base-v2,2,off,16,1,128,1,0,0.23931944800006022,nan,nan,nan,nan,nan,nan,7.092,ok,
1771660180368,sentence-transformers/all-mpnet-base-v2,2,off,16,1,128,2,0,0.27414515800001027,nan,nan,nan,nan,nan,nan,7.092,ok,
1771660180649,sentence-transformers/all-mpnet-base-v2,2,off,16,1,128,3,0,0.28098666799996863,nan,nan,nan,nan,nan,nan,7.092,ok,
1771660180867,sentence-transformers/all-mpnet-base-v2,2,off,16,1,128,4,0,0.21774470299999393,nan,nan,nan,nan,nan,nan,7.092,ok,
1771660181367,sentence-transformers/all-mpnet-base-v2,2,off,16,1,256,0,1,0.44133368799998607,nan,nan,nan,nan,nan,nan,7.092,ok,
1771660181781,sentence-transformers/all-mpnet-base-v2,2,off,16,1,256,1,1,0.413650199000017,nan,nan,nan,nan,nan,nan,7.092,ok,
1771660182198,sentence-transformers/all-mpnet-base-v2,2,off,16,1,256,0,0,0.4173525979999795,nan,nan,nan,nan,nan,nan,7.092,ok,
1771660182659,sentence-transformers/all-mpnet-base-v2,2,off,16,1,256,1,0,0.46065994899993257,nan,nan,nan,nan,nan,nan,7.092,ok,
1771660183072,sentence-transformers/all-mpnet-base-v2,2,off,16,1,256,2,0,0.41325262299994847,nan,nan,nan,nan,nan,nan,7.092,ok,
1771660183481,sentence-transformers/all-mpnet-base-v2,2,off,16,1,256,3,0,0.4086337520000143,nan,nan,nan,nan,nan,nan,7.092,ok,
1771660183896,sentence-transformers/all-mpnet-base-v2,2,off,16,1,256,4,0,0.4149196270000175,nan,nan,nan,nan,nan,nan,7.092,ok,
1771660184794,sentence-transformers/all-mpnet-base-v2,2,off,16,1,384,0,1,0.7744111009999415,nan,nan,nan,nan,nan,nan,7.092,ok,
1771660185671,sentence-transformers/all-mpnet-base-v2,2,off,16,1,384,1,1,0.8769671909999488,nan,nan,nan,nan,nan,nan,7.092,ok,
1771660186483,sentence-transformers/all-mpnet-base-v2,2,off,16,1,384,0,0,0.8112275450000652,nan,nan,nan,nan,nan,nan,7.092,ok,
1771660187353,sentence-transformers/all-mpnet-base-v2,2,off,16,1,384,1,0,0.8702997429999186,nan,nan,nan,nan,nan,nan,7.092,ok,
1771660188181,sentence-transformers/all-mpnet-base-v2,2,off,16,1,384,2,0,0.8281232310000632,nan,nan,nan,nan,nan,nan,7.092,ok,
1771660189073,sentence-transformers/all-mpnet-base-v2,2,off,16,1,384,3,0,0.8915613059999714,nan,nan,nan,nan,nan,nan,7.092,ok,
1771660190066,sentence-transformers/all-mpnet-base-v2,2,off,16,1,384,4,0,0.9921862950000104,nan,nan,nan,nan,nan,nan,7.092,ok,
1771660191176,sentence-transformers/all-mpnet-base-v2,2,off,16,1,512,0,1,0.8968150450000394,nan,nan,nan,nan,nan,nan,7.092,ok,
1771660192265,sentence-transformers/all-mpnet-base-v2,2,off,16,1,512,1,1,1.088668494999979,nan,nan,nan,nan,nan,nan,7.092,ok,
1771660193190,sentence-transformers/all-mpnet-base-v2,2,off,16,1,512,0,0,0.924957672000005,nan,nan,nan,nan,nan,nan,7.092,ok,
1771660194075,sentence-transformers/all-mpnet-base-v2,2,off,16,1,512,1,0,0.8847749469999826,nan,nan,nan,nan,nan,nan,7.092,ok,
1771660194884,sentence-transformers/all-mpnet-base-v2,2,off,16,1,512,2,0,0.8089391150000438,nan,nan,nan,nan,nan,nan,7.092,ok,
1771660195771,sentence-transformers/all-mpnet-base-v2,2,off,16,1,512,3,0,0.8859868790000291,nan,nan,nan,nan,nan,nan,7.092,ok,
1771660196650,sentence-transformers/all-mpnet-base-v2,2,off,16,1,512,4,0,0.8796474709999984,nan,nan,nan,nan,nan,nan,7.092,ok,
1771660220466,sentence-transformers/all-mpnet-base-v2,4,off,2,1,16,0,1,0.13804975300001843,nan,nan,nan,nan,nan,nan,7.272,ok,
1771660220559,sentence-transformers/all-mpnet-base-v2,4,off,2,1,16,1,1,0.09280851699998038,nan,nan,nan,nan,nan,nan,7.272,ok,
1771660220648,sentence-transformers/all-mpnet-base-v2,4,off,2,1,16,0,0,0.08863521999990098,nan,nan,nan,nan,nan,nan,7.272,ok,
1771660220768,sentence-transformers/all-mpnet-base-v2,4,off,2,1,16,1,0,0.12032809400000133,nan,nan,nan,nan,nan,nan,7.272,ok,
1771660220870,sentence-transformers/all-mpnet-base-v2,4,off,2,1,16,2,0,0.1018672189999279,nan,nan,nan,nan,nan,nan,7.272,ok,
1771660220965,sentence-transformers/all-mpnet-base-v2,4,off,2,1,16,3,0,0.09472082199999932,nan,nan,nan,nan,nan,nan,7.272,ok,
1771660221065,sentence-transformers/all-mpnet-base-v2,4,off,2,1,16,4,0,0.09960648799994942,nan,nan,nan,nan,nan,nan,7.272,ok,
1771660221166,sentence-transformers/all-mpnet-base-v2,4,off,2,1,32,0,1,0.09889329300006011,nan,nan,nan,nan,nan,nan,7.272,ok,
1771660221263,sentence-transformers/all-mpnet-base-v2,4,off,2,1,32,1,1,0.09672108499989918,nan,nan,nan,nan,nan,nan,7.272,ok,
1771660221360,sentence-transformers/all-mpnet-base-v2,4,off,2,1,32,0,0,0.09715606299994306,nan,nan,nan,nan,nan,nan,7.272,ok,
1771660221457,sentence-transformers/all-mpnet-base-v2,4,off,2,1,32,1,0,0.0971852630000285,nan,nan,nan,nan,nan,nan,7.272,ok,
1771660221574,sentence-transformers/all-mpnet-base-v2,4,off,2,1,32,2,0,0.11607866100007413,nan,nan,nan,nan,nan,nan,7.272,ok,
1771660221671,sentence-transformers/all-mpnet-base-v2,4,off,2,1,32,3,0,0.09749720100001014,nan,nan,nan,nan,nan,nan,7.272,ok,
1771660221783,sentence-transformers/all-mpnet-base-v2,4,off,2,1,32,4,0,0.11124104800001078,nan,nan,nan,nan,nan,nan,7.272,ok,
1771660221928,sentence-transformers/all-mpnet-base-v2,4,off,2,1,64,0,1,0.13949180199995226,nan,nan,nan,nan,nan,nan,7.272,ok,
1771660222092,sentence-transformers/all-mpnet-base-v2,4,off,2,1,64,1,1,0.16350452500000756,nan,nan,nan,nan,nan,nan,7.272,ok,
1771660222211,sentence-transformers/all-mpnet-base-v2,4,off,2,1,64,0,0,0.11867920199995297,nan,nan,nan,nan,nan,nan,7.272,ok,
1771660222356,sentence-transformers/all-mpnet-base-v2,4,off,2,1,64,1,0,0.1448149860000285,nan,nan,nan,nan,nan,nan,7.272,ok,
1771660222515,sentence-transformers/all-mpnet-base-v2,4,off,2,1,64,2,0,0.1594561969999404,nan,nan,nan,nan,nan,nan,7.272,ok,
1771660222751,sentence-transformers/all-mpnet-base-v2,4,off,2,1,64,3,0,0.2359119100000271,nan,nan,nan,nan,nan,nan,7.272,ok,
1771660222896,sentence-transformers/all-mpnet-base-v2,4,off,2,1,64,4,0,0.1443984019999789,nan,nan,nan,nan,nan,nan,7.272,ok,
1771660223064,sentence-transformers/all-mpnet-base-v2,4,off,2,1,128,0,1,0.14711017000001902,nan,nan,nan,nan,nan,nan,7.272,ok,
1771660223190,sentence-transformers/all-mpnet-base-v2,4,off,2,1,128,1,1,0.12606807300005585,nan,nan,nan,nan,nan,nan,7.272,ok,
1771660223327,sentence-transformers/all-mpnet-base-v2,4,off,2,1,128,0,0,0.1370772999999872,nan,nan,nan,nan,nan,nan,7.272,ok,
1771660223470,sentence-transformers/all-mpnet-base-v2,4,off,2,1,128,1,0,0.14229759700003797,nan,nan,nan,nan,nan,nan,7.272,ok,
1771660223643,sentence-transformers/all-mpnet-base-v2,4,off,2,1,128,2,0,0.1734923679999838,nan,nan,nan,nan,nan,nan,7.272,ok,
1771660223768,sentence-transformers/all-mpnet-base-v2,4,off,2,1,128,3,0,0.12461181999992732,nan,nan,nan,nan,nan,nan,7.272,ok,
1771660223893,sentence-transformers/all-mpnet-base-v2,4,off,2,1,128,4,0,0.1245872080000936,nan,nan,nan,nan,nan,nan,7.272,ok,
1771660224164,sentence-transformers/all-mpnet-base-v2,4,off,2,1,256,0,1,0.2134477810000135,nan,nan,nan,nan,nan,nan,7.272,ok,
1771660224407,sentence-transformers/all-mpnet-base-v2,4,off,2,1,256,1,1,0.2421489539999584,nan,nan,nan,nan,nan,nan,7.272,ok,
1771660224606,sentence-transformers/all-mpnet-base-v2,4,off,2,1,256,0,0,0.19942543199999818,nan,nan,nan,nan,nan,nan,7.272,ok,
1771660224882,sentence-transformers/all-mpnet-base-v2,4,off,2,1,256,1,0,0.2756487419999303,nan,nan,nan,nan,nan,nan,7.272,ok,
1771660225155,sentence-transformers/all-mpnet-base-v2,4,off,2,1,256,2,0,0.27301510999996026,nan,nan,nan,nan,nan,nan,7.272,ok,
1771660225375,sentence-transformers/all-mpnet-base-v2,4,off,2,1,256,3,0,0.21940938199998072,nan,nan,nan,nan,nan,nan,7.272,ok,
1771660225593,sentence-transformers/all-mpnet-base-v2,4,off,2,1,256,4,0,0.21787011499998243,nan,nan,nan,nan,nan,nan,7.272,ok,
1771660226172,sentence-transformers/all-mpnet-base-v2,4,off,2,1,384,0,1,0.4542862700000114,nan,nan,nan,nan,nan,nan,7.272,ok,
1771660226592,sentence-transformers/all-mpnet-base-v2,4,off,2,1,384,1,1,0.41990898699998525,nan,nan,nan,nan,nan,nan,7.272,ok,
1771660226974,sentence-transformers/all-mpnet-base-v2,4,off,2,1,384,0,0,0.3819384100000889,nan,nan,nan,nan,nan,nan,7.272,ok,
1771660227428,sentence-transformers/all-mpnet-base-v2,4,off,2,1,384,1,0,0.45393265799998517,nan,nan,nan,nan,nan,nan,7.272,ok,
1771660227845,sentence-transformers/all-mpnet-base-v2,4,off,2,1,384,2,0,0.4161942829999816,nan,nan,nan,nan,nan,nan,7.272,ok,
1771660228263,sentence-transformers/all-mpnet-base-v2,4,off,2,1,384,3,0,0.41794136400005755,nan,nan,nan,nan,nan,nan,7.272,ok,
1771660228676,sentence-transformers/all-mpnet-base-v2,4,off,2,1,384,4,0,0.4132555470000625,nan,nan,nan,nan,nan,nan,7.272,ok,
1771660229320,sentence-transformers/all-mpnet-base-v2,4,off,2,1,512,0,1,0.4326470690000406,nan,nan,nan,nan,nan,nan,7.272,ok,
1771660229776,sentence-transformers/all-mpnet-base-v2,4,off,2,1,512,1,1,0.4557016730000214,nan,nan,nan,nan,nan,nan,7.272,ok,
1771660230237,sentence-transformers/all-mpnet-base-v2,4,off,2,1,512,0,0,0.46076667400006954,nan,nan,nan,nan,nan,nan,7.272,ok,
1771660230634,sentence-transformers/all-mpnet-base-v2,4,off,2,1,512,1,0,0.3971515709999949,nan,nan,nan,nan,nan,nan,7.272,ok,
1771660231059,sentence-transformers/all-mpnet-base-v2,4,off,2,1,512,2,0,0.42476617399995575,nan,nan,nan,nan,nan,nan,7.272,ok,
1771660231423,sentence-transformers/all-mpnet-base-v2,4,off,2,1,512,3,0,0.363904003000016,nan,nan,nan,nan,nan,nan,7.272,ok,
1771660231840,sentence-transformers/all-mpnet-base-v2,4,off,2,1,512,4,0,0.4163830780000808,nan,nan,nan,nan,nan,nan,7.272,ok,
1771660256502,sentence-transformers/all-mpnet-base-v2,4,off,4,1,16,0,1,0.2447706030000063,nan,nan,nan,nan,nan,nan,7.390,ok,
1771660256589,sentence-transformers/all-mpnet-base-v2,4,off,4,1,16,1,1,0.08698899399996662,nan,nan,nan,nan,nan,nan,7.390,ok,
1771660256686,sentence-transformers/all-mpnet-base-v2,4,off,4,1,16,0,0,0.09706123599994498,nan,nan,nan,nan,nan,nan,7.390,ok,
1771660256775,sentence-transformers/all-mpnet-base-v2,4,off,4,1,16,1,0,0.08906558299997869,nan,nan,nan,nan,nan,nan,7.390,ok,
1771660256863,sentence-transformers/all-mpnet-base-v2,4,off,4,1,16,2,0,0.0878090420000035,nan,nan,nan,nan,nan,nan,7.390,ok,
1771660256968,sentence-transformers/all-mpnet-base-v2,4,off,4,1,16,3,0,0.1045228570000063,nan,nan,nan,nan,nan,nan,7.390,ok,
1771660257107,sentence-transformers/all-mpnet-base-v2,4,off,4,1,16,4,0,0.13929008900004192,nan,nan,nan,nan,nan,nan,7.390,ok,
1771660257208,sentence-transformers/all-mpnet-base-v2,4,off,4,1,32,0,1,0.09921364199999516,nan,nan,nan,nan,nan,nan,7.390,ok,
1771660257325,sentence-transformers/all-mpnet-base-v2,4,off,4,1,32,1,1,0.11656680299995514,nan,nan,nan,nan,nan,nan,7.390,ok,
1771660257423,sentence-transformers/all-mpnet-base-v2,4,off,4,1,32,0,0,0.09768891800001711,nan,nan,nan,nan,nan,nan,7.390,ok,
1771660257520,sentence-transformers/all-mpnet-base-v2,4,off,4,1,32,1,0,0.09755133299995578,nan,nan,nan,nan,nan,nan,7.390,ok,
1771660257619,sentence-transformers/all-mpnet-base-v2,4,off,4,1,32,2,0,0.09858099799998854,nan,nan,nan,nan,nan,nan,7.390,ok,
1771660257715,sentence-transformers/all-mpnet-base-v2,4,off,4,1,32,3,0,0.09567010800003573,nan,nan,nan,nan,nan,nan,7.390,ok,
1771660257811,sentence-transformers/all-mpnet-base-v2,4,off,4,1,32,4,0,0.09564590100001169,nan,nan,nan,nan,nan,nan,7.390,ok,
1771660257946,sentence-transformers/all-mpnet-base-v2,4,off,4,1,64,0,1,0.12997220499994455,nan,nan,nan,nan,nan,nan,7.390,ok,
1771660258070,sentence-transformers/all-mpnet-base-v2,4,off,4,1,64,1,1,0.12354376000007505,nan,nan,nan,nan,nan,nan,7.390,ok,
1771660258190,sentence-transformers/all-mpnet-base-v2,4,off,4,1,64,0,0,0.12046763299997565,nan,nan,nan,nan,nan,nan,7.390,ok,
1771660258315,sentence-transformers/all-mpnet-base-v2,4,off,4,1,64,1,0,0.12470835400006308,nan,nan,nan,nan,nan,nan,7.390,ok,
1771660258438,sentence-transformers/all-mpnet-base-v2,4,off,4,1,64,2,0,0.12268306200007828,nan,nan,nan,nan,nan,nan,7.390,ok,
1771660258557,sentence-transformers/all-mpnet-base-v2,4,off,4,1,64,3,0,0.11914068299995506,nan,nan,nan,nan,nan,nan,7.390,ok,
1771660258680,sentence-transformers/all-mpnet-base-v2,4,off,4,1,64,4,0,0.12267495800006145,nan,nan,nan,nan,nan,nan,7.390,ok,
1771660258843,sentence-transformers/all-mpnet-base-v2,4,off,4,1,128,0,1,0.14598004199990555,nan,nan,nan,nan,nan,nan,7.390,ok,
1771660258983,sentence-transformers/all-mpnet-base-v2,4,off,4,1,128,1,1,0.14058744400006162,nan,nan,nan,nan,nan,nan,7.390,ok,
1771660259125,sentence-transformers/all-mpnet-base-v2,4,off,4,1,128,0,0,0.14121468299993012,nan,nan,nan,nan,nan,nan,7.390,ok,
1771660259257,sentence-transformers/all-mpnet-base-v2,4,off,4,1,128,1,0,0.13179195400005028,nan,nan,nan,nan,nan,nan,7.390,ok,
1771660259396,sentence-transformers/all-mpnet-base-v2,4,off,4,1,128,2,0,0.1390129320000142,nan,nan,nan,nan,nan,nan,7.390,ok,
1771660259535,sentence-transformers/all-mpnet-base-v2,4,off,4,1,128,3,0,0.13927045300010832,nan,nan,nan,nan,nan,nan,7.390,ok,
1771660259672,sentence-transformers/all-mpnet-base-v2,4,off,4,1,128,4,0,0.1370127010000033,nan,nan,nan,nan,nan,nan,7.390,ok,
1771660259972,sentence-transformers/all-mpnet-base-v2,4,off,4,1,256,0,1,0.23948500100004821,nan,nan,nan,nan,nan,nan,7.390,ok,
1771660260214,sentence-transformers/all-mpnet-base-v2,4,off,4,1,256,1,1,0.24267039900007603,nan,nan,nan,nan,nan,nan,7.390,ok,
1771660260449,sentence-transformers/all-mpnet-base-v2,4,off,4,1,256,0,0,0.23433515699991858,nan,nan,nan,nan,nan,nan,7.390,ok,
1771660260682,sentence-transformers/all-mpnet-base-v2,4,off,4,1,256,1,0,0.2326450970000451,nan,nan,nan,nan,nan,nan,7.390,ok,
1771660260928,sentence-transformers/all-mpnet-base-v2,4,off,4,1,256,2,0,0.24589382299996032,nan,nan,nan,nan,nan,nan,7.390,ok,
1771660261168,sentence-transformers/all-mpnet-base-v2,4,off,4,1,256,3,0,0.24058983800000533,nan,nan,nan,nan,nan,nan,7.390,ok,
1771660261413,sentence-transformers/all-mpnet-base-v2,4,off,4,1,256,4,0,0.2448830609999959,nan,nan,nan,nan,nan,nan,7.390,ok,
1771660262035,sentence-transformers/all-mpnet-base-v2,4,off,4,1,384,0,1,0.4991507349999438,nan,nan,nan,nan,nan,nan,7.390,ok,
1771660262531,sentence-transformers/all-mpnet-base-v2,4,off,4,1,384,1,1,0.4960146649999615,nan,nan,nan,nan,nan,nan,7.390,ok,
1771660263000,sentence-transformers/all-mpnet-base-v2,4,off,4,1,384,0,0,0.4689989800000376,nan,nan,nan,nan,nan,nan,7.390,ok,
1771660263500,sentence-transformers/all-mpnet-base-v2,4,off,4,1,384,1,0,0.49942946299995583,nan,nan,nan,nan,nan,nan,7.390,ok,
1771660263993,sentence-transformers/all-mpnet-base-v2,4,off,4,1,384,2,0,0.4930954279999469,nan,nan,nan,nan,nan,nan,7.390,ok,
1771660264488,sentence-transformers/all-mpnet-base-v2,4,off,4,1,384,3,0,0.4947975759999963,nan,nan,nan,nan,nan,nan,7.390,ok,
1771660265078,sentence-transformers/all-mpnet-base-v2,4,off,4,1,384,4,0,0.5893190140000115,nan,nan,nan,nan,nan,nan,7.390,ok,
1771660265915,sentence-transformers/all-mpnet-base-v2,4,off,4,1,512,0,1,0.6193611820000342,nan,nan,nan,nan,nan,nan,7.390,ok,
1771660266393,sentence-transformers/all-mpnet-base-v2,4,off,4,1,512,1,1,0.47731585999997606,nan,nan,nan,nan,nan,nan,7.390,ok,
1771660266905,sentence-transformers/all-mpnet-base-v2,4,off,4,1,512,0,0,0.5117165970000315,nan,nan,nan,nan,nan,nan,7.390,ok,
1771660267377,sentence-transformers/all-mpnet-base-v2,4,off,4,1,512,1,0,0.47222410200004106,nan,nan,nan,nan,nan,nan,7.390,ok,
1771660267837,sentence-transformers/all-mpnet-base-v2,4,off,4,1,512,2,0,0.4591432359999317,nan,nan,nan,nan,nan,nan,7.390,ok,
1771660268281,sentence-transformers/all-mpnet-base-v2,4,off,4,1,512,3,0,0.4446919650000609,nan,nan,nan,nan,nan,nan,7.390,ok,
1771660268761,sentence-transformers/all-mpnet-base-v2,4,off,4,1,512,4,0,0.47958521600003223,nan,nan,nan,nan,nan,nan,7.390,ok,
1771660293241,sentence-transformers/all-mpnet-base-v2,4,off,8,1,16,0,1,0.26237851899998077,nan,nan,nan,nan,nan,nan,7.388,ok,
1771660293332,sentence-transformers/all-mpnet-base-v2,4,off,8,1,16,1,1,0.0904183689999627,nan,nan,nan,nan,nan,nan,7.388,ok,
1771660293421,sentence-transformers/all-mpnet-base-v2,4,off,8,1,16,0,0,0.08911204900005032,nan,nan,nan,nan,nan,nan,7.388,ok,
1771660293528,sentence-transformers/all-mpnet-base-v2,4,off,8,1,16,1,0,0.10669971899994835,nan,nan,nan,nan,nan,nan,7.388,ok,
1771660293638,sentence-transformers/all-mpnet-base-v2,4,off,8,1,16,2,0,0.0961417230000734,nan,nan,nan,nan,nan,nan,7.388,ok,
1771660293741,sentence-transformers/all-mpnet-base-v2,4,off,8,1,16,3,0,0.1025532229999726,nan,nan,nan,nan,nan,nan,7.388,ok,
1771660293830,sentence-transformers/all-mpnet-base-v2,4,off,8,1,16,4,0,0.08949705999998514,nan,nan,nan,nan,nan,nan,7.388,ok,
1771660293934,sentence-transformers/all-mpnet-base-v2,4,off,8,1,32,0,1,0.10156456699996852,nan,nan,nan,nan,nan,nan,7.388,ok,
1771660294038,sentence-transformers/all-mpnet-base-v2,4,off,8,1,32,1,1,0.1038998100000299,nan,nan,nan,nan,nan,nan,7.388,ok,
1771660294138,sentence-transformers/all-mpnet-base-v2,4,off,8,1,32,0,0,0.09955969899999673,nan,nan,nan,nan,nan,nan,7.388,ok,
1771660294241,sentence-transformers/all-mpnet-base-v2,4,off,8,1,32,1,0,0.10346248200005448,nan,nan,nan,nan,nan,nan,7.388,ok,
1771660294339,sentence-transformers/all-mpnet-base-v2,4,off,8,1,32,2,0,0.09763824100002694,nan,nan,nan,nan,nan,nan,7.388,ok,
1771660294436,sentence-transformers/all-mpnet-base-v2,4,off,8,1,32,3,0,0.09678709199999957,nan,nan,nan,nan,nan,nan,7.388,ok,
1771660294541,sentence-transformers/all-mpnet-base-v2,4,off,8,1,32,4,0,0.10529210300001068,nan,nan,nan,nan,nan,nan,7.388,ok,
1771660294666,sentence-transformers/all-mpnet-base-v2,4,off,8,1,64,0,1,0.11970582300000387,nan,nan,nan,nan,nan,nan,7.388,ok,
1771660294793,sentence-transformers/all-mpnet-base-v2,4,off,8,1,64,1,1,0.12629521399992427,nan,nan,nan,nan,nan,nan,7.388,ok,
1771660294910,sentence-transformers/all-mpnet-base-v2,4,off,8,1,64,0,0,0.11664099300003272,nan,nan,nan,nan,nan,nan,7.388,ok,
1771660295034,sentence-transformers/all-mpnet-base-v2,4,off,8,1,64,1,0,0.12434127400001671,nan,nan,nan,nan,nan,nan,7.388,ok,
1771660295154,sentence-transformers/all-mpnet-base-v2,4,off,8,1,64,2,0,0.1193179560000317,nan,nan,nan,nan,nan,nan,7.388,ok,
1771660295273,sentence-transformers/all-mpnet-base-v2,4,off,8,1,64,3,0,0.11912346200006141,nan,nan,nan,nan,nan,nan,7.388,ok,
1771660295401,sentence-transformers/all-mpnet-base-v2,4,off,8,1,64,4,0,0.12790324699994926,nan,nan,nan,nan,nan,nan,7.388,ok,
1771660295574,sentence-transformers/all-mpnet-base-v2,4,off,8,1,128,0,1,0.15618553199999496,nan,nan,nan,nan,nan,nan,7.388,ok,
1771660295720,sentence-transformers/all-mpnet-base-v2,4,off,8,1,128,1,1,0.1463274120000051,nan,nan,nan,nan,nan,nan,7.388,ok,
1771660295853,sentence-transformers/all-mpnet-base-v2,4,off,8,1,128,0,0,0.13280076000000918,nan,nan,nan,nan,nan,nan,7.388,ok,
1771660295989,sentence-transformers/all-mpnet-base-v2,4,off,8,1,128,1,0,0.13558705000002647,nan,nan,nan,nan,nan,nan,7.388,ok,
1771660296143,sentence-transformers/all-mpnet-base-v2,4,off,8,1,128,2,0,0.15437233000000106,nan,nan,nan,nan,nan,nan,7.388,ok,
1771660296285,sentence-transformers/all-mpnet-base-v2,4,off,8,1,128,3,0,0.14093879900008233,nan,nan,nan,nan,nan,nan,7.388,ok,
1771660296421,sentence-transformers/all-mpnet-base-v2,4,off,8,1,128,4,0,0.13672739800006184,nan,nan,nan,nan,nan,nan,7.388,ok,
1771660296726,sentence-transformers/all-mpnet-base-v2,4,off,8,1,256,0,1,0.24718399100004262,nan,nan,nan,nan,nan,nan,7.388,ok,
1771660296966,sentence-transformers/all-mpnet-base-v2,4,off,8,1,256,1,1,0.24019249000002674,nan,nan,nan,nan,nan,nan,7.388,ok,
1771660297196,sentence-transformers/all-mpnet-base-v2,4,off,8,1,256,0,0,0.22965672899999845,nan,nan,nan,nan,nan,nan,7.388,ok,
1771660297447,sentence-transformers/all-mpnet-base-v2,4,off,8,1,256,1,0,0.2508317100000568,nan,nan,nan,nan,nan,nan,7.388,ok,
1771660297717,sentence-transformers/all-mpnet-base-v2,4,off,8,1,256,2,0,0.26938546400003816,nan,nan,nan,nan,nan,nan,7.388,ok,
1771660298021,sentence-transformers/all-mpnet-base-v2,4,off,8,1,256,3,0,0.30397010300009697,nan,nan,nan,nan,nan,nan,7.388,ok,
1771660298293,sentence-transformers/all-mpnet-base-v2,4,off,8,1,256,4,0,0.2718886669999847,nan,nan,nan,nan,nan,nan,7.388,ok,
1771660298956,sentence-transformers/all-mpnet-base-v2,4,off,8,1,384,0,1,0.5369249010000203,nan,nan,nan,nan,nan,nan,7.388,ok,
1771660299457,sentence-transformers/all-mpnet-base-v2,4,off,8,1,384,1,1,0.5011341570000241,nan,nan,nan,nan,nan,nan,7.388,ok,
1771660299933,sentence-transformers/all-mpnet-base-v2,4,off,8,1,384,0,0,0.4757579650000707,nan,nan,nan,nan,nan,nan,7.388,ok,
1771660300585,sentence-transformers/all-mpnet-base-v2,4,off,8,1,384,1,0,0.6516007210000225,nan,nan,nan,nan,nan,nan,7.388,ok,
1771660301184,sentence-transformers/all-mpnet-base-v2,4,off,8,1,384,2,0,0.5984611050000694,nan,nan,nan,nan,nan,nan,7.388,ok,
1771660301687,sentence-transformers/all-mpnet-base-v2,4,off,8,1,384,3,0,0.5026397120000183,nan,nan,nan,nan,nan,nan,7.388,ok,
1771660302144,sentence-transformers/all-mpnet-base-v2,4,off,8,1,384,4,0,0.4567951950000406,nan,nan,nan,nan,nan,nan,7.388,ok,
1771660302794,sentence-transformers/all-mpnet-base-v2,4,off,8,1,512,0,1,0.4251164670000662,nan,nan,nan,nan,nan,nan,7.388,ok,
1771660303226,sentence-transformers/all-mpnet-base-v2,4,off,8,1,512,1,1,0.43216559500001495,nan,nan,nan,nan,nan,nan,7.388,ok,
1771660303680,sentence-transformers/all-mpnet-base-v2,4,off,8,1,512,0,0,0.4535668539999733,nan,nan,nan,nan,nan,nan,7.388,ok,
1771660304110,sentence-transformers/all-mpnet-base-v2,4,off,8,1,512,1,0,0.42946593199997096,nan,nan,nan,nan,nan,nan,7.388,ok,
1771660304583,sentence-transformers/all-mpnet-base-v2,4,off,8,1,512,2,0,0.4728023850000227,nan,nan,nan,nan,nan,nan,7.388,ok,
1771660305050,sentence-transformers/all-mpnet-base-v2,4,off,8,1,512,3,0,0.4671005459999833,nan,nan,nan,nan,nan,nan,7.388,ok,
1771660305521,sentence-transformers/all-mpnet-base-v2,4,off,8,1,512,4,0,0.4706132900000739,nan,nan,nan,nan,nan,nan,7.388,ok,
1771660331397,sentence-transformers/all-mpnet-base-v2,4,off,16,1,16,0,1,1.0870549559999745,nan,nan,nan,nan,nan,nan,7.246,ok,
1771660331527,sentence-transformers/all-mpnet-base-v2,4,off,16,1,16,1,1,0.1295302300000003,nan,nan,nan,nan,nan,nan,7.246,ok,
1771660331655,sentence-transformers/all-mpnet-base-v2,4,off,16,1,16,0,0,0.12800275900008273,nan,nan,nan,nan,nan,nan,7.246,ok,
1771660331780,sentence-transformers/all-mpnet-base-v2,4,off,16,1,16,1,0,0.12536447399997996,nan,nan,nan,nan,nan,nan,7.246,ok,
1771660331881,sentence-transformers/all-mpnet-base-v2,4,off,16,1,16,2,0,0.10089767600004507,nan,nan,nan,nan,nan,nan,7.246,ok,
1771660332070,sentence-transformers/all-mpnet-base-v2,4,off,16,1,16,3,0,0.188427021999928,nan,nan,nan,nan,nan,nan,7.246,ok,
1771660332166,sentence-transformers/all-mpnet-base-v2,4,off,16,1,16,4,0,0.09581273900005272,nan,nan,nan,nan,nan,nan,7.246,ok,
1771660332301,sentence-transformers/all-mpnet-base-v2,4,off,16,1,32,0,1,0.13283243800003675,nan,nan,nan,nan,nan,nan,7.246,ok,
1771660332408,sentence-transformers/all-mpnet-base-v2,4,off,16,1,32,1,1,0.10675968900000044,nan,nan,nan,nan,nan,nan,7.246,ok,
1771660332533,sentence-transformers/all-mpnet-base-v2,4,off,16,1,32,0,0,0.12505409300001702,nan,nan,nan,nan,nan,nan,7.246,ok,
1771660332648,sentence-transformers/all-mpnet-base-v2,4,off,16,1,32,1,0,0.11476012900004662,nan,nan,nan,nan,nan,nan,7.246,ok,
1771660332758,sentence-transformers/all-mpnet-base-v2,4,off,16,1,32,2,0,0.10968357499996273,nan,nan,nan,nan,nan,nan,7.246,ok,
1771660332871,sentence-transformers/all-mpnet-base-v2,4,off,16,1,32,3,0,0.11306528299996899,nan,nan,nan,nan,nan,nan,7.246,ok,
1771660332974,sentence-transformers/all-mpnet-base-v2,4,off,16,1,32,4,0,0.10207393100006357,nan,nan,nan,nan,nan,nan,7.246,ok,
1771660333121,sentence-transformers/all-mpnet-base-v2,4,off,16,1,64,0,1,0.14066235299992513,nan,nan,nan,nan,nan,nan,7.246,ok,
1771660333246,sentence-transformers/all-mpnet-base-v2,4,off,16,1,64,1,1,0.12484974599999532,nan,nan,nan,nan,nan,nan,7.246,ok,
1771660333371,sentence-transformers/all-mpnet-base-v2,4,off,16,1,64,0,0,0.12521864600000754,nan,nan,nan,nan,nan,nan,7.246,ok,
1771660333498,sentence-transformers/all-mpnet-base-v2,4,off,16,1,64,1,0,0.1268744340000012,nan,nan,nan,nan,nan,nan,7.246,ok,
1771660333624,sentence-transformers/all-mpnet-base-v2,4,off,16,1,64,2,0,0.12537912499999493,nan,nan,nan,nan,nan,nan,7.246,ok,
1771660333785,sentence-transformers/all-mpnet-base-v2,4,off,16,1,64,3,0,0.1612701310000375,nan,nan,nan,nan,nan,nan,7.246,ok,
1771660333960,sentence-transformers/all-mpnet-base-v2,4,off,16,1,64,4,0,0.1741851660000293,nan,nan,nan,nan,nan,nan,7.246,ok,
1771660334164,sentence-transformers/all-mpnet-base-v2,4,off,16,1,128,0,1,0.18547615900001801,nan,nan,nan,nan,nan,nan,7.246,ok,
1771660334359,sentence-transformers/all-mpnet-base-v2,4,off,16,1,128,1,1,0.19418148900001597,nan,nan,nan,nan,nan,nan,7.246,ok,
1771660334590,sentence-transformers/all-mpnet-base-v2,4,off,16,1,128,0,0,0.23045990200000688,nan,nan,nan,nan,nan,nan,7.246,ok,
1771660334735,sentence-transformers/all-mpnet-base-v2,4,off,16,1,128,1,0,0.1456941190000407,nan,nan,nan,nan,nan,nan,7.246,ok,
1771660334881,sentence-transformers/all-mpnet-base-v2,4,off,16,1,128,2,0,0.14501988099993923,nan,nan,nan,nan,nan,nan,7.246,ok,
1771660335026,sentence-transformers/all-mpnet-base-v2,4,off,16,1,128,3,0,0.14542993300005946,nan,nan,nan,nan,nan,nan,7.246,ok,
1771660335172,sentence-transformers/all-mpnet-base-v2,4,off,16,1,128,4,0,0.1460256359999903,nan,nan,nan,nan,nan,nan,7.246,ok,
1771660336528,sentence-transformers/all-mpnet-base-v2,4,off,16,1,256,0,1,1.2939400110000179,nan,nan,nan,nan,nan,nan,7.246,ok,
1771660337604,sentence-transformers/all-mpnet-base-v2,4,off,16,1,256,1,1,1.075692858000025,nan,nan,nan,nan,nan,nan,7.246,ok,
1771660337874,sentence-transformers/all-mpnet-base-v2,4,off,16,1,256,0,0,0.2700294080000276,nan,nan,nan,nan,nan,nan,7.246,ok,
1771660338123,sentence-transformers/all-mpnet-base-v2,4,off,16,1,256,1,0,0.24887612800000625,nan,nan,nan,nan,nan,nan,7.246,ok,
1771660338388,sentence-transformers/all-mpnet-base-v2,4,off,16,1,256,2,0,0.26443154399999,nan,nan,nan,nan,nan,nan,7.246,ok,
1771660338634,sentence-transformers/all-mpnet-base-v2,4,off,16,1,256,3,0,0.24569765800004006,nan,nan,nan,nan,nan,nan,7.246,ok,
1771660338885,sentence-transformers/all-mpnet-base-v2,4,off,16,1,256,4,0,0.25114101900010155,nan,nan,nan,nan,nan,nan,7.246,ok,
1771660339464,sentence-transformers/all-mpnet-base-v2,4,off,16,1,384,0,1,0.45260489299994333,nan,nan,nan,nan,nan,nan,7.246,ok,
1771660339971,sentence-transformers/all-mpnet-base-v2,4,off,16,1,384,1,1,0.5065416730000152,nan,nan,nan,nan,nan,nan,7.246,ok,
1771660340440,sentence-transformers/all-mpnet-base-v2,4,off,16,1,384,0,0,0.46846224099999745,nan,nan,nan,nan,nan,nan,7.246,ok,
1771660340906,sentence-transformers/all-mpnet-base-v2,4,off,16,1,384,1,0,0.4660658660000081,nan,nan,nan,nan,nan,nan,7.246,ok,
1771660341321,sentence-transformers/all-mpnet-base-v2,4,off,16,1,384,2,0,0.4149979669999766,nan,nan,nan,nan,nan,nan,7.246,ok,
1771660341783,sentence-transformers/all-mpnet-base-v2,4,off,16,1,384,3,0,0.46199285500006226,nan,nan,nan,nan,nan,nan,7.246,ok,
1771660342255,sentence-transformers/all-mpnet-base-v2,4,off,16,1,384,4,0,0.4708681650000699,nan,nan,nan,nan,nan,nan,7.246,ok,
1771660343004,sentence-transformers/all-mpnet-base-v2,4,off,16,1,512,0,1,0.5296060660000421,nan,nan,nan,nan,nan,nan,7.246,ok,
1771660343492,sentence-transformers/all-mpnet-base-v2,4,off,16,1,512,1,1,0.4878803459999972,nan,nan,nan,nan,nan,nan,7.246,ok,
1771660343981,sentence-transformers/all-mpnet-base-v2,4,off,16,1,512,0,0,0.48840773400002035,nan,nan,nan,nan,nan,nan,7.246,ok,
1771660344418,sentence-transformers/all-mpnet-base-v2,4,off,16,1,512,1,0,0.43732905399997435,nan,nan,nan,nan,nan,nan,7.246,ok,
1771660344959,sentence-transformers/all-mpnet-base-v2,4,off,16,1,512,2,0,0.5406687050000301,nan,nan,nan,nan,nan,nan,7.246,ok,
1771660345540,sentence-transformers/all-mpnet-base-v2,4,off,16,1,512,3,0,0.5793455489999815,nan,nan,nan,nan,nan,nan,7.246,ok,
1771660347488,sentence-transformers/all-mpnet-base-v2,4,off,16,1,512,4,0,1.9466504160000113,nan,nan,nan,nan,nan,nan,7.246,ok,
1771660374938,sentence-transformers/all-mpnet-base-v2,8,off,2,1,16,0,1,0.7091282579999643,nan,nan,nan,nan,nan,nan,7.378,ok,
1771660375036,sentence-transformers/all-mpnet-base-v2,8,off,2,1,16,1,1,0.09724591100007274,nan,nan,nan,nan,nan,nan,7.378,ok,
1771660375128,sentence-transformers/all-mpnet-base-v2,8,off,2,1,16,0,0,0.09248679400002402,nan,nan,nan,nan,nan,nan,7.378,ok,
1771660375227,sentence-transformers/all-mpnet-base-v2,8,off,2,1,16,1,0,0.09885053999983029,nan,nan,nan,nan,nan,nan,7.378,ok,
1771660375316,sentence-transformers/all-mpnet-base-v2,8,off,2,1,16,2,0,0.08887907700000142,nan,nan,nan,nan,nan,nan,7.378,ok,
1771660375406,sentence-transformers/all-mpnet-base-v2,8,off,2,1,16,3,0,0.0889116659998308,nan,nan,nan,nan,nan,nan,7.378,ok,
1771660375498,sentence-transformers/all-mpnet-base-v2,8,off,2,1,16,4,0,0.09242810499995358,nan,nan,nan,nan,nan,nan,7.378,ok,
1771660375603,sentence-transformers/all-mpnet-base-v2,8,off,2,1,32,0,1,0.10319435599990356,nan,nan,nan,nan,nan,nan,7.378,ok,
1771660375707,sentence-transformers/all-mpnet-base-v2,8,off,2,1,32,1,1,0.10397642899988568,nan,nan,nan,nan,nan,nan,7.378,ok,
1771660375812,sentence-transformers/all-mpnet-base-v2,8,off,2,1,32,0,0,0.10422384299999976,nan,nan,nan,nan,nan,nan,7.378,ok,
1771660375919,sentence-transformers/all-mpnet-base-v2,8,off,2,1,32,1,0,0.1065656640000725,nan,nan,nan,nan,nan,nan,7.378,ok,
1771660376023,sentence-transformers/all-mpnet-base-v2,8,off,2,1,32,2,0,0.10408401300014702,nan,nan,nan,nan,nan,nan,7.378,ok,
1771660376124,sentence-transformers/all-mpnet-base-v2,8,off,2,1,32,3,0,0.10085918499999025,nan,nan,nan,nan,nan,nan,7.378,ok,
1771660376232,sentence-transformers/all-mpnet-base-v2,8,off,2,1,32,4,0,0.10767914199982442,nan,nan,nan,nan,nan,nan,7.378,ok,
1771660376357,sentence-transformers/all-mpnet-base-v2,8,off,2,1,64,0,1,0.11977782399981152,nan,nan,nan,nan,nan,nan,7.378,ok,
1771660376488,sentence-transformers/all-mpnet-base-v2,8,off,2,1,64,1,1,0.13080837099983,nan,nan,nan,nan,nan,nan,7.378,ok,
1771660376611,sentence-transformers/all-mpnet-base-v2,8,off,2,1,64,0,0,0.12244710400000258,nan,nan,nan,nan,nan,nan,7.378,ok,
1771660376734,sentence-transformers/all-mpnet-base-v2,8,off,2,1,64,1,0,0.12264197399986188,nan,nan,nan,nan,nan,nan,7.378,ok,
1771660376855,sentence-transformers/all-mpnet-base-v2,8,off,2,1,64,2,0,0.12168769300001259,nan,nan,nan,nan,nan,nan,7.378,ok,
1771660376976,sentence-transformers/all-mpnet-base-v2,8,off,2,1,64,3,0,0.12011355300001014,nan,nan,nan,nan,nan,nan,7.378,ok,
1771660377098,sentence-transformers/all-mpnet-base-v2,8,off,2,1,64,4,0,0.12222149900003387,nan,nan,nan,nan,nan,nan,7.378,ok,
1771660377317,sentence-transformers/all-mpnet-base-v2,8,off,2,1,128,0,1,0.20251424200000656,nan,nan,nan,nan,nan,nan,7.378,ok,
1771660377457,sentence-transformers/all-mpnet-base-v2,8,off,2,1,128,1,1,0.13986905100000513,nan,nan,nan,nan,nan,nan,7.378,ok,
1771660377594,sentence-transformers/all-mpnet-base-v2,8,off,2,1,128,0,0,0.13639927100007299,nan,nan,nan,nan,nan,nan,7.378,ok,
1771660377731,sentence-transformers/all-mpnet-base-v2,8,off,2,1,128,1,0,0.13744826900006046,nan,nan,nan,nan,nan,nan,7.378,ok,
1771660377863,sentence-transformers/all-mpnet-base-v2,8,off,2,1,128,2,0,0.13118299699999625,nan,nan,nan,nan,nan,nan,7.378,ok,
1771660377991,sentence-transformers/all-mpnet-base-v2,8,off,2,1,128,3,0,0.1284562640000786,nan,nan,nan,nan,nan,nan,7.378,ok,
1771660378128,sentence-transformers/all-mpnet-base-v2,8,off,2,1,128,4,0,0.13635163699996156,nan,nan,nan,nan,nan,nan,7.378,ok,
1771660378476,sentence-transformers/all-mpnet-base-v2,8,off,2,1,256,0,1,0.28961329300000216,nan,nan,nan,nan,nan,nan,7.378,ok,
1771660378721,sentence-transformers/all-mpnet-base-v2,8,off,2,1,256,1,1,0.2452451829999518,nan,nan,nan,nan,nan,nan,7.378,ok,
1771660378955,sentence-transformers/all-mpnet-base-v2,8,off,2,1,256,0,0,0.2339286669998728,nan,nan,nan,nan,nan,nan,7.378,ok,
1771660379170,sentence-transformers/all-mpnet-base-v2,8,off,2,1,256,1,0,0.21471220700004778,nan,nan,nan,nan,nan,nan,7.378,ok,
1771660379398,sentence-transformers/all-mpnet-base-v2,8,off,2,1,256,2,0,0.22784220599987748,nan,nan,nan,nan,nan,nan,7.378,ok,
1771660379665,sentence-transformers/all-mpnet-base-v2,8,off,2,1,256,3,0,0.26658961999987696,nan,nan,nan,nan,nan,nan,7.378,ok,
1771660379892,sentence-transformers/all-mpnet-base-v2,8,off,2,1,256,4,0,0.22666219400002774,nan,nan,nan,nan,nan,nan,7.378,ok,
1771660380492,sentence-transformers/all-mpnet-base-v2,8,off,2,1,384,0,1,0.4551360979999117,nan,nan,nan,nan,nan,nan,7.378,ok,
1771660380970,sentence-transformers/all-mpnet-base-v2,8,off,2,1,384,1,1,0.47833926800012705,nan,nan,nan,nan,nan,nan,7.378,ok,
1771660381514,sentence-transformers/all-mpnet-base-v2,8,off,2,1,384,0,0,0.5429498189998867,nan,nan,nan,nan,nan,nan,7.378,ok,
1771660382095,sentence-transformers/all-mpnet-base-v2,8,off,2,1,384,1,0,0.5808813779999582,nan,nan,nan,nan,nan,nan,7.378,ok,
1771660383442,sentence-transformers/all-mpnet-base-v2,8,off,2,1,384,2,0,1.3469928859999527,nan,nan,nan,nan,nan,nan,7.378,ok,
1771660383947,sentence-transformers/all-mpnet-base-v2,8,off,2,1,384,3,0,0.5044415580000532,nan,nan,nan,nan,nan,nan,7.378,ok,
1771660384393,sentence-transformers/all-mpnet-base-v2,8,off,2,1,384,4,0,0.4453508259998671,nan,nan,nan,nan,nan,nan,7.378,ok,
1771660385046,sentence-transformers/all-mpnet-base-v2,8,off,2,1,512,0,1,0.4411860230000002,nan,nan,nan,nan,nan,nan,7.378,ok,
1771660385472,sentence-transformers/all-mpnet-base-v2,8,off,2,1,512,1,1,0.4264791380001043,nan,nan,nan,nan,nan,nan,7.378,ok,
1771660385940,sentence-transformers/all-mpnet-base-v2,8,off,2,1,512,0,0,0.4677158799997869,nan,nan,nan,nan,nan,nan,7.378,ok,
1771660386404,sentence-transformers/all-mpnet-base-v2,8,off,2,1,512,1,0,0.4634105580000778,nan,nan,nan,nan,nan,nan,7.378,ok,
1771660386865,sentence-transformers/all-mpnet-base-v2,8,off,2,1,512,2,0,0.46145900900000925,nan,nan,nan,nan,nan,nan,7.378,ok,
1771660387325,sentence-transformers/all-mpnet-base-v2,8,off,2,1,512,3,0,0.459533140999838,nan,nan,nan,nan,nan,nan,7.378,ok,
1771660387828,sentence-transformers/all-mpnet-base-v2,8,off,2,1,512,4,0,0.5029902910000601,nan,nan,nan,nan,nan,nan,7.378,ok,
1771660413315,sentence-transformers/all-mpnet-base-v2,8,off,4,1,16,0,1,0.4734027579997928,nan,nan,nan,nan,nan,nan,7.462,ok,
1771660413419,sentence-transformers/all-mpnet-base-v2,8,off,4,1,16,1,1,0.10409043300001031,nan,nan,nan,nan,nan,nan,7.462,ok,
1771660413513,sentence-transformers/all-mpnet-base-v2,8,off,4,1,16,0,0,0.0933477020000737,nan,nan,nan,nan,nan,nan,7.462,ok,
1771660413623,sentence-transformers/all-mpnet-base-v2,8,off,4,1,16,1,0,0.1103092309999738,nan,nan,nan,nan,nan,nan,7.462,ok,
1771660413716,sentence-transformers/all-mpnet-base-v2,8,off,4,1,16,2,0,0.09218626199981372,nan,nan,nan,nan,nan,nan,7.462,ok,
1771660413820,sentence-transformers/all-mpnet-base-v2,8,off,4,1,16,3,0,0.10360035500002596,nan,nan,nan,nan,nan,nan,7.462,ok,
1771660413912,sentence-transformers/all-mpnet-base-v2,8,off,4,1,16,4,0,0.09209096900008262,nan,nan,nan,nan,nan,nan,7.462,ok,
1771660414045,sentence-transformers/all-mpnet-base-v2,8,off,4,1,32,0,1,0.1314314580001792,nan,nan,nan,nan,nan,nan,7.462,ok,
1771660414144,sentence-transformers/all-mpnet-base-v2,8,off,4,1,32,1,1,0.09831554599986703,nan,nan,nan,nan,nan,nan,7.462,ok,
1771660414254,sentence-transformers/all-mpnet-base-v2,8,off,4,1,32,0,0,0.10997365500020351,nan,nan,nan,nan,nan,nan,7.462,ok,
1771660414357,sentence-transformers/all-mpnet-base-v2,8,off,4,1,32,1,0,0.10291395199988074,nan,nan,nan,nan,nan,nan,7.462,ok,
1771660414458,sentence-transformers/all-mpnet-base-v2,8,off,4,1,32,2,0,0.10053183400009402,nan,nan,nan,nan,nan,nan,7.462,ok,
1771660414561,sentence-transformers/all-mpnet-base-v2,8,off,4,1,32,3,0,0.10258137499999975,nan,nan,nan,nan,nan,nan,7.462,ok,
1771660414659,sentence-transformers/all-mpnet-base-v2,8,off,4,1,32,4,0,0.09861238499979663,nan,nan,nan,nan,nan,nan,7.462,ok,
1771660414805,sentence-transformers/all-mpnet-base-v2,8,off,4,1,64,0,1,0.13926112400008606,nan,nan,nan,nan,nan,nan,7.462,ok,
1771660414943,sentence-transformers/all-mpnet-base-v2,8,off,4,1,64,1,1,0.13739294400011204,nan,nan,nan,nan,nan,nan,7.462,ok,
1771660415063,sentence-transformers/all-mpnet-base-v2,8,off,4,1,64,0,0,0.11954814699993221,nan,nan,nan,nan,nan,nan,7.462,ok,
1771660415197,sentence-transformers/all-mpnet-base-v2,8,off,4,1,64,1,0,0.13370726199991623,nan,nan,nan,nan,nan,nan,7.462,ok,
1771660415315,sentence-transformers/all-mpnet-base-v2,8,off,4,1,64,2,0,0.11873004099993523,nan,nan,nan,nan,nan,nan,7.462,ok,
1771660415445,sentence-transformers/all-mpnet-base-v2,8,off,4,1,64,3,0,0.12899770099988928,nan,nan,nan,nan,nan,nan,7.462,ok,
1771660415565,sentence-transformers/all-mpnet-base-v2,8,off,4,1,64,4,0,0.12047841000003245,nan,nan,nan,nan,nan,nan,7.462,ok,
1771660415770,sentence-transformers/all-mpnet-base-v2,8,off,4,1,128,0,1,0.17879142400011006,nan,nan,nan,nan,nan,nan,7.462,ok,
1771660415934,sentence-transformers/all-mpnet-base-v2,8,off,4,1,128,1,1,0.1636659509999845,nan,nan,nan,nan,nan,nan,7.462,ok,
1771660416083,sentence-transformers/all-mpnet-base-v2,8,off,4,1,128,0,0,0.14941016800003126,nan,nan,nan,nan,nan,nan,7.462,ok,
1771660416224,sentence-transformers/all-mpnet-base-v2,8,off,4,1,128,1,0,0.14063263399998505,nan,nan,nan,nan,nan,nan,7.462,ok,
1771660416372,sentence-transformers/all-mpnet-base-v2,8,off,4,1,128,2,0,0.14762962800000423,nan,nan,nan,nan,nan,nan,7.462,ok,
1771660416526,sentence-transformers/all-mpnet-base-v2,8,off,4,1,128,3,0,0.15394193999986783,nan,nan,nan,nan,nan,nan,7.462,ok,
1771660416672,sentence-transformers/all-mpnet-base-v2,8,off,4,1,128,4,0,0.14567027599991889,nan,nan,nan,nan,nan,nan,7.462,ok,
1771660417153,sentence-transformers/all-mpnet-base-v2,8,off,4,1,256,0,1,0.4217549350000809,nan,nan,nan,nan,nan,nan,7.462,ok,
1771660417380,sentence-transformers/all-mpnet-base-v2,8,off,4,1,256,1,1,0.22668101399995066,nan,nan,nan,nan,nan,nan,7.462,ok,
1771660417595,sentence-transformers/all-mpnet-base-v2,8,off,4,1,256,0,0,0.21422323000001597,nan,nan,nan,nan,nan,nan,7.462,ok,
1771660417857,sentence-transformers/all-mpnet-base-v2,8,off,4,1,256,1,0,0.2623405829999683,nan,nan,nan,nan,nan,nan,7.462,ok,
1771660418128,sentence-transformers/all-mpnet-base-v2,8,off,4,1,256,2,0,0.2705765359999077,nan,nan,nan,nan,nan,nan,7.462,ok,
1771660418348,sentence-transformers/all-mpnet-base-v2,8,off,4,1,256,3,0,0.21980580700005703,nan,nan,nan,nan,nan,nan,7.462,ok,
1771660418617,sentence-transformers/all-mpnet-base-v2,8,off,4,1,256,4,0,0.2692889990000822,nan,nan,nan,nan,nan,nan,7.462,ok,
1771660419256,sentence-transformers/all-mpnet-base-v2,8,off,4,1,384,0,1,0.5101422939999338,nan,nan,nan,nan,nan,nan,7.462,ok,
1771660419694,sentence-transformers/all-mpnet-base-v2,8,off,4,1,384,1,1,0.43849109300003875,nan,nan,nan,nan,nan,nan,7.462,ok,
1771660420159,sentence-transformers/all-mpnet-base-v2,8,off,4,1,384,0,0,0.4648330509999141,nan,nan,nan,nan,nan,nan,7.462,ok,
1771660420627,sentence-transformers/all-mpnet-base-v2,8,off,4,1,384,1,0,0.4676673540000138,nan,nan,nan,nan,nan,nan,7.462,ok,
1771660421070,sentence-transformers/all-mpnet-base-v2,8,off,4,1,384,2,0,0.44306386800008113,nan,nan,nan,nan,nan,nan,7.462,ok,
1771660421489,sentence-transformers/all-mpnet-base-v2,8,off,4,1,384,3,0,0.41904389399996944,nan,nan,nan,nan,nan,nan,7.462,ok,
1771660421923,sentence-transformers/all-mpnet-base-v2,8,off,4,1,384,4,0,0.4329645299999356,nan,nan,nan,nan,nan,nan,7.462,ok,
1771660422611,sentence-transformers/all-mpnet-base-v2,8,off,4,1,512,0,1,0.4672027290000642,nan,nan,nan,nan,nan,nan,7.462,ok,
1771660423034,sentence-transformers/all-mpnet-base-v2,8,off,4,1,512,1,1,0.4231953099999828,nan,nan,nan,nan,nan,nan,7.462,ok,
1771660423456,sentence-transformers/all-mpnet-base-v2,8,off,4,1,512,0,0,0.4216993459999685,nan,nan,nan,nan,nan,nan,7.462,ok,
1771660423905,sentence-transformers/all-mpnet-base-v2,8,off,4,1,512,1,0,0.4481275339999229,nan,nan,nan,nan,nan,nan,7.462,ok,
1771660424393,sentence-transformers/all-mpnet-base-v2,8,off,4,1,512,2,0,0.48787903899983576,nan,nan,nan,nan,nan,nan,7.462,ok,
1771660424918,sentence-transformers/all-mpnet-base-v2,8,off,4,1,512,3,0,0.5253846230000363,nan,nan,nan,nan,nan,nan,7.462,ok,
1771660425450,sentence-transformers/all-mpnet-base-v2,8,off,4,1,512,4,0,0.5311407940000663,nan,nan,nan,nan,nan,nan,7.462,ok,
1771660451940,sentence-transformers/all-mpnet-base-v2,8,off,8,1,16,0,1,0.3045468539999092,nan,nan,nan,nan,nan,nan,8.430,ok,
1771660452043,sentence-transformers/all-mpnet-base-v2,8,off,8,1,16,1,1,0.10233660000017153,nan,nan,nan,nan,nan,nan,8.430,ok,
1771660452138,sentence-transformers/all-mpnet-base-v2,8,off,8,1,16,0,0,0.09535572800018599,nan,nan,nan,nan,nan,nan,8.430,ok,
1771660452245,sentence-transformers/all-mpnet-base-v2,8,off,8,1,16,1,0,0.10633205299996007,nan,nan,nan,nan,nan,nan,8.430,ok,
1771660452342,sentence-transformers/all-mpnet-base-v2,8,off,8,1,16,2,0,0.09662187799995081,nan,nan,nan,nan,nan,nan,8.430,ok,
1771660452437,sentence-transformers/all-mpnet-base-v2,8,off,8,1,16,3,0,0.09531399200000124,nan,nan,nan,nan,nan,nan,8.430,ok,
1771660452579,sentence-transformers/all-mpnet-base-v2,8,off,8,1,16,4,0,0.1414595690000624,nan,nan,nan,nan,nan,nan,8.430,ok,
1771660452723,sentence-transformers/all-mpnet-base-v2,8,off,8,1,32,0,1,0.14002078800012896,nan,nan,nan,nan,nan,nan,8.430,ok,
1771660452838,sentence-transformers/all-mpnet-base-v2,8,off,8,1,32,1,1,0.11443419300007918,nan,nan,nan,nan,nan,nan,8.430,ok,
1771660452939,sentence-transformers/all-mpnet-base-v2,8,off,8,1,32,0,0,0.10120776900021156,nan,nan,nan,nan,nan,nan,8.430,ok,
1771660453048,sentence-transformers/all-mpnet-base-v2,8,off,8,1,32,1,0,0.10809546200016484,nan,nan,nan,nan,nan,nan,8.430,ok,
1771660453288,sentence-transformers/all-mpnet-base-v2,8,off,8,1,32,2,0,0.23927959800016652,nan,nan,nan,nan,nan,nan,8.430,ok,
1771660453405,sentence-transformers/all-mpnet-base-v2,8,off,8,1,32,3,0,0.11688419300003261,nan,nan,nan,nan,nan,nan,8.430,ok,
1771660453511,sentence-transformers/all-mpnet-base-v2,8,off,8,1,32,4,0,0.10555158900001516,nan,nan,nan,nan,nan,nan,8.430,ok,
1771660453711,sentence-transformers/all-mpnet-base-v2,8,off,8,1,64,0,1,0.19124812599989127,nan,nan,nan,nan,nan,nan,8.430,ok,
1771660454012,sentence-transformers/all-mpnet-base-v2,8,off,8,1,64,1,1,0.3002436829999624,nan,nan,nan,nan,nan,nan,8.430,ok,
1771660454149,sentence-transformers/all-mpnet-base-v2,8,off,8,1,64,0,0,0.13734705099977873,nan,nan,nan,nan,nan,nan,8.430,ok,
1771660454287,sentence-transformers/all-mpnet-base-v2,8,off,8,1,64,1,0,0.13747368800000004,nan,nan,nan,nan,nan,nan,8.430,ok,
1771660454452,sentence-transformers/all-mpnet-base-v2,8,off,8,1,64,2,0,0.16407475100004376,nan,nan,nan,nan,nan,nan,8.430,ok,
1771660454629,sentence-transformers/all-mpnet-base-v2,8,off,8,1,64,3,0,0.17666482200002065,nan,nan,nan,nan,nan,nan,8.430,ok,
1771660454788,sentence-transformers/all-mpnet-base-v2,8,off,8,1,64,4,0,0.15948303499999383,nan,nan,nan,nan,nan,nan,8.430,ok,
1771660454999,sentence-transformers/all-mpnet-base-v2,8,off,8,1,128,0,1,0.19197674400015785,nan,nan,nan,nan,nan,nan,8.430,ok,
1771660455173,sentence-transformers/all-mpnet-base-v2,8,off,8,1,128,1,1,0.17463536299987936,nan,nan,nan,nan,nan,nan,8.430,ok,
1771660455325,sentence-transformers/all-mpnet-base-v2,8,off,8,1,128,0,0,0.15156283999999687,nan,nan,nan,nan,nan,nan,8.430,ok,
1771660455468,sentence-transformers/all-mpnet-base-v2,8,off,8,1,128,1,0,0.14250790599999164,nan,nan,nan,nan,nan,nan,8.430,ok,
1771660455611,sentence-transformers/all-mpnet-base-v2,8,off,8,1,128,2,0,0.14262580600006913,nan,nan,nan,nan,nan,nan,8.430,ok,
1771660455744,sentence-transformers/all-mpnet-base-v2,8,off,8,1,128,3,0,0.13305280100007622,nan,nan,nan,nan,nan,nan,8.430,ok,
1771660455880,sentence-transformers/all-mpnet-base-v2,8,off,8,1,128,4,0,0.13617943200006266,nan,nan,nan,nan,nan,nan,8.430,ok,
1771660456192,sentence-transformers/all-mpnet-base-v2,8,off,8,1,256,0,1,0.25446349900016685,nan,nan,nan,nan,nan,nan,8.430,ok,
1771660456449,sentence-transformers/all-mpnet-base-v2,8,off,8,1,256,1,1,0.2566718820000915,nan,nan,nan,nan,nan,nan,8.430,ok,
1771660456706,sentence-transformers/all-mpnet-base-v2,8,off,8,1,256,0,0,0.256277984999997,nan,nan,nan,nan,nan,nan,8.430,ok,
1771660456956,sentence-transformers/all-mpnet-base-v2,8,off,8,1,256,1,0,0.25076642399994853,nan,nan,nan,nan,nan,nan,8.430,ok,
1771660457213,sentence-transformers/all-mpnet-base-v2,8,off,8,1,256,2,0,0.25648581300015394,nan,nan,nan,nan,nan,nan,8.430,ok,
1771660457460,sentence-transformers/all-mpnet-base-v2,8,off,8,1,256,3,0,0.2468709239999498,nan,nan,nan,nan,nan,nan,8.430,ok,
1771660457691,sentence-transformers/all-mpnet-base-v2,8,off,8,1,256,4,0,0.23095569699989937,nan,nan,nan,nan,nan,nan,8.430,ok,
1771660458282,sentence-transformers/all-mpnet-base-v2,8,off,8,1,384,0,1,0.463595112999883,nan,nan,nan,nan,nan,nan,8.430,ok,
1771660458777,sentence-transformers/all-mpnet-base-v2,8,off,8,1,384,1,1,0.49486992899983306,nan,nan,nan,nan,nan,nan,8.430,ok,
1771660459275,sentence-transformers/all-mpnet-base-v2,8,off,8,1,384,0,0,0.4983042579999619,nan,nan,nan,nan,nan,nan,8.430,ok,
1771660459828,sentence-transformers/all-mpnet-base-v2,8,off,8,1,384,1,0,0.5521575689999736,nan,nan,nan,nan,nan,nan,8.430,ok,
1771660460301,sentence-transformers/all-mpnet-base-v2,8,off,8,1,384,2,0,0.4733674159999737,nan,nan,nan,nan,nan,nan,8.430,ok,
1771660460890,sentence-transformers/all-mpnet-base-v2,8,off,8,1,384,3,0,0.5880337730000065,nan,nan,nan,nan,nan,nan,8.430,ok,
1771660462072,sentence-transformers/all-mpnet-base-v2,8,off,8,1,384,4,0,1.1820274679998874,nan,nan,nan,nan,nan,nan,8.430,ok,
1771660462813,sentence-transformers/all-mpnet-base-v2,8,off,8,1,512,0,1,0.5017115110001669,nan,nan,nan,nan,nan,nan,8.430,ok,
1771660463325,sentence-transformers/all-mpnet-base-v2,8,off,8,1,512,1,1,0.5116361090001647,nan,nan,nan,nan,nan,nan,8.430,ok,
1771660463785,sentence-transformers/all-mpnet-base-v2,8,off,8,1,512,0,0,0.45989413799998147,nan,nan,nan,nan,nan,nan,8.430,ok,
1771660464243,sentence-transformers/all-mpnet-base-v2,8,off,8,1,512,1,0,0.4574768380000478,nan,nan,nan,nan,nan,nan,8.430,ok,
1771660464727,sentence-transformers/all-mpnet-base-v2,8,off,8,1,512,2,0,0.48448479900002894,nan,nan,nan,nan,nan,nan,8.430,ok,
1771660465215,sentence-transformers/all-mpnet-base-v2,8,off,8,1,512,3,0,0.4872204600001169,nan,nan,nan,nan,nan,nan,8.430,ok,
1771660465681,sentence-transformers/all-mpnet-base-v2,8,off,8,1,512,4,0,0.4663724540000658,nan,nan,nan,nan,nan,nan,8.430,ok,
1771660492640,sentence-transformers/all-mpnet-base-v2,8,off,16,1,16,0,1,0.3669434480000291,nan,nan,nan,nan,nan,nan,7.910,ok,
1771660492730,sentence-transformers/all-mpnet-base-v2,8,off,16,1,16,1,1,0.08984030800002074,nan,nan,nan,nan,nan,nan,7.910,ok,
1771660492819,sentence-transformers/all-mpnet-base-v2,8,off,16,1,16,0,0,0.08889034300000276,nan,nan,nan,nan,nan,nan,7.910,ok,
1771660492914,sentence-transformers/all-mpnet-base-v2,8,off,16,1,16,1,0,0.09469347699996433,nan,nan,nan,nan,nan,nan,7.910,ok,
1771660493002,sentence-transformers/all-mpnet-base-v2,8,off,16,1,16,2,0,0.08846310000012636,nan,nan,nan,nan,nan,nan,7.910,ok,
1771660493094,sentence-transformers/all-mpnet-base-v2,8,off,16,1,16,3,0,0.09111699100003534,nan,nan,nan,nan,nan,nan,7.910,ok,
1771660493184,sentence-transformers/all-mpnet-base-v2,8,off,16,1,16,4,0,0.09070288300017637,nan,nan,nan,nan,nan,nan,7.910,ok,
1771660493294,sentence-transformers/all-mpnet-base-v2,8,off,16,1,32,0,1,0.10805440299986913,nan,nan,nan,nan,nan,nan,7.910,ok,
1771660493400,sentence-transformers/all-mpnet-base-v2,8,off,16,1,32,1,1,0.10544460200003414,nan,nan,nan,nan,nan,nan,7.910,ok,
1771660493506,sentence-transformers/all-mpnet-base-v2,8,off,16,1,32,0,0,0.1063568579997991,nan,nan,nan,nan,nan,nan,7.910,ok,
1771660493612,sentence-transformers/all-mpnet-base-v2,8,off,16,1,32,1,0,0.10511844899997413,nan,nan,nan,nan,nan,nan,7.910,ok,
1771660493716,sentence-transformers/all-mpnet-base-v2,8,off,16,1,32,2,0,0.10379853700010244,nan,nan,nan,nan,nan,nan,7.910,ok,
1771660493832,sentence-transformers/all-mpnet-base-v2,8,off,16,1,32,3,0,0.1167099760000383,nan,nan,nan,nan,nan,nan,7.910,ok,
1771660493946,sentence-transformers/all-mpnet-base-v2,8,off,16,1,32,4,0,0.11321552300000803,nan,nan,nan,nan,nan,nan,7.910,ok,
1771660494106,sentence-transformers/all-mpnet-base-v2,8,off,16,1,64,0,1,0.155397000999983,nan,nan,nan,nan,nan,nan,7.910,ok,
1771660494250,sentence-transformers/all-mpnet-base-v2,8,off,16,1,64,1,1,0.1432022930000585,nan,nan,nan,nan,nan,nan,7.910,ok,
1771660494391,sentence-transformers/all-mpnet-base-v2,8,off,16,1,64,0,0,0.14085922599997502,nan,nan,nan,nan,nan,nan,7.910,ok,
1771660494558,sentence-transformers/all-mpnet-base-v2,8,off,16,1,64,1,0,0.16687920100002884,nan,nan,nan,nan,nan,nan,7.910,ok,
1771660494702,sentence-transformers/all-mpnet-base-v2,8,off,16,1,64,2,0,0.14378053600012208,nan,nan,nan,nan,nan,nan,7.910,ok,
1771660494822,sentence-transformers/all-mpnet-base-v2,8,off,16,1,64,3,0,0.11977075000004334,nan,nan,nan,nan,nan,nan,7.910,ok,
1771660494946,sentence-transformers/all-mpnet-base-v2,8,off,16,1,64,4,0,0.12377969900012431,nan,nan,nan,nan,nan,nan,7.910,ok,
1771660495118,sentence-transformers/all-mpnet-base-v2,8,off,16,1,128,0,1,0.15524313900004927,nan,nan,nan,nan,nan,nan,7.910,ok,
1771660495243,sentence-transformers/all-mpnet-base-v2,8,off,16,1,128,1,1,0.12488543099993876,nan,nan,nan,nan,nan,nan,7.910,ok,
1771660495378,sentence-transformers/all-mpnet-base-v2,8,off,16,1,128,0,0,0.13542917200015836,nan,nan,nan,nan,nan,nan,7.910,ok,
1771660495530,sentence-transformers/all-mpnet-base-v2,8,off,16,1,128,1,0,0.15144867499998327,nan,nan,nan,nan,nan,nan,7.910,ok,
1771660495695,sentence-transformers/all-mpnet-base-v2,8,off,16,1,128,2,0,0.16490563599995767,nan,nan,nan,nan,nan,nan,7.910,ok,
1771660495843,sentence-transformers/all-mpnet-base-v2,8,off,16,1,128,3,0,0.14774507199990694,nan,nan,nan,nan,nan,nan,7.910,ok,
1771660495980,sentence-transformers/all-mpnet-base-v2,8,off,16,1,128,4,0,0.13658432700003686,nan,nan,nan,nan,nan,nan,7.910,ok,
1771660496282,sentence-transformers/all-mpnet-base-v2,8,off,16,1,256,0,1,0.24080965399980414,nan,nan,nan,nan,nan,nan,7.910,ok,
1771660496550,sentence-transformers/all-mpnet-base-v2,8,off,16,1,256,1,1,0.2678754470000513,nan,nan,nan,nan,nan,nan,7.910,ok,
1771660496879,sentence-transformers/all-mpnet-base-v2,8,off,16,1,256,0,0,0.32819386200003464,nan,nan,nan,nan,nan,nan,7.910,ok,
1771660497140,sentence-transformers/all-mpnet-base-v2,8,off,16,1,256,1,0,0.2602421270000832,nan,nan,nan,nan,nan,nan,7.910,ok,
1771660497692,sentence-transformers/all-mpnet-base-v2,8,off,16,1,256,2,0,0.5515266519998931,nan,nan,nan,nan,nan,nan,7.910,ok,
1771660497968,sentence-transformers/all-mpnet-base-v2,8,off,16,1,256,3,0,0.27554149799993866,nan,nan,nan,nan,nan,nan,7.910,ok,
1771660498239,sentence-transformers/all-mpnet-base-v2,8,off,16,1,256,4,0,0.27167570500000693,nan,nan,nan,nan,nan,nan,7.910,ok,
1771660498954,sentence-transformers/all-mpnet-base-v2,8,off,16,1,384,0,1,0.5872057010001299,nan,nan,nan,nan,nan,nan,7.910,ok,
1771660499473,sentence-transformers/all-mpnet-base-v2,8,off,16,1,384,1,1,0.5193665300000703,nan,nan,nan,nan,nan,nan,7.910,ok,
1771660499942,sentence-transformers/all-mpnet-base-v2,8,off,16,1,384,0,0,0.46850500799996553,nan,nan,nan,nan,nan,nan,7.910,ok,
1771660500416,sentence-transformers/all-mpnet-base-v2,8,off,16,1,384,1,0,0.4742462219999197,nan,nan,nan,nan,nan,nan,7.910,ok,
1771660500887,sentence-transformers/all-mpnet-base-v2,8,off,16,1,384,2,0,0.4706523400000151,nan,nan,nan,nan,nan,nan,7.910,ok,
1771660501312,sentence-transformers/all-mpnet-base-v2,8,off,16,1,384,3,0,0.42499376399996436,nan,nan,nan,nan,nan,nan,7.910,ok,
1771660501749,sentence-transformers/all-mpnet-base-v2,8,off,16,1,384,4,0,0.43720670600009726,nan,nan,nan,nan,nan,nan,7.910,ok,
1771660502374,sentence-transformers/all-mpnet-base-v2,8,off,16,1,512,0,1,0.4151413140000386,nan,nan,nan,nan,nan,nan,7.910,ok,
1771660502812,sentence-transformers/all-mpnet-base-v2,8,off,16,1,512,1,1,0.43823134900003424,nan,nan,nan,nan,nan,nan,7.910,ok,
1771660503289,sentence-transformers/all-mpnet-base-v2,8,off,16,1,512,0,0,0.4765992129998722,nan,nan,nan,nan,nan,nan,7.910,ok,
1771660503718,sentence-transformers/all-mpnet-base-v2,8,off,16,1,512,1,0,0.4285346639999261,nan,nan,nan,nan,nan,nan,7.910,ok,
1771660504165,sentence-transformers/all-mpnet-base-v2,8,off,16,1,512,2,0,0.4471344799999315,nan,nan,nan,nan,nan,nan,7.910,ok,
1771660504617,sentence-transformers/all-mpnet-base-v2,8,off,16,1,512,3,0,0.4521916170001532,nan,nan,nan,nan,nan,nan,7.910,ok,
1771660505094,sentence-transformers/all-mpnet-base-v2,8,off,16,1,512,4,0,0.47651391199997306,nan,nan,nan,nan,nan,nan,7.910,ok,
