timestamp_ms,model_name,cpu_cores,gpu_mode,mem_cap_gb,batch_size,token_len,repeat_idx,warmup,latency_s,avg_power_w,peak_power_w,energy_j,cold_start_s,status,error
1771572153669,sentence-transformers/all-MiniLM-L6-v2,1,off,2,1,16,0,1,0.04517666100036877,nan,nan,nan,6.576,ok,
1771572153690,sentence-transformers/all-MiniLM-L6-v2,1,off,2,1,16,1,1,0.02061712999966403,nan,nan,nan,6.576,ok,
1771572153777,sentence-transformers/all-MiniLM-L6-v2,1,off,2,1,16,0,0,0.08739189299922145,nan,nan,nan,6.576,ok,
1771572153871,sentence-transformers/all-MiniLM-L6-v2,1,off,2,1,16,1,0,0.09387312199942244,nan,nan,nan,6.576,ok,
1771572153892,sentence-transformers/all-MiniLM-L6-v2,1,off,2,1,16,2,0,0.02049268600057985,nan,nan,nan,6.576,ok,
1771572153980,sentence-transformers/all-MiniLM-L6-v2,1,off,2,1,16,3,0,0.08856465699864202,nan,nan,nan,6.576,ok,
1771572154070,sentence-transformers/all-MiniLM-L6-v2,1,off,2,1,16,4,0,0.08944432600037544,nan,nan,nan,6.576,ok,
1771572154096,sentence-transformers/all-MiniLM-L6-v2,1,off,2,1,32,0,1,0.023774165998474928,nan,nan,nan,6.576,ok,
1771572154190,sentence-transformers/all-MiniLM-L6-v2,1,off,2,1,32,1,1,0.09413181099989743,nan,nan,nan,6.576,ok,
1771572154277,sentence-transformers/all-MiniLM-L6-v2,1,off,2,1,32,0,0,0.08663762899959693,nan,nan,nan,6.576,ok,
1771572154372,sentence-transformers/all-MiniLM-L6-v2,1,off,2,1,32,1,0,0.09549377000075765,nan,nan,nan,6.576,ok,
1771572154467,sentence-transformers/all-MiniLM-L6-v2,1,off,2,1,32,2,0,0.0941264550001506,nan,nan,nan,6.576,ok,
1771572154489,sentence-transformers/all-MiniLM-L6-v2,1,off,2,1,32,3,0,0.021787143999972614,nan,nan,nan,6.576,ok,
1771572154580,sentence-transformers/all-MiniLM-L6-v2,1,off,2,1,32,4,0,0.09132836699973268,nan,nan,nan,6.576,ok,
1771572154676,sentence-transformers/all-MiniLM-L6-v2,1,off,2,1,64,0,1,0.09084813299887173,nan,nan,nan,6.576,ok,
1771572154774,sentence-transformers/all-MiniLM-L6-v2,1,off,2,1,64,1,1,0.09741285599920957,nan,nan,nan,6.576,ok,
1771572154872,sentence-transformers/all-MiniLM-L6-v2,1,off,2,1,64,0,0,0.09809406800013676,nan,nan,nan,6.576,ok,
1771572154965,sentence-transformers/all-MiniLM-L6-v2,1,off,2,1,64,1,0,0.09311971900024218,nan,nan,nan,6.576,ok,
1771572154998,sentence-transformers/all-MiniLM-L6-v2,1,off,2,1,64,2,0,0.03255756799990195,nan,nan,nan,6.576,ok,
1771572155089,sentence-transformers/all-MiniLM-L6-v2,1,off,2,1,64,3,0,0.09074180199968396,nan,nan,nan,6.576,ok,
1771572155182,sentence-transformers/all-MiniLM-L6-v2,1,off,2,1,64,4,0,0.09311176300070656,nan,nan,nan,6.576,ok,
1771572155286,sentence-transformers/all-MiniLM-L6-v2,1,off,2,1,128,0,1,0.08640015299897641,nan,nan,nan,6.576,ok,
1771572155383,sentence-transformers/all-MiniLM-L6-v2,1,off,2,1,128,1,1,0.0978142879994266,nan,nan,nan,6.576,ok,
1771572155486,sentence-transformers/all-MiniLM-L6-v2,1,off,2,1,128,0,0,0.10198657799992361,nan,nan,nan,6.576,ok,
1771572155588,sentence-transformers/all-MiniLM-L6-v2,1,off,2,1,128,1,0,0.10215246000007028,nan,nan,nan,6.576,ok,
1771572155692,sentence-transformers/all-MiniLM-L6-v2,1,off,2,1,128,2,0,0.10414070099977835,nan,nan,nan,6.576,ok,
1771572155791,sentence-transformers/all-MiniLM-L6-v2,1,off,2,1,128,3,0,0.09842596799899184,nan,nan,nan,6.576,ok,
1771572155890,sentence-transformers/all-MiniLM-L6-v2,1,off,2,1,128,4,0,0.09952508700007456,nan,nan,nan,6.576,ok,
1771572156082,sentence-transformers/all-MiniLM-L6-v2,1,off,2,1,256,0,1,0.13472171500143304,nan,nan,nan,6.576,ok,
1771572156269,sentence-transformers/all-MiniLM-L6-v2,1,off,2,1,256,1,1,0.18682139399970765,nan,nan,nan,6.576,ok,
1771572156385,sentence-transformers/all-MiniLM-L6-v2,1,off,2,1,256,0,0,0.11554949700075667,nan,nan,nan,6.576,ok,
1771572156574,sentence-transformers/all-MiniLM-L6-v2,1,off,2,1,256,1,0,0.1891553389996261,nan,nan,nan,6.576,ok,
1771572156691,sentence-transformers/all-MiniLM-L6-v2,1,off,2,1,256,2,0,0.11710060400037037,nan,nan,nan,6.576,ok,
1771572156882,sentence-transformers/all-MiniLM-L6-v2,1,off,2,1,256,3,0,0.19090395300008822,nan,nan,nan,6.576,ok,
1771572157071,sentence-transformers/all-MiniLM-L6-v2,1,off,2,1,256,4,0,0.18841601100029948,nan,nan,nan,6.576,ok,
1771572157279,sentence-transformers/all-MiniLM-L6-v2,1,off,2,1,384,0,1,0.08172369400017487,nan,nan,nan,6.576,ok,
1771572157472,sentence-transformers/all-MiniLM-L6-v2,1,off,2,1,384,1,1,0.19346505000066827,nan,nan,nan,6.576,ok,
1771572157590,sentence-transformers/all-MiniLM-L6-v2,1,off,2,1,384,0,0,0.11785439199957182,nan,nan,nan,6.576,ok,
1771572157780,sentence-transformers/all-MiniLM-L6-v2,1,off,2,1,384,1,0,0.19015020999904664,nan,nan,nan,6.576,ok,
1771572157969,sentence-transformers/all-MiniLM-L6-v2,1,off,2,1,384,2,0,0.18850217900035204,nan,nan,nan,6.576,ok,
1771572158086,sentence-transformers/all-MiniLM-L6-v2,1,off,2,1,384,3,0,0.11650592600017262,nan,nan,nan,6.576,ok,
1771572158276,sentence-transformers/all-MiniLM-L6-v2,1,off,2,1,384,4,0,0.1905180450012267,nan,nan,nan,6.576,ok,
1771572158578,sentence-transformers/all-MiniLM-L6-v2,1,off,2,1,512,0,1,0.08639776299969526,nan,nan,nan,6.576,ok,
1771572158772,sentence-transformers/all-MiniLM-L6-v2,1,off,2,1,512,1,1,0.19326826900032756,nan,nan,nan,6.576,ok,
1771572158885,sentence-transformers/all-MiniLM-L6-v2,1,off,2,1,512,0,0,0.11343085000044084,nan,nan,nan,6.576,ok,
1771572159075,sentence-transformers/all-MiniLM-L6-v2,1,off,2,1,512,1,0,0.1899571760004619,nan,nan,nan,6.576,ok,
1771572159264,sentence-transformers/all-MiniLM-L6-v2,1,off,2,1,512,2,0,0.18857592200038198,nan,nan,nan,6.576,ok,
1771572159382,sentence-transformers/all-MiniLM-L6-v2,1,off,2,1,512,3,0,0.11789815999873099,nan,nan,nan,6.576,ok,
1771572159572,sentence-transformers/all-MiniLM-L6-v2,1,off,2,1,512,4,0,0.18926188300065405,nan,nan,nan,6.576,ok,
1771572184095,sentence-transformers/all-MiniLM-L6-v2,1,off,4,1,16,0,1,0.03552349200072058,nan,nan,nan,6.344,ok,
1771572184180,sentence-transformers/all-MiniLM-L6-v2,1,off,4,1,16,1,1,0.08562183100002585,nan,nan,nan,6.344,ok,
1771572184270,sentence-transformers/all-MiniLM-L6-v2,1,off,4,1,16,0,0,0.08999078099986946,nan,nan,nan,6.344,ok,
1771572184364,sentence-transformers/all-MiniLM-L6-v2,1,off,4,1,16,1,0,0.09353865000048245,nan,nan,nan,6.344,ok,
1771572184385,sentence-transformers/all-MiniLM-L6-v2,1,off,4,1,16,2,0,0.02067643299960764,nan,nan,nan,6.344,ok,
1771572184470,sentence-transformers/all-MiniLM-L6-v2,1,off,4,1,16,3,0,0.0852787919993716,nan,nan,nan,6.344,ok,
1771572184491,sentence-transformers/all-MiniLM-L6-v2,1,off,4,1,16,4,0,0.020426916000360507,nan,nan,nan,6.344,ok,
1771572184583,sentence-transformers/all-MiniLM-L6-v2,1,off,4,1,32,0,1,0.09046287800083519,nan,nan,nan,6.344,ok,
1771572184679,sentence-transformers/all-MiniLM-L6-v2,1,off,4,1,32,1,1,0.09541286700005003,nan,nan,nan,6.344,ok,
1771572184770,sentence-transformers/all-MiniLM-L6-v2,1,off,4,1,32,0,0,0.09102463699855434,nan,nan,nan,6.344,ok,
1771572184866,sentence-transformers/all-MiniLM-L6-v2,1,off,4,1,32,1,0,0.09533223900143639,nan,nan,nan,6.344,ok,
1771572184888,sentence-transformers/all-MiniLM-L6-v2,1,off,4,1,32,2,0,0.022610871999859228,nan,nan,nan,6.344,ok,
1771572184979,sentence-transformers/all-MiniLM-L6-v2,1,off,4,1,32,3,0,0.09019378100128961,nan,nan,nan,6.344,ok,
1771572185070,sentence-transformers/all-MiniLM-L6-v2,1,off,4,1,32,4,0,0.09128037600021344,nan,nan,nan,6.344,ok,
1771572185172,sentence-transformers/all-MiniLM-L6-v2,1,off,4,1,64,0,1,0.09616282000024512,nan,nan,nan,6.344,ok,
1771572185266,sentence-transformers/all-MiniLM-L6-v2,1,off,4,1,64,1,1,0.09405520700056513,nan,nan,nan,6.344,ok,
1771572185291,sentence-transformers/all-MiniLM-L6-v2,1,off,4,1,64,0,0,0.025242577999961213,nan,nan,nan,6.344,ok,
1771572185389,sentence-transformers/all-MiniLM-L6-v2,1,off,4,1,64,1,0,0.0971246869994502,nan,nan,nan,6.344,ok,
1771572185487,sentence-transformers/all-MiniLM-L6-v2,1,off,4,1,64,2,0,0.09854994400120631,nan,nan,nan,6.344,ok,
1771572185581,sentence-transformers/all-MiniLM-L6-v2,1,off,4,1,64,3,0,0.09347030500066467,nan,nan,nan,6.344,ok,
1771572185675,sentence-transformers/all-MiniLM-L6-v2,1,off,4,1,64,4,0,0.09407351499976357,nan,nan,nan,6.344,ok,
1771572185780,sentence-transformers/all-MiniLM-L6-v2,1,off,4,1,128,0,1,0.08769867499904649,nan,nan,nan,6.344,ok,
1771572185879,sentence-transformers/all-MiniLM-L6-v2,1,off,4,1,128,1,1,0.09909410300133459,nan,nan,nan,6.344,ok,
1771572185980,sentence-transformers/all-MiniLM-L6-v2,1,off,4,1,128,0,0,0.1006242880011996,nan,nan,nan,6.344,ok,
1771572186080,sentence-transformers/all-MiniLM-L6-v2,1,off,4,1,128,1,0,0.09960484300063399,nan,nan,nan,6.344,ok,
1771572186184,sentence-transformers/all-MiniLM-L6-v2,1,off,4,1,128,2,0,0.10442884700023569,nan,nan,nan,6.344,ok,
1771572186287,sentence-transformers/all-MiniLM-L6-v2,1,off,4,1,128,3,0,0.10208864799824369,nan,nan,nan,6.344,ok,
1771572186385,sentence-transformers/all-MiniLM-L6-v2,1,off,4,1,128,4,0,0.09811534700020275,nan,nan,nan,6.344,ok,
1771572186575,sentence-transformers/all-MiniLM-L6-v2,1,off,4,1,256,0,1,0.1333408110003802,nan,nan,nan,6.344,ok,
1771572186768,sentence-transformers/all-MiniLM-L6-v2,1,off,4,1,256,1,1,0.1920649740004592,nan,nan,nan,6.344,ok,
1771572186883,sentence-transformers/all-MiniLM-L6-v2,1,off,4,1,256,0,0,0.11529548700127634,nan,nan,nan,6.344,ok,
1771572187071,sentence-transformers/all-MiniLM-L6-v2,1,off,4,1,256,1,0,0.1874188170004345,nan,nan,nan,6.344,ok,
1771572187187,sentence-transformers/all-MiniLM-L6-v2,1,off,4,1,256,2,0,0.11589166300109355,nan,nan,nan,6.344,ok,
1771572187379,sentence-transformers/all-MiniLM-L6-v2,1,off,4,1,256,3,0,0.19234085500102083,nan,nan,nan,6.344,ok,
1771572187570,sentence-transformers/all-MiniLM-L6-v2,1,off,4,1,256,4,0,0.19120995000048424,nan,nan,nan,6.344,ok,
1771572187779,sentence-transformers/all-MiniLM-L6-v2,1,off,4,1,384,0,1,0.07807098199918983,nan,nan,nan,6.344,ok,
1771572187968,sentence-transformers/all-MiniLM-L6-v2,1,off,4,1,384,1,1,0.18892189399957715,nan,nan,nan,6.344,ok,
1771572188084,sentence-transformers/all-MiniLM-L6-v2,1,off,4,1,384,0,0,0.11641924399918935,nan,nan,nan,6.344,ok,
1771572188279,sentence-transformers/all-MiniLM-L6-v2,1,off,4,1,384,1,0,0.19420817100035492,nan,nan,nan,6.344,ok,
1771572188468,sentence-transformers/all-MiniLM-L6-v2,1,off,4,1,384,2,0,0.18911451900021348,nan,nan,nan,6.344,ok,
1771572188585,sentence-transformers/all-MiniLM-L6-v2,1,off,4,1,384,3,0,0.1167596319992299,nan,nan,nan,6.344,ok,
1771572188780,sentence-transformers/all-MiniLM-L6-v2,1,off,4,1,384,4,0,0.19537140600004932,nan,nan,nan,6.344,ok,
1771572189077,sentence-transformers/all-MiniLM-L6-v2,1,off,4,1,512,0,1,0.08222388899957878,nan,nan,nan,6.344,ok,
1771572189271,sentence-transformers/all-MiniLM-L6-v2,1,off,4,1,512,1,1,0.19387821900090785,nan,nan,nan,6.344,ok,
1771572189389,sentence-transformers/all-MiniLM-L6-v2,1,off,4,1,512,0,0,0.11846987799981434,nan,nan,nan,6.344,ok,
1771572189580,sentence-transformers/all-MiniLM-L6-v2,1,off,4,1,512,1,0,0.19074416699913854,nan,nan,nan,6.344,ok,
1771572189775,sentence-transformers/all-MiniLM-L6-v2,1,off,4,1,512,2,0,0.19483066300017526,nan,nan,nan,6.344,ok,
1771572189965,sentence-transformers/all-MiniLM-L6-v2,1,off,4,1,512,3,0,0.18975867799963453,nan,nan,nan,6.344,ok,
1771572190079,sentence-transformers/all-MiniLM-L6-v2,1,off,4,1,512,4,0,0.11381947699919692,nan,nan,nan,6.344,ok,
1771572215499,sentence-transformers/all-MiniLM-L6-v2,1,off,8,1,16,0,1,0.03404951899938169,nan,nan,nan,6.421,ok,
1771572215585,sentence-transformers/all-MiniLM-L6-v2,1,off,8,1,16,1,1,0.08590386400101124,nan,nan,nan,6.421,ok,
1771572215671,sentence-transformers/all-MiniLM-L6-v2,1,off,8,1,16,0,0,0.08530032499947993,nan,nan,nan,6.421,ok,
1771572215767,sentence-transformers/all-MiniLM-L6-v2,1,off,8,1,16,1,0,0.09666240799924708,nan,nan,nan,6.421,ok,
1771572215790,sentence-transformers/all-MiniLM-L6-v2,1,off,8,1,16,2,0,0.022530612999617006,nan,nan,nan,6.421,ok,
1771572215876,sentence-transformers/all-MiniLM-L6-v2,1,off,8,1,16,3,0,0.08629959399877407,nan,nan,nan,6.421,ok,
1771572215970,sentence-transformers/all-MiniLM-L6-v2,1,off,8,1,16,4,0,0.09354095500020776,nan,nan,nan,6.421,ok,
1771572215996,sentence-transformers/all-MiniLM-L6-v2,1,off,8,1,32,0,1,0.023695612000665278,nan,nan,nan,6.421,ok,
1771572216086,sentence-transformers/all-MiniLM-L6-v2,1,off,8,1,32,1,1,0.09014941700115742,nan,nan,nan,6.421,ok,
1771572216177,sentence-transformers/all-MiniLM-L6-v2,1,off,8,1,32,0,0,0.09039587500046764,nan,nan,nan,6.421,ok,
1771572216271,sentence-transformers/all-MiniLM-L6-v2,1,off,8,1,32,1,0,0.09433513400108495,nan,nan,nan,6.421,ok,
1771572216293,sentence-transformers/all-MiniLM-L6-v2,1,off,8,1,32,2,0,0.022033715000361553,nan,nan,nan,6.421,ok,
1771572216386,sentence-transformers/all-MiniLM-L6-v2,1,off,8,1,32,3,0,0.09263069799999357,nan,nan,nan,6.421,ok,
1771572216477,sentence-transformers/all-MiniLM-L6-v2,1,off,8,1,32,4,0,0.0904847339988919,nan,nan,nan,6.421,ok,
1771572216573,sentence-transformers/all-MiniLM-L6-v2,1,off,8,1,64,0,1,0.09096339899952,nan,nan,nan,6.421,ok,
1771572216672,sentence-transformers/all-MiniLM-L6-v2,1,off,8,1,64,1,1,0.0992309600005683,nan,nan,nan,6.421,ok,
1771572216770,sentence-transformers/all-MiniLM-L6-v2,1,off,8,1,64,0,0,0.0975190980007028,nan,nan,nan,6.421,ok,
1771572216795,sentence-transformers/all-MiniLM-L6-v2,1,off,8,1,64,1,0,0.02508712799863133,nan,nan,nan,6.421,ok,
1771572216895,sentence-transformers/all-MiniLM-L6-v2,1,off,8,1,64,2,0,0.09925870500046585,nan,nan,nan,6.421,ok,
1771572216989,sentence-transformers/all-MiniLM-L6-v2,1,off,8,1,64,3,0,0.09452578600030392,nan,nan,nan,6.421,ok,
1771572217084,sentence-transformers/all-MiniLM-L6-v2,1,off,8,1,64,4,0,0.09427402299843379,nan,nan,nan,6.421,ok,
1771572217188,sentence-transformers/all-MiniLM-L6-v2,1,off,8,1,128,0,1,0.08713167599853477,nan,nan,nan,6.421,ok,
1771572217288,sentence-transformers/all-MiniLM-L6-v2,1,off,8,1,128,1,1,0.10008929199830163,nan,nan,nan,6.421,ok,
1771572217391,sentence-transformers/all-MiniLM-L6-v2,1,off,8,1,128,0,0,0.10234063699863327,nan,nan,nan,6.421,ok,
1771572217493,sentence-transformers/all-MiniLM-L6-v2,1,off,8,1,128,1,0,0.10216038699945784,nan,nan,nan,6.421,ok,
1771572217600,sentence-transformers/all-MiniLM-L6-v2,1,off,8,1,128,2,0,0.10695892299918341,nan,nan,nan,6.421,ok,
1771572217770,sentence-transformers/all-MiniLM-L6-v2,1,off,8,1,128,3,0,0.16983465900011652,nan,nan,nan,6.421,ok,
1771572217797,sentence-transformers/all-MiniLM-L6-v2,1,off,8,1,128,4,0,0.027306403999318718,nan,nan,nan,6.421,ok,
1771572217980,sentence-transformers/all-MiniLM-L6-v2,1,off,8,1,256,0,1,0.12645430799966562,nan,nan,nan,6.421,ok,
1771572218174,sentence-transformers/all-MiniLM-L6-v2,1,off,8,1,256,1,1,0.19360053400123434,nan,nan,nan,6.421,ok,
1771572218368,sentence-transformers/all-MiniLM-L6-v2,1,off,8,1,256,0,0,0.19445149800048966,nan,nan,nan,6.421,ok,
1771572218486,sentence-transformers/all-MiniLM-L6-v2,1,off,8,1,256,1,0,0.11732253799891623,nan,nan,nan,6.421,ok,
1771572218679,sentence-transformers/all-MiniLM-L6-v2,1,off,8,1,256,2,0,0.19311864500014053,nan,nan,nan,6.421,ok,
1771572218866,sentence-transformers/all-MiniLM-L6-v2,1,off,8,1,256,3,0,0.18712491400037834,nan,nan,nan,6.421,ok,
1771572218984,sentence-transformers/all-MiniLM-L6-v2,1,off,8,1,256,4,0,0.1176927689994045,nan,nan,nan,6.421,ok,
1771572219178,sentence-transformers/all-MiniLM-L6-v2,1,off,8,1,384,0,1,0.06933889900028589,nan,nan,nan,6.421,ok,
1771572219373,sentence-transformers/all-MiniLM-L6-v2,1,off,8,1,384,1,1,0.1946105869992607,nan,nan,nan,6.421,ok,
1771572219490,sentence-transformers/all-MiniLM-L6-v2,1,off,8,1,384,0,0,0.11739567199947487,nan,nan,nan,6.421,ok,
1771572219679,sentence-transformers/all-MiniLM-L6-v2,1,off,8,1,384,1,0,0.18878243799917982,nan,nan,nan,6.421,ok,
1771572219874,sentence-transformers/all-MiniLM-L6-v2,1,off,8,1,384,2,0,0.19455665799978306,nan,nan,nan,6.421,ok,
1771572220068,sentence-transformers/all-MiniLM-L6-v2,1,off,8,1,384,3,0,0.19367304899969895,nan,nan,nan,6.421,ok,
1771572220180,sentence-transformers/all-MiniLM-L6-v2,1,off,8,1,384,4,0,0.11224421499900927,nan,nan,nan,6.421,ok,
1771572220480,sentence-transformers/all-MiniLM-L6-v2,1,off,8,1,512,0,1,0.08595783000055235,nan,nan,nan,6.421,ok,
1771572220670,sentence-transformers/all-MiniLM-L6-v2,1,off,8,1,512,1,1,0.18975313900045876,nan,nan,nan,6.421,ok,
1771572220869,sentence-transformers/all-MiniLM-L6-v2,1,off,8,1,512,0,0,0.19859602399992582,nan,nan,nan,6.421,ok,
1771572220982,sentence-transformers/all-MiniLM-L6-v2,1,off,8,1,512,1,0,0.11362846299925877,nan,nan,nan,6.421,ok,
1771572221172,sentence-transformers/all-MiniLM-L6-v2,1,off,8,1,512,2,0,0.18983932700029982,nan,nan,nan,6.421,ok,
1771572221366,sentence-transformers/all-MiniLM-L6-v2,1,off,8,1,512,3,0,0.19393840100019588,nan,nan,nan,6.421,ok,
1771572221484,sentence-transformers/all-MiniLM-L6-v2,1,off,8,1,512,4,0,0.11751625500073715,nan,nan,nan,6.421,ok,
1771572246966,sentence-transformers/all-MiniLM-L6-v2,1,off,16,1,16,0,1,0.11608838999927684,nan,nan,nan,6.564,ok,
1771572246993,sentence-transformers/all-MiniLM-L6-v2,1,off,16,1,16,1,1,0.026253190999341314,nan,nan,nan,6.564,ok,
1771572247079,sentence-transformers/all-MiniLM-L6-v2,1,off,16,1,16,0,0,0.08613275999960024,nan,nan,nan,6.564,ok,
1771572247168,sentence-transformers/all-MiniLM-L6-v2,1,off,16,1,16,1,0,0.08880525200038392,nan,nan,nan,6.564,ok,
1771572247193,sentence-transformers/all-MiniLM-L6-v2,1,off,16,1,16,2,0,0.025266864999139216,nan,nan,nan,6.564,ok,
1771572247283,sentence-transformers/all-MiniLM-L6-v2,1,off,16,1,16,3,0,0.08947029000046314,nan,nan,nan,6.564,ok,
1771572247372,sentence-transformers/all-MiniLM-L6-v2,1,off,16,1,16,4,0,0.08945880300052522,nan,nan,nan,6.564,ok,
1771572247470,sentence-transformers/all-MiniLM-L6-v2,1,off,16,1,32,0,1,0.0955623440004274,nan,nan,nan,6.564,ok,
1771572247493,sentence-transformers/all-MiniLM-L6-v2,1,off,16,1,32,1,1,0.022282404999714345,nan,nan,nan,6.564,ok,
1771572247585,sentence-transformers/all-MiniLM-L6-v2,1,off,16,1,32,0,0,0.09215897800095263,nan,nan,nan,6.564,ok,
1771572247676,sentence-transformers/all-MiniLM-L6-v2,1,off,16,1,32,1,0,0.09076153000023623,nan,nan,nan,6.564,ok,
1771572247771,sentence-transformers/all-MiniLM-L6-v2,1,off,16,1,32,2,0,0.09522226599983696,nan,nan,nan,6.564,ok,
1771572247794,sentence-transformers/all-MiniLM-L6-v2,1,off,16,1,32,3,0,0.02247368400094274,nan,nan,nan,6.564,ok,
1771572247887,sentence-transformers/all-MiniLM-L6-v2,1,off,16,1,32,4,0,0.09343510300095659,nan,nan,nan,6.564,ok,
1771572247983,sentence-transformers/all-MiniLM-L6-v2,1,off,16,1,64,0,1,0.0904965040008392,nan,nan,nan,6.564,ok,
1771572248082,sentence-transformers/all-MiniLM-L6-v2,1,off,16,1,64,1,1,0.09857362500042655,nan,nan,nan,6.564,ok,
1771572248181,sentence-transformers/all-MiniLM-L6-v2,1,off,16,1,64,0,0,0.0989590600001975,nan,nan,nan,6.564,ok,
1771572248279,sentence-transformers/all-MiniLM-L6-v2,1,off,16,1,64,1,0,0.09778860600090411,nan,nan,nan,6.564,ok,
1771572248373,sentence-transformers/all-MiniLM-L6-v2,1,off,16,1,64,2,0,0.09373239000160538,nan,nan,nan,6.564,ok,
1771572248471,sentence-transformers/all-MiniLM-L6-v2,1,off,16,1,64,3,0,0.0980361570000241,nan,nan,nan,6.564,ok,
1771572248496,sentence-transformers/all-MiniLM-L6-v2,1,off,16,1,64,4,0,0.02495265300058236,nan,nan,nan,6.564,ok,
1771572248671,sentence-transformers/all-MiniLM-L6-v2,1,off,16,1,128,0,1,0.15768019100141828,nan,nan,nan,6.564,ok,
1771572248769,sentence-transformers/all-MiniLM-L6-v2,1,off,16,1,128,1,1,0.09820171499995922,nan,nan,nan,6.564,ok,
1771572248871,sentence-transformers/all-MiniLM-L6-v2,1,off,16,1,128,0,0,0.10215382800015504,nan,nan,nan,6.564,ok,
1771572248973,sentence-transformers/all-MiniLM-L6-v2,1,off,16,1,128,1,0,0.101683172999401,nan,nan,nan,6.564,ok,
1771572249075,sentence-transformers/all-MiniLM-L6-v2,1,off,16,1,128,2,0,0.10194001600029878,nan,nan,nan,6.564,ok,
1771572249177,sentence-transformers/all-MiniLM-L6-v2,1,off,16,1,128,3,0,0.10198737400060054,nan,nan,nan,6.564,ok,
1771572249276,sentence-transformers/all-MiniLM-L6-v2,1,off,16,1,128,4,0,0.09835603699866624,nan,nan,nan,6.564,ok,
1771572249472,sentence-transformers/all-MiniLM-L6-v2,1,off,16,1,256,0,1,0.1375682229991071,nan,nan,nan,6.564,ok,
1771572249592,sentence-transformers/all-MiniLM-L6-v2,1,off,16,1,256,1,1,0.12059110900008818,nan,nan,nan,6.564,ok,
1771572249778,sentence-transformers/all-MiniLM-L6-v2,1,off,16,1,256,0,0,0.18541811400064034,nan,nan,nan,6.564,ok,
1771572249970,sentence-transformers/all-MiniLM-L6-v2,1,off,16,1,256,1,0,0.19207490799999505,nan,nan,nan,6.564,ok,
1771572250082,sentence-transformers/all-MiniLM-L6-v2,1,off,16,1,256,2,0,0.11218541200105392,nan,nan,nan,6.564,ok,
1771572250275,sentence-transformers/all-MiniLM-L6-v2,1,off,16,1,256,3,0,0.19269706100021722,nan,nan,nan,6.564,ok,
1771572250469,sentence-transformers/all-MiniLM-L6-v2,1,off,16,1,256,4,0,0.19345796700145002,nan,nan,nan,6.564,ok,
1771572250679,sentence-transformers/all-MiniLM-L6-v2,1,off,16,1,384,0,1,0.08487529000012728,nan,nan,nan,6.564,ok,
1771572250874,sentence-transformers/all-MiniLM-L6-v2,1,off,16,1,384,1,1,0.1946146440004668,nan,nan,nan,6.564,ok,
1771572251064,sentence-transformers/all-MiniLM-L6-v2,1,off,16,1,384,0,0,0.1897502350002469,nan,nan,nan,6.564,ok,
1771572251183,sentence-transformers/all-MiniLM-L6-v2,1,off,16,1,384,1,0,0.11893567000151961,nan,nan,nan,6.564,ok,
1771572251381,sentence-transformers/all-MiniLM-L6-v2,1,off,16,1,384,2,0,0.197480421000364,nan,nan,nan,6.564,ok,
1771572251576,sentence-transformers/all-MiniLM-L6-v2,1,off,16,1,384,3,0,0.19537443700028234,nan,nan,nan,6.564,ok,
1771572251776,sentence-transformers/all-MiniLM-L6-v2,1,off,16,1,384,4,0,0.19940361499902792,nan,nan,nan,6.564,ok,
1771572252081,sentence-transformers/all-MiniLM-L6-v2,1,off,16,1,512,0,1,0.09189846699882764,nan,nan,nan,6.564,ok,
1771572252273,sentence-transformers/all-MiniLM-L6-v2,1,off,16,1,512,1,1,0.192417526999634,nan,nan,nan,6.564,ok,
1771572252474,sentence-transformers/all-MiniLM-L6-v2,1,off,16,1,512,0,0,0.20053795199964952,nan,nan,nan,6.564,ok,
1771572252669,sentence-transformers/all-MiniLM-L6-v2,1,off,16,1,512,1,0,0.19473780500084104,nan,nan,nan,6.564,ok,
1771572252868,sentence-transformers/all-MiniLM-L6-v2,1,off,16,1,512,2,0,0.19873328799985757,nan,nan,nan,6.564,ok,
1771572252986,sentence-transformers/all-MiniLM-L6-v2,1,off,16,1,512,3,0,0.11790488800033927,nan,nan,nan,6.564,ok,
1771572253178,sentence-transformers/all-MiniLM-L6-v2,1,off,16,1,512,4,0,0.19189633299902198,nan,nan,nan,6.564,ok,
1771572277965,sentence-transformers/all-MiniLM-L6-v2,2,off,2,1,16,0,1,0.03944004900040454,nan,nan,nan,6.423,ok,
1771572277988,sentence-transformers/all-MiniLM-L6-v2,2,off,2,1,16,1,1,0.023070813998856465,nan,nan,nan,6.423,ok,
1771572278009,sentence-transformers/all-MiniLM-L6-v2,2,off,2,1,16,0,0,0.020836358000451582,nan,nan,nan,6.423,ok,
1771572278030,sentence-transformers/all-MiniLM-L6-v2,2,off,2,1,16,1,0,0.020598306000465527,nan,nan,nan,6.423,ok,
1771572278086,sentence-transformers/all-MiniLM-L6-v2,2,off,2,1,16,2,0,0.05602307500157622,nan,nan,nan,6.423,ok,
1771572278107,sentence-transformers/all-MiniLM-L6-v2,2,off,2,1,16,3,0,0.020824262999667553,nan,nan,nan,6.423,ok,
1771572278169,sentence-transformers/all-MiniLM-L6-v2,2,off,2,1,16,4,0,0.06164445499962312,nan,nan,nan,6.423,ok,
1771572278195,sentence-transformers/all-MiniLM-L6-v2,2,off,2,1,32,0,1,0.023713406000752002,nan,nan,nan,6.423,ok,
1771572278218,sentence-transformers/all-MiniLM-L6-v2,2,off,2,1,32,1,1,0.023112667000532383,nan,nan,nan,6.423,ok,
1771572278278,sentence-transformers/all-MiniLM-L6-v2,2,off,2,1,32,0,0,0.05983943900173472,nan,nan,nan,6.423,ok,
1771572278302,sentence-transformers/all-MiniLM-L6-v2,2,off,2,1,32,1,0,0.024132735999955912,nan,nan,nan,6.423,ok,
1771572278365,sentence-transformers/all-MiniLM-L6-v2,2,off,2,1,32,2,0,0.06302343400056998,nan,nan,nan,6.423,ok,
1771572278390,sentence-transformers/all-MiniLM-L6-v2,2,off,2,1,32,3,0,0.02451064999877417,nan,nan,nan,6.423,ok,
1771572278419,sentence-transformers/all-MiniLM-L6-v2,2,off,2,1,32,4,0,0.029131866000170703,nan,nan,nan,6.423,ok,
1771572278477,sentence-transformers/all-MiniLM-L6-v2,2,off,2,1,64,0,1,0.05216092400041816,nan,nan,nan,6.423,ok,
1771572278505,sentence-transformers/all-MiniLM-L6-v2,2,off,2,1,64,1,1,0.027404242000557133,nan,nan,nan,6.423,ok,
1771572278577,sentence-transformers/all-MiniLM-L6-v2,2,off,2,1,64,0,0,0.07166799799961154,nan,nan,nan,6.423,ok,
1771572278605,sentence-transformers/all-MiniLM-L6-v2,2,off,2,1,64,1,0,0.027939920999415335,nan,nan,nan,6.423,ok,
1771572278673,sentence-transformers/all-MiniLM-L6-v2,2,off,2,1,64,2,0,0.0677694829992106,nan,nan,nan,6.423,ok,
1771572278698,sentence-transformers/all-MiniLM-L6-v2,2,off,2,1,64,3,0,0.025556758000675472,nan,nan,nan,6.423,ok,
1771572278771,sentence-transformers/all-MiniLM-L6-v2,2,off,2,1,64,4,0,0.0727100629992492,nan,nan,nan,6.423,ok,
1771572278823,sentence-transformers/all-MiniLM-L6-v2,2,off,2,1,128,0,1,0.034620106000147643,nan,nan,nan,6.423,ok,
1771572278877,sentence-transformers/all-MiniLM-L6-v2,2,off,2,1,128,1,1,0.05451339600040228,nan,nan,nan,6.423,ok,
1771572278917,sentence-transformers/all-MiniLM-L6-v2,2,off,2,1,128,0,0,0.04016342999966582,nan,nan,nan,6.423,ok,
1771572278989,sentence-transformers/all-MiniLM-L6-v2,2,off,2,1,128,1,0,0.0714652409988048,nan,nan,nan,6.423,ok,
1771572279067,sentence-transformers/all-MiniLM-L6-v2,2,off,2,1,128,2,0,0.07805004300098517,nan,nan,nan,6.423,ok,
1771572279098,sentence-transformers/all-MiniLM-L6-v2,2,off,2,1,128,3,0,0.03094705100011197,nan,nan,nan,6.423,ok,
1771572279174,sentence-transformers/all-MiniLM-L6-v2,2,off,2,1,128,4,0,0.07557058400016103,nan,nan,nan,6.423,ok,
1771572279283,sentence-transformers/all-MiniLM-L6-v2,2,off,2,1,256,0,1,0.050479916999393026,nan,nan,nan,6.423,ok,
1771572279373,sentence-transformers/all-MiniLM-L6-v2,2,off,2,1,256,1,1,0.0905269210015831,nan,nan,nan,6.423,ok,
1771572279467,sentence-transformers/all-MiniLM-L6-v2,2,off,2,1,256,0,0,0.09383549199992558,nan,nan,nan,6.423,ok,
1771572279515,sentence-transformers/all-MiniLM-L6-v2,2,off,2,1,256,1,0,0.04756287900090683,nan,nan,nan,6.423,ok,
1771572279602,sentence-transformers/all-MiniLM-L6-v2,2,off,2,1,256,2,0,0.08652383099979488,nan,nan,nan,6.423,ok,
1771572279695,sentence-transformers/all-MiniLM-L6-v2,2,off,2,1,256,3,0,0.09354699600044114,nan,nan,nan,6.423,ok,
1771572279785,sentence-transformers/all-MiniLM-L6-v2,2,off,2,1,256,4,0,0.08925080500011973,nan,nan,nan,6.423,ok,
1771572279957,sentence-transformers/all-MiniLM-L6-v2,2,off,2,1,384,0,1,0.04657566899913945,nan,nan,nan,6.423,ok,
1771572280005,sentence-transformers/all-MiniLM-L6-v2,2,off,2,1,384,1,1,0.048045406001619995,nan,nan,nan,6.423,ok,
1771572280097,sentence-transformers/all-MiniLM-L6-v2,2,off,2,1,384,0,0,0.09144411600027524,nan,nan,nan,6.423,ok,
1771572280191,sentence-transformers/all-MiniLM-L6-v2,2,off,2,1,384,1,0,0.09415616700061946,nan,nan,nan,6.423,ok,
1771572280288,sentence-transformers/all-MiniLM-L6-v2,2,off,2,1,384,2,0,0.09686262699869985,nan,nan,nan,6.423,ok,
1771572280382,sentence-transformers/all-MiniLM-L6-v2,2,off,2,1,384,3,0,0.09374673899947084,nan,nan,nan,6.423,ok,
1771572280474,sentence-transformers/all-MiniLM-L6-v2,2,off,2,1,384,4,0,0.09133420099897194,nan,nan,nan,6.423,ok,
1771572280740,sentence-transformers/all-MiniLM-L6-v2,2,off,2,1,512,0,1,0.050427361000402016,nan,nan,nan,6.423,ok,
1771572280794,sentence-transformers/all-MiniLM-L6-v2,2,off,2,1,512,1,1,0.053755877999719814,nan,nan,nan,6.423,ok,
1771572280884,sentence-transformers/all-MiniLM-L6-v2,2,off,2,1,512,0,0,0.0899937329995737,nan,nan,nan,6.423,ok,
1771572280979,sentence-transformers/all-MiniLM-L6-v2,2,off,2,1,512,1,0,0.09406232599940267,nan,nan,nan,6.423,ok,
1771572281069,sentence-transformers/all-MiniLM-L6-v2,2,off,2,1,512,2,0,0.08994691699990653,nan,nan,nan,6.423,ok,
1771572281113,sentence-transformers/all-MiniLM-L6-v2,2,off,2,1,512,3,0,0.04438793000008445,nan,nan,nan,6.423,ok,
1771572281200,sentence-transformers/all-MiniLM-L6-v2,2,off,2,1,512,4,0,0.08631795099972805,nan,nan,nan,6.423,ok,
1771572305400,sentence-transformers/all-MiniLM-L6-v2,2,off,4,1,16,0,1,0.03831550500035519,nan,nan,nan,6.451,ok,
1771572305421,sentence-transformers/all-MiniLM-L6-v2,2,off,4,1,16,1,1,0.020920519000355853,nan,nan,nan,6.451,ok,
1771572305478,sentence-transformers/all-MiniLM-L6-v2,2,off,4,1,16,0,0,0.056991245999597595,nan,nan,nan,6.451,ok,
1771572305499,sentence-transformers/all-MiniLM-L6-v2,2,off,4,1,16,1,0,0.0207262690000789,nan,nan,nan,6.451,ok,
1771572305520,sentence-transformers/all-MiniLM-L6-v2,2,off,4,1,16,2,0,0.020738803999847732,nan,nan,nan,6.451,ok,
1771572305578,sentence-transformers/all-MiniLM-L6-v2,2,off,4,1,16,3,0,0.05779310599973542,nan,nan,nan,6.451,ok,
1771572305599,sentence-transformers/all-MiniLM-L6-v2,2,off,4,1,16,4,0,0.020724830999824917,nan,nan,nan,6.451,ok,
1771572305624,sentence-transformers/all-MiniLM-L6-v2,2,off,4,1,32,0,1,0.02312842999890563,nan,nan,nan,6.451,ok,
1771572305683,sentence-transformers/all-MiniLM-L6-v2,2,off,4,1,32,1,1,0.05898901499858766,nan,nan,nan,6.451,ok,
1771572305705,sentence-transformers/all-MiniLM-L6-v2,2,off,4,1,32,0,0,0.02220888699957868,nan,nan,nan,6.451,ok,
1771572305728,sentence-transformers/all-MiniLM-L6-v2,2,off,4,1,32,1,0,0.022704730999976164,nan,nan,nan,6.451,ok,
1771572305786,sentence-transformers/all-MiniLM-L6-v2,2,off,4,1,32,2,0,0.058066625000719796,nan,nan,nan,6.451,ok,
1771572305810,sentence-transformers/all-MiniLM-L6-v2,2,off,4,1,32,3,0,0.0234914150005352,nan,nan,nan,6.451,ok,
1771572305873,sentence-transformers/all-MiniLM-L6-v2,2,off,4,1,32,4,0,0.06277837299967359,nan,nan,nan,6.451,ok,
1771572305905,sentence-transformers/all-MiniLM-L6-v2,2,off,4,1,64,0,1,0.026451809999343823,nan,nan,nan,6.451,ok,
1771572305967,sentence-transformers/all-MiniLM-L6-v2,2,off,4,1,64,1,1,0.06219220700040751,nan,nan,nan,6.451,ok,
1771572305992,sentence-transformers/all-MiniLM-L6-v2,2,off,4,1,64,0,0,0.02496130899999116,nan,nan,nan,6.451,ok,
1771572306017,sentence-transformers/all-MiniLM-L6-v2,2,off,4,1,64,1,0,0.024978651001219987,nan,nan,nan,6.451,ok,
1771572306079,sentence-transformers/all-MiniLM-L6-v2,2,off,4,1,64,2,0,0.06182346700006747,nan,nan,nan,6.451,ok,
1771572306105,sentence-transformers/all-MiniLM-L6-v2,2,off,4,1,64,3,0,0.0255066909994639,nan,nan,nan,6.451,ok,
1771572306171,sentence-transformers/all-MiniLM-L6-v2,2,off,4,1,64,4,0,0.06666466800015769,nan,nan,nan,6.451,ok,
1771572306220,sentence-transformers/all-MiniLM-L6-v2,2,off,4,1,128,0,1,0.031424352000613,nan,nan,nan,6.451,ok,
1771572306272,sentence-transformers/all-MiniLM-L6-v2,2,off,4,1,128,1,1,0.05228545400132134,nan,nan,nan,6.451,ok,
1771572306302,sentence-transformers/all-MiniLM-L6-v2,2,off,4,1,128,0,0,0.029946982000183198,nan,nan,nan,6.451,ok,
1771572306377,sentence-transformers/all-MiniLM-L6-v2,2,off,4,1,128,1,0,0.07454721700014488,nan,nan,nan,6.451,ok,
1771572306407,sentence-transformers/all-MiniLM-L6-v2,2,off,4,1,128,2,0,0.030298539000796154,nan,nan,nan,6.451,ok,
1771572306477,sentence-transformers/all-MiniLM-L6-v2,2,off,4,1,128,3,0,0.06976289700105553,nan,nan,nan,6.451,ok,
1771572306507,sentence-transformers/all-MiniLM-L6-v2,2,off,4,1,128,4,0,0.029850906999854487,nan,nan,nan,6.451,ok,
1771572306611,sentence-transformers/all-MiniLM-L6-v2,2,off,4,1,256,0,1,0.04550404399924446,nan,nan,nan,6.451,ok,
1771572306697,sentence-transformers/all-MiniLM-L6-v2,2,off,4,1,256,1,1,0.08504718099902675,nan,nan,nan,6.451,ok,
1771572306785,sentence-transformers/all-MiniLM-L6-v2,2,off,4,1,256,0,0,0.08826762100034102,nan,nan,nan,6.451,ok,
1771572306877,sentence-transformers/all-MiniLM-L6-v2,2,off,4,1,256,1,0,0.09199060700120754,nan,nan,nan,6.451,ok,
1771572306967,sentence-transformers/all-MiniLM-L6-v2,2,off,4,1,256,2,0,0.0897158589996252,nan,nan,nan,6.451,ok,
1771572307011,sentence-transformers/all-MiniLM-L6-v2,2,off,4,1,256,3,0,0.04405814700112387,nan,nan,nan,6.451,ok,
1771572307100,sentence-transformers/all-MiniLM-L6-v2,2,off,4,1,256,4,0,0.08887434500138625,nan,nan,nan,6.451,ok,
1771572307267,sentence-transformers/all-MiniLM-L6-v2,2,off,4,1,384,0,1,0.04447238100146933,nan,nan,nan,6.451,ok,
1771572307311,sentence-transformers/all-MiniLM-L6-v2,2,off,4,1,384,1,1,0.044062790999305435,nan,nan,nan,6.451,ok,
1771572307398,sentence-transformers/all-MiniLM-L6-v2,2,off,4,1,384,0,0,0.08704706500066095,nan,nan,nan,6.451,ok,
1771572307486,sentence-transformers/all-MiniLM-L6-v2,2,off,4,1,384,1,0,0.08806815600109985,nan,nan,nan,6.451,ok,
1771572307581,sentence-transformers/all-MiniLM-L6-v2,2,off,4,1,384,2,0,0.09443667999948957,nan,nan,nan,6.451,ok,
1771572307676,sentence-transformers/all-MiniLM-L6-v2,2,off,4,1,384,3,0,0.09479078000003938,nan,nan,nan,6.451,ok,
1771572307771,sentence-transformers/all-MiniLM-L6-v2,2,off,4,1,384,4,0,0.09497234300033597,nan,nan,nan,6.451,ok,
1771572308021,sentence-transformers/all-MiniLM-L6-v2,2,off,4,1,512,0,1,0.044831904999227845,nan,nan,nan,6.451,ok,
1771572308090,sentence-transformers/all-MiniLM-L6-v2,2,off,4,1,512,1,1,0.06913689700013492,nan,nan,nan,6.451,ok,
1771572308184,sentence-transformers/all-MiniLM-L6-v2,2,off,4,1,512,0,0,0.09406515999944531,nan,nan,nan,6.451,ok,
1771572308276,sentence-transformers/all-MiniLM-L6-v2,2,off,4,1,512,1,0,0.09180731299966283,nan,nan,nan,6.451,ok,
1771572308322,sentence-transformers/all-MiniLM-L6-v2,2,off,4,1,512,2,0,0.04559082999912789,nan,nan,nan,6.451,ok,
1771572308413,sentence-transformers/all-MiniLM-L6-v2,2,off,4,1,512,3,0,0.09120644900031039,nan,nan,nan,6.451,ok,
1771572308500,sentence-transformers/all-MiniLM-L6-v2,2,off,4,1,512,4,0,0.0868943509995006,nan,nan,nan,6.451,ok,
1771572333126,sentence-transformers/all-MiniLM-L6-v2,2,off,8,1,16,0,1,0.03988805799963302,nan,nan,nan,6.929,ok,
1771572333147,sentence-transformers/all-MiniLM-L6-v2,2,off,8,1,16,1,1,0.02137408599992341,nan,nan,nan,6.929,ok,
1771572333176,sentence-transformers/all-MiniLM-L6-v2,2,off,8,1,16,0,0,0.028626672999962466,nan,nan,nan,6.929,ok,
1771572333197,sentence-transformers/all-MiniLM-L6-v2,2,off,8,1,16,1,0,0.020851998999205534,nan,nan,nan,6.929,ok,
1771572333219,sentence-transformers/all-MiniLM-L6-v2,2,off,8,1,16,2,0,0.021395996998762712,nan,nan,nan,6.929,ok,
1771572333276,sentence-transformers/all-MiniLM-L6-v2,2,off,8,1,16,3,0,0.057094001000223216,nan,nan,nan,6.929,ok,
1771572333296,sentence-transformers/all-MiniLM-L6-v2,2,off,8,1,16,4,0,0.020465003999561304,nan,nan,nan,6.929,ok,
1771572333322,sentence-transformers/all-MiniLM-L6-v2,2,off,8,1,32,0,1,0.0238109740002983,nan,nan,nan,6.929,ok,
1771572333382,sentence-transformers/all-MiniLM-L6-v2,2,off,8,1,32,1,1,0.06006579099994269,nan,nan,nan,6.929,ok,
1771572333405,sentence-transformers/all-MiniLM-L6-v2,2,off,8,1,32,0,0,0.02205189200140012,nan,nan,nan,6.929,ok,
1771572333467,sentence-transformers/all-MiniLM-L6-v2,2,off,8,1,32,1,0,0.06243931900098687,nan,nan,nan,6.929,ok,
1771572333490,sentence-transformers/all-MiniLM-L6-v2,2,off,8,1,32,2,0,0.022551936999661848,nan,nan,nan,6.929,ok,
1771572333512,sentence-transformers/all-MiniLM-L6-v2,2,off,8,1,32,3,0,0.022074005000831676,nan,nan,nan,6.929,ok,
1771572333571,sentence-transformers/all-MiniLM-L6-v2,2,off,8,1,32,4,0,0.05910375299936277,nan,nan,nan,6.929,ok,
1771572333605,sentence-transformers/all-MiniLM-L6-v2,2,off,8,1,64,0,1,0.027918850000787643,nan,nan,nan,6.929,ok,
1771572333668,sentence-transformers/all-MiniLM-L6-v2,2,off,8,1,64,1,1,0.06348016500123776,nan,nan,nan,6.929,ok,
1771572333694,sentence-transformers/all-MiniLM-L6-v2,2,off,8,1,64,0,0,0.02564508800060139,nan,nan,nan,6.929,ok,
1771572333719,sentence-transformers/all-MiniLM-L6-v2,2,off,8,1,64,1,0,0.025166620000163675,nan,nan,nan,6.929,ok,
1771572333781,sentence-transformers/all-MiniLM-L6-v2,2,off,8,1,64,2,0,0.06182131300010951,nan,nan,nan,6.929,ok,
1771572333807,sentence-transformers/all-MiniLM-L6-v2,2,off,8,1,64,3,0,0.02522567599953618,nan,nan,nan,6.929,ok,
1771572333873,sentence-transformers/all-MiniLM-L6-v2,2,off,8,1,64,4,0,0.06625311899915687,nan,nan,nan,6.929,ok,
1771572333920,sentence-transformers/all-MiniLM-L6-v2,2,off,8,1,128,0,1,0.03053945899955579,nan,nan,nan,6.929,ok,
1771572333975,sentence-transformers/all-MiniLM-L6-v2,2,off,8,1,128,1,1,0.054231829999480397,nan,nan,nan,6.929,ok,
1771572334008,sentence-transformers/all-MiniLM-L6-v2,2,off,8,1,128,0,0,0.03310023099948012,nan,nan,nan,6.929,ok,
1771572334078,sentence-transformers/all-MiniLM-L6-v2,2,off,8,1,128,1,0,0.07035428200106253,nan,nan,nan,6.929,ok,
1771572334108,sentence-transformers/all-MiniLM-L6-v2,2,off,8,1,128,2,0,0.029498492000129772,nan,nan,nan,6.929,ok,
1771572334179,sentence-transformers/all-MiniLM-L6-v2,2,off,8,1,128,3,0,0.07050946699928318,nan,nan,nan,6.929,ok,
1771572334208,sentence-transformers/all-MiniLM-L6-v2,2,off,8,1,128,4,0,0.02910698699997738,nan,nan,nan,6.929,ok,
1771572334314,sentence-transformers/all-MiniLM-L6-v2,2,off,8,1,256,0,1,0.04530107199934719,nan,nan,nan,6.929,ok,
1771572334388,sentence-transformers/all-MiniLM-L6-v2,2,off,8,1,256,1,1,0.07424561699917831,nan,nan,nan,6.929,ok,
1771572334477,sentence-transformers/all-MiniLM-L6-v2,2,off,8,1,256,0,0,0.08809424200080684,nan,nan,nan,6.929,ok,
1771572334569,sentence-transformers/all-MiniLM-L6-v2,2,off,8,1,256,1,0,0.09255033900080889,nan,nan,nan,6.929,ok,
1771572334613,sentence-transformers/all-MiniLM-L6-v2,2,off,8,1,256,2,0,0.04321348799931002,nan,nan,nan,6.929,ok,
1771572334696,sentence-transformers/all-MiniLM-L6-v2,2,off,8,1,256,3,0,0.0829852690003463,nan,nan,nan,6.929,ok,
1771572334784,sentence-transformers/all-MiniLM-L6-v2,2,off,8,1,256,4,0,0.08800684500056377,nan,nan,nan,6.929,ok,
1771572334952,sentence-transformers/all-MiniLM-L6-v2,2,off,8,1,384,0,1,0.04506245300035516,nan,nan,nan,6.929,ok,
1771572334998,sentence-transformers/all-MiniLM-L6-v2,2,off,8,1,384,1,1,0.04624990900083503,nan,nan,nan,6.929,ok,
1771572335084,sentence-transformers/all-MiniLM-L6-v2,2,off,8,1,384,0,0,0.0859911750012543,nan,nan,nan,6.929,ok,
1771572335180,sentence-transformers/all-MiniLM-L6-v2,2,off,8,1,384,1,0,0.09610507899924414,nan,nan,nan,6.929,ok,
1771572335274,sentence-transformers/all-MiniLM-L6-v2,2,off,8,1,384,2,0,0.09342744999958086,nan,nan,nan,6.929,ok,
1771572335319,sentence-transformers/all-MiniLM-L6-v2,2,off,8,1,384,3,0,0.04452878700067231,nan,nan,nan,6.929,ok,
1771572335403,sentence-transformers/all-MiniLM-L6-v2,2,off,8,1,384,4,0,0.08477130199935345,nan,nan,nan,6.929,ok,
1771572335663,sentence-transformers/all-MiniLM-L6-v2,2,off,8,1,512,0,1,0.04527011800018954,nan,nan,nan,6.929,ok,
1771572335708,sentence-transformers/all-MiniLM-L6-v2,2,off,8,1,512,1,1,0.045422370998494443,nan,nan,nan,6.929,ok,
1771572335797,sentence-transformers/all-MiniLM-L6-v2,2,off,8,1,512,0,0,0.0882723939994321,nan,nan,nan,6.929,ok,
1771572335888,sentence-transformers/all-MiniLM-L6-v2,2,off,8,1,512,1,0,0.09143079699970258,nan,nan,nan,6.929,ok,
1771572335983,sentence-transformers/all-MiniLM-L6-v2,2,off,8,1,512,2,0,0.09431657499953872,nan,nan,nan,6.929,ok,
1771572336069,sentence-transformers/all-MiniLM-L6-v2,2,off,8,1,512,3,0,0.08620046899886802,nan,nan,nan,6.929,ok,
1771572336115,sentence-transformers/all-MiniLM-L6-v2,2,off,8,1,512,4,0,0.04589612499876239,nan,nan,nan,6.929,ok,
1771572360837,sentence-transformers/all-MiniLM-L6-v2,2,off,16,1,16,0,1,0.04402706700057024,nan,nan,nan,6.840,ok,
1771572360858,sentence-transformers/all-MiniLM-L6-v2,2,off,16,1,16,1,1,0.020915044000503258,nan,nan,nan,6.840,ok,
1771572360884,sentence-transformers/all-MiniLM-L6-v2,2,off,16,1,16,0,0,0.025393571000677184,nan,nan,nan,6.840,ok,
1771572360912,sentence-transformers/all-MiniLM-L6-v2,2,off,16,1,16,1,0,0.028291970000282163,nan,nan,nan,6.840,ok,
1771572360974,sentence-transformers/all-MiniLM-L6-v2,2,off,16,1,16,2,0,0.061621110999112716,nan,nan,nan,6.840,ok,
1771572360995,sentence-transformers/all-MiniLM-L6-v2,2,off,16,1,16,3,0,0.020428906000233837,nan,nan,nan,6.840,ok,
1771572361020,sentence-transformers/all-MiniLM-L6-v2,2,off,16,1,16,4,0,0.025444684999456513,nan,nan,nan,6.840,ok,
1771572361083,sentence-transformers/all-MiniLM-L6-v2,2,off,16,1,32,0,1,0.06034693000037805,nan,nan,nan,6.840,ok,
1771572361105,sentence-transformers/all-MiniLM-L6-v2,2,off,16,1,32,1,1,0.0221077249989321,nan,nan,nan,6.840,ok,
1771572361173,sentence-transformers/all-MiniLM-L6-v2,2,off,16,1,32,0,0,0.06823421299850452,nan,nan,nan,6.840,ok,
1771572361195,sentence-transformers/all-MiniLM-L6-v2,2,off,16,1,32,1,0,0.02192092999939632,nan,nan,nan,6.840,ok,
1771572361221,sentence-transformers/all-MiniLM-L6-v2,2,off,16,1,32,2,0,0.026147422999201808,nan,nan,nan,6.840,ok,
1771572361292,sentence-transformers/all-MiniLM-L6-v2,2,off,16,1,32,3,0,0.06999925599848211,nan,nan,nan,6.840,ok,
1771572361314,sentence-transformers/all-MiniLM-L6-v2,2,off,16,1,32,4,0,0.02278639900032431,nan,nan,nan,6.840,ok,
1771572361388,sentence-transformers/all-MiniLM-L6-v2,2,off,16,1,64,0,1,0.06835955799942894,nan,nan,nan,6.840,ok,
1771572361415,sentence-transformers/all-MiniLM-L6-v2,2,off,16,1,64,1,1,0.02613427399955981,nan,nan,nan,6.840,ok,
1771572361481,sentence-transformers/all-MiniLM-L6-v2,2,off,16,1,64,0,0,0.06631778100017982,nan,nan,nan,6.840,ok,
1771572361508,sentence-transformers/all-MiniLM-L6-v2,2,off,16,1,64,1,0,0.026362402000813745,nan,nan,nan,6.840,ok,
1771572361582,sentence-transformers/all-MiniLM-L6-v2,2,off,16,1,64,2,0,0.07435149000048114,nan,nan,nan,6.840,ok,
1771572361609,sentence-transformers/all-MiniLM-L6-v2,2,off,16,1,64,3,0,0.027180201999726705,nan,nan,nan,6.840,ok,
1771572361676,sentence-transformers/all-MiniLM-L6-v2,2,off,16,1,64,4,0,0.06650662500032922,nan,nan,nan,6.840,ok,
1771572361726,sentence-transformers/all-MiniLM-L6-v2,2,off,16,1,128,0,1,0.03259486199931416,nan,nan,nan,6.840,ok,
1771572361786,sentence-transformers/all-MiniLM-L6-v2,2,off,16,1,128,1,1,0.06042137599979469,nan,nan,nan,6.840,ok,
1771572361867,sentence-transformers/all-MiniLM-L6-v2,2,off,16,1,128,0,0,0.08054967700081761,nan,nan,nan,6.840,ok,
1771572361903,sentence-transformers/all-MiniLM-L6-v2,2,off,16,1,128,1,0,0.03642473199943197,nan,nan,nan,6.840,ok,
1771572361977,sentence-transformers/all-MiniLM-L6-v2,2,off,16,1,128,2,0,0.07327084200005629,nan,nan,nan,6.840,ok,
1771572362007,sentence-transformers/all-MiniLM-L6-v2,2,off,16,1,128,3,0,0.03041464200032351,nan,nan,nan,6.840,ok,
1771572362078,sentence-transformers/all-MiniLM-L6-v2,2,off,16,1,128,4,0,0.07052346099953866,nan,nan,nan,6.840,ok,
1771572362190,sentence-transformers/all-MiniLM-L6-v2,2,off,16,1,256,0,1,0.05293546999928367,nan,nan,nan,6.840,ok,
1771572362276,sentence-transformers/all-MiniLM-L6-v2,2,off,16,1,256,1,1,0.08576854199964146,nan,nan,nan,6.840,ok,
1771572362320,sentence-transformers/all-MiniLM-L6-v2,2,off,16,1,256,0,0,0.04392150599960587,nan,nan,nan,6.840,ok,
1771572362407,sentence-transformers/all-MiniLM-L6-v2,2,off,16,1,256,1,0,0.0865261630005989,nan,nan,nan,6.840,ok,
1771572362491,sentence-transformers/all-MiniLM-L6-v2,2,off,16,1,256,2,0,0.08427411000047869,nan,nan,nan,6.840,ok,
1771572362585,sentence-transformers/all-MiniLM-L6-v2,2,off,16,1,256,3,0,0.09411595099845727,nan,nan,nan,6.840,ok,
1771572362679,sentence-transformers/all-MiniLM-L6-v2,2,off,16,1,256,4,0,0.09323430000040389,nan,nan,nan,6.840,ok,
1771572362854,sentence-transformers/all-MiniLM-L6-v2,2,off,16,1,384,0,1,0.046251784999185475,nan,nan,nan,6.840,ok,
1771572362900,sentence-transformers/all-MiniLM-L6-v2,2,off,16,1,384,1,1,0.045158710001487634,nan,nan,nan,6.840,ok,
1771572362990,sentence-transformers/all-MiniLM-L6-v2,2,off,16,1,384,0,0,0.09021585499976936,nan,nan,nan,6.840,ok,
1771572363081,sentence-transformers/all-MiniLM-L6-v2,2,off,16,1,384,1,0,0.09057732799919904,nan,nan,nan,6.840,ok,
1771572363171,sentence-transformers/all-MiniLM-L6-v2,2,off,16,1,384,2,0,0.0897135100003652,nan,nan,nan,6.840,ok,
1771572363216,sentence-transformers/all-MiniLM-L6-v2,2,off,16,1,384,3,0,0.0447740090003208,nan,nan,nan,6.840,ok,
1771572363303,sentence-transformers/all-MiniLM-L6-v2,2,off,16,1,384,4,0,0.08700865799983148,nan,nan,nan,6.840,ok,
1771572363566,sentence-transformers/all-MiniLM-L6-v2,2,off,16,1,512,0,1,0.04684809100035636,nan,nan,nan,6.840,ok,
1771572363618,sentence-transformers/all-MiniLM-L6-v2,2,off,16,1,512,1,1,0.052145231999020325,nan,nan,nan,6.840,ok,
1771572363700,sentence-transformers/all-MiniLM-L6-v2,2,off,16,1,512,0,0,0.08247901100003219,nan,nan,nan,6.840,ok,
1771572363795,sentence-transformers/all-MiniLM-L6-v2,2,off,16,1,512,1,0,0.09413662399856548,nan,nan,nan,6.840,ok,
1771572363888,sentence-transformers/all-MiniLM-L6-v2,2,off,16,1,512,2,0,0.09286045399858267,nan,nan,nan,6.840,ok,
1771572363984,sentence-transformers/all-MiniLM-L6-v2,2,off,16,1,512,3,0,0.09618030199999339,nan,nan,nan,6.840,ok,
1771572364074,sentence-transformers/all-MiniLM-L6-v2,2,off,16,1,512,4,0,0.08995366999988619,nan,nan,nan,6.840,ok,
1771572388402,sentence-transformers/all-MiniLM-L6-v2,4,off,2,1,16,0,1,0.0381314910009678,nan,nan,nan,6.680,ok,
1771572388424,sentence-transformers/all-MiniLM-L6-v2,4,off,2,1,16,1,1,0.021536398999160156,nan,nan,nan,6.680,ok,
1771572388444,sentence-transformers/all-MiniLM-L6-v2,4,off,2,1,16,0,0,0.020476233001318178,nan,nan,nan,6.680,ok,
1771572388466,sentence-transformers/all-MiniLM-L6-v2,4,off,2,1,16,1,0,0.02114026399976865,nan,nan,nan,6.680,ok,
1771572388487,sentence-transformers/all-MiniLM-L6-v2,4,off,2,1,16,2,0,0.020864366000751033,nan,nan,nan,6.680,ok,
1771572388507,sentence-transformers/all-MiniLM-L6-v2,4,off,2,1,16,3,0,0.020239363999280613,nan,nan,nan,6.680,ok,
1771572388528,sentence-transformers/all-MiniLM-L6-v2,4,off,2,1,16,4,0,0.02128180100044119,nan,nan,nan,6.680,ok,
1771572388553,sentence-transformers/all-MiniLM-L6-v2,4,off,2,1,32,0,1,0.02252511799997592,nan,nan,nan,6.680,ok,
1771572388575,sentence-transformers/all-MiniLM-L6-v2,4,off,2,1,32,1,1,0.022183921999385348,nan,nan,nan,6.680,ok,
1771572388598,sentence-transformers/all-MiniLM-L6-v2,4,off,2,1,32,0,0,0.022376868000719696,nan,nan,nan,6.680,ok,
1771572388621,sentence-transformers/all-MiniLM-L6-v2,4,off,2,1,32,1,0,0.022887824999997974,nan,nan,nan,6.680,ok,
1771572388643,sentence-transformers/all-MiniLM-L6-v2,4,off,2,1,32,2,0,0.022674379999443772,nan,nan,nan,6.680,ok,
1771572388669,sentence-transformers/all-MiniLM-L6-v2,4,off,2,1,32,3,0,0.025355540001328336,nan,nan,nan,6.680,ok,
1771572388691,sentence-transformers/all-MiniLM-L6-v2,4,off,2,1,32,4,0,0.022079878999647917,nan,nan,nan,6.680,ok,
1771572388723,sentence-transformers/all-MiniLM-L6-v2,4,off,2,1,64,0,1,0.026532166000833968,nan,nan,nan,6.680,ok,
1771572388750,sentence-transformers/all-MiniLM-L6-v2,4,off,2,1,64,1,1,0.026831245000721538,nan,nan,nan,6.680,ok,
1771572388776,sentence-transformers/all-MiniLM-L6-v2,4,off,2,1,64,0,0,0.025935299001503154,nan,nan,nan,6.680,ok,
1771572388801,sentence-transformers/all-MiniLM-L6-v2,4,off,2,1,64,1,0,0.024741698998695938,nan,nan,nan,6.680,ok,
1771572388827,sentence-transformers/all-MiniLM-L6-v2,4,off,2,1,64,2,0,0.025703431998408632,nan,nan,nan,6.680,ok,
1771572388853,sentence-transformers/all-MiniLM-L6-v2,4,off,2,1,64,3,0,0.02644788599900494,nan,nan,nan,6.680,ok,
1771572388879,sentence-transformers/all-MiniLM-L6-v2,4,off,2,1,64,4,0,0.025142227999822353,nan,nan,nan,6.680,ok,
1771572388930,sentence-transformers/all-MiniLM-L6-v2,4,off,2,1,128,0,1,0.0333130520011764,nan,nan,nan,6.680,ok,
1771572388959,sentence-transformers/all-MiniLM-L6-v2,4,off,2,1,128,1,1,0.02960177499880956,nan,nan,nan,6.680,ok,
1771572388989,sentence-transformers/all-MiniLM-L6-v2,4,off,2,1,128,0,0,0.02950701199915784,nan,nan,nan,6.680,ok,
1771572389021,sentence-transformers/all-MiniLM-L6-v2,4,off,2,1,128,1,0,0.032082570000056876,nan,nan,nan,6.680,ok,
1771572389051,sentence-transformers/all-MiniLM-L6-v2,4,off,2,1,128,2,0,0.029751195999779156,nan,nan,nan,6.680,ok,
1771572389081,sentence-transformers/all-MiniLM-L6-v2,4,off,2,1,128,3,0,0.030082431998380343,nan,nan,nan,6.680,ok,
1771572389112,sentence-transformers/all-MiniLM-L6-v2,4,off,2,1,128,4,0,0.030374482999832253,nan,nan,nan,6.680,ok,
1771572389218,sentence-transformers/all-MiniLM-L6-v2,4,off,2,1,256,0,1,0.04552750500079128,nan,nan,nan,6.680,ok,
1771572389265,sentence-transformers/all-MiniLM-L6-v2,4,off,2,1,256,1,1,0.047495495000475785,nan,nan,nan,6.680,ok,
1771572389309,sentence-transformers/all-MiniLM-L6-v2,4,off,2,1,256,0,0,0.04416148299969791,nan,nan,nan,6.680,ok,
1771572389354,sentence-transformers/all-MiniLM-L6-v2,4,off,2,1,256,1,0,0.044719031000568066,nan,nan,nan,6.680,ok,
1771572389400,sentence-transformers/all-MiniLM-L6-v2,4,off,2,1,256,2,0,0.045085083998856135,nan,nan,nan,6.680,ok,
1771572389444,sentence-transformers/all-MiniLM-L6-v2,4,off,2,1,256,3,0,0.04392183400159411,nan,nan,nan,6.680,ok,
1771572389488,sentence-transformers/all-MiniLM-L6-v2,4,off,2,1,256,4,0,0.04474188099993626,nan,nan,nan,6.680,ok,
1771572389661,sentence-transformers/all-MiniLM-L6-v2,4,off,2,1,384,0,1,0.04521383499923104,nan,nan,nan,6.680,ok,
1771572389706,sentence-transformers/all-MiniLM-L6-v2,4,off,2,1,384,1,1,0.04532604099949822,nan,nan,nan,6.680,ok,
1771572389755,sentence-transformers/all-MiniLM-L6-v2,4,off,2,1,384,0,0,0.0484010619984474,nan,nan,nan,6.680,ok,
1771572389799,sentence-transformers/all-MiniLM-L6-v2,4,off,2,1,384,1,0,0.044622420999075985,nan,nan,nan,6.680,ok,
1771572389844,sentence-transformers/all-MiniLM-L6-v2,4,off,2,1,384,2,0,0.04457689599985315,nan,nan,nan,6.680,ok,
1771572389888,sentence-transformers/all-MiniLM-L6-v2,4,off,2,1,384,3,0,0.043293633998473524,nan,nan,nan,6.680,ok,
1771572389932,sentence-transformers/all-MiniLM-L6-v2,4,off,2,1,384,4,0,0.04407725000055507,nan,nan,nan,6.680,ok,
1771572390201,sentence-transformers/all-MiniLM-L6-v2,4,off,2,1,512,0,1,0.05168514700017113,nan,nan,nan,6.680,ok,
1771572390247,sentence-transformers/all-MiniLM-L6-v2,4,off,2,1,512,1,1,0.04598669499864627,nan,nan,nan,6.680,ok,
1771572390292,sentence-transformers/all-MiniLM-L6-v2,4,off,2,1,512,0,0,0.04521554799976002,nan,nan,nan,6.680,ok,
1771572390337,sentence-transformers/all-MiniLM-L6-v2,4,off,2,1,512,1,0,0.044417934001103276,nan,nan,nan,6.680,ok,
1771572390382,sentence-transformers/all-MiniLM-L6-v2,4,off,2,1,512,2,0,0.04473794200021075,nan,nan,nan,6.680,ok,
1771572390426,sentence-transformers/all-MiniLM-L6-v2,4,off,2,1,512,3,0,0.04441991900057474,nan,nan,nan,6.680,ok,
1771572390471,sentence-transformers/all-MiniLM-L6-v2,4,off,2,1,512,4,0,0.04411031200106663,nan,nan,nan,6.680,ok,
1771572415436,sentence-transformers/all-MiniLM-L6-v2,4,off,4,1,16,0,1,0.03209801800039713,nan,nan,nan,6.632,ok,
1771572415458,sentence-transformers/all-MiniLM-L6-v2,4,off,4,1,16,1,1,0.021979426999678253,nan,nan,nan,6.632,ok,
1771572415479,sentence-transformers/all-MiniLM-L6-v2,4,off,4,1,16,0,0,0.021235258000160684,nan,nan,nan,6.632,ok,
1771572415500,sentence-transformers/all-MiniLM-L6-v2,4,off,4,1,16,1,0,0.020920450000630808,nan,nan,nan,6.632,ok,
1771572415521,sentence-transformers/all-MiniLM-L6-v2,4,off,4,1,16,2,0,0.020581914999638684,nan,nan,nan,6.632,ok,
1771572415542,sentence-transformers/all-MiniLM-L6-v2,4,off,4,1,16,3,0,0.020503865998762194,nan,nan,nan,6.632,ok,
1771572415562,sentence-transformers/all-MiniLM-L6-v2,4,off,4,1,16,4,0,0.020574599999235943,nan,nan,nan,6.632,ok,
1771572415587,sentence-transformers/all-MiniLM-L6-v2,4,off,4,1,32,0,1,0.023032961998978863,nan,nan,nan,6.632,ok,
1771572415611,sentence-transformers/all-MiniLM-L6-v2,4,off,4,1,32,1,1,0.023263603001396405,nan,nan,nan,6.632,ok,
1771572415633,sentence-transformers/all-MiniLM-L6-v2,4,off,4,1,32,0,0,0.02223847400091472,nan,nan,nan,6.632,ok,
1771572415658,sentence-transformers/all-MiniLM-L6-v2,4,off,4,1,32,1,0,0.024583636000897968,nan,nan,nan,6.632,ok,
1771572415681,sentence-transformers/all-MiniLM-L6-v2,4,off,4,1,32,2,0,0.022503692998725455,nan,nan,nan,6.632,ok,
1771572415704,sentence-transformers/all-MiniLM-L6-v2,4,off,4,1,32,3,0,0.022929254999326076,nan,nan,nan,6.632,ok,
1771572415726,sentence-transformers/all-MiniLM-L6-v2,4,off,4,1,32,4,0,0.021972963999360218,nan,nan,nan,6.632,ok,
1771572415760,sentence-transformers/all-MiniLM-L6-v2,4,off,4,1,64,0,1,0.028129727999839815,nan,nan,nan,6.632,ok,
1771572415786,sentence-transformers/all-MiniLM-L6-v2,4,off,4,1,64,1,1,0.02642168700003822,nan,nan,nan,6.632,ok,
1771572415813,sentence-transformers/all-MiniLM-L6-v2,4,off,4,1,64,0,0,0.026825114000530448,nan,nan,nan,6.632,ok,
1771572415840,sentence-transformers/all-MiniLM-L6-v2,4,off,4,1,64,1,0,0.027033587999540032,nan,nan,nan,6.632,ok,
1771572415865,sentence-transformers/all-MiniLM-L6-v2,4,off,4,1,64,2,0,0.02464001499902224,nan,nan,nan,6.632,ok,
1771572415890,sentence-transformers/all-MiniLM-L6-v2,4,off,4,1,64,3,0,0.02495201400051883,nan,nan,nan,6.632,ok,
1771572415916,sentence-transformers/all-MiniLM-L6-v2,4,off,4,1,64,4,0,0.026093518999914522,nan,nan,nan,6.632,ok,
1771572415964,sentence-transformers/all-MiniLM-L6-v2,4,off,4,1,128,0,1,0.030445467000390636,nan,nan,nan,6.632,ok,
1771572415995,sentence-transformers/all-MiniLM-L6-v2,4,off,4,1,128,1,1,0.03103451900096843,nan,nan,nan,6.632,ok,
1771572416025,sentence-transformers/all-MiniLM-L6-v2,4,off,4,1,128,0,0,0.029893038001318928,nan,nan,nan,6.632,ok,
1771572416057,sentence-transformers/all-MiniLM-L6-v2,4,off,4,1,128,1,0,0.031445997999981046,nan,nan,nan,6.632,ok,
1771572416088,sentence-transformers/all-MiniLM-L6-v2,4,off,4,1,128,2,0,0.031011091001346358,nan,nan,nan,6.632,ok,
1771572416118,sentence-transformers/all-MiniLM-L6-v2,4,off,4,1,128,3,0,0.030312901999423048,nan,nan,nan,6.632,ok,
1771572416149,sentence-transformers/all-MiniLM-L6-v2,4,off,4,1,128,4,0,0.030484687000353006,nan,nan,nan,6.632,ok,
1771572416254,sentence-transformers/all-MiniLM-L6-v2,4,off,4,1,256,0,1,0.0456504079993465,nan,nan,nan,6.632,ok,
1771572416299,sentence-transformers/all-MiniLM-L6-v2,4,off,4,1,256,1,1,0.04447662099846639,nan,nan,nan,6.632,ok,
1771572416342,sentence-transformers/all-MiniLM-L6-v2,4,off,4,1,256,0,0,0.04324854900005448,nan,nan,nan,6.632,ok,
1771572416387,sentence-transformers/all-MiniLM-L6-v2,4,off,4,1,256,1,0,0.04510382499938714,nan,nan,nan,6.632,ok,
1771572416432,sentence-transformers/all-MiniLM-L6-v2,4,off,4,1,256,2,0,0.044113924999692244,nan,nan,nan,6.632,ok,
1771572416477,sentence-transformers/all-MiniLM-L6-v2,4,off,4,1,256,3,0,0.04506987000058871,nan,nan,nan,6.632,ok,
1771572416522,sentence-transformers/all-MiniLM-L6-v2,4,off,4,1,256,4,0,0.04526583400001982,nan,nan,nan,6.632,ok,
1771572416693,sentence-transformers/all-MiniLM-L6-v2,4,off,4,1,384,0,1,0.04466658999990614,nan,nan,nan,6.632,ok,
1771572416737,sentence-transformers/all-MiniLM-L6-v2,4,off,4,1,384,1,1,0.04410832099893014,nan,nan,nan,6.632,ok,
1771572416781,sentence-transformers/all-MiniLM-L6-v2,4,off,4,1,384,0,0,0.04408001000047079,nan,nan,nan,6.632,ok,
1771572416825,sentence-transformers/all-MiniLM-L6-v2,4,off,4,1,384,1,0,0.043082138001409476,nan,nan,nan,6.632,ok,
1771572416868,sentence-transformers/all-MiniLM-L6-v2,4,off,4,1,384,2,0,0.04333325299921853,nan,nan,nan,6.632,ok,
1771572416913,sentence-transformers/all-MiniLM-L6-v2,4,off,4,1,384,3,0,0.04467013499925088,nan,nan,nan,6.632,ok,
1771572416957,sentence-transformers/all-MiniLM-L6-v2,4,off,4,1,384,4,0,0.04374306299905584,nan,nan,nan,6.632,ok,
1771572417219,sentence-transformers/all-MiniLM-L6-v2,4,off,4,1,512,0,1,0.04602010000053269,nan,nan,nan,6.632,ok,
1771572417264,sentence-transformers/all-MiniLM-L6-v2,4,off,4,1,512,1,1,0.04476235099900805,nan,nan,nan,6.632,ok,
1771572417310,sentence-transformers/all-MiniLM-L6-v2,4,off,4,1,512,0,0,0.0459720520011615,nan,nan,nan,6.632,ok,
1771572417355,sentence-transformers/all-MiniLM-L6-v2,4,off,4,1,512,1,0,0.044821240999226575,nan,nan,nan,6.632,ok,
1771572417400,sentence-transformers/all-MiniLM-L6-v2,4,off,4,1,512,2,0,0.04423825399862835,nan,nan,nan,6.632,ok,
1771572417446,sentence-transformers/all-MiniLM-L6-v2,4,off,4,1,512,3,0,0.0460363590009365,nan,nan,nan,6.632,ok,
1771572417491,sentence-transformers/all-MiniLM-L6-v2,4,off,4,1,512,4,0,0.04533089800133894,nan,nan,nan,6.632,ok,
1771572442108,sentence-transformers/all-MiniLM-L6-v2,4,off,8,1,16,0,1,0.03505172000041057,nan,nan,nan,6.540,ok,
1771572442130,sentence-transformers/all-MiniLM-L6-v2,4,off,8,1,16,1,1,0.022488139000415686,nan,nan,nan,6.540,ok,
1771572442153,sentence-transformers/all-MiniLM-L6-v2,4,off,8,1,16,0,0,0.022093346000474412,nan,nan,nan,6.540,ok,
1771572442174,sentence-transformers/all-MiniLM-L6-v2,4,off,8,1,16,1,0,0.020879511001112405,nan,nan,nan,6.540,ok,
1771572442195,sentence-transformers/all-MiniLM-L6-v2,4,off,8,1,16,2,0,0.021046702999228728,nan,nan,nan,6.540,ok,
1771572442216,sentence-transformers/all-MiniLM-L6-v2,4,off,8,1,16,3,0,0.020738577000884106,nan,nan,nan,6.540,ok,
1771572442236,sentence-transformers/all-MiniLM-L6-v2,4,off,8,1,16,4,0,0.020571860999552882,nan,nan,nan,6.540,ok,
1771572442270,sentence-transformers/all-MiniLM-L6-v2,4,off,8,1,32,0,1,0.03141088000120362,nan,nan,nan,6.540,ok,
1771572442293,sentence-transformers/all-MiniLM-L6-v2,4,off,8,1,32,1,1,0.0230477039985999,nan,nan,nan,6.540,ok,
1771572442317,sentence-transformers/all-MiniLM-L6-v2,4,off,8,1,32,0,0,0.023631690000911476,nan,nan,nan,6.540,ok,
1771572442339,sentence-transformers/all-MiniLM-L6-v2,4,off,8,1,32,1,0,0.022368370999174658,nan,nan,nan,6.540,ok,
1771572442362,sentence-transformers/all-MiniLM-L6-v2,4,off,8,1,32,2,0,0.02308748299947183,nan,nan,nan,6.540,ok,
1771572442386,sentence-transformers/all-MiniLM-L6-v2,4,off,8,1,32,3,0,0.02349407300062012,nan,nan,nan,6.540,ok,
1771572442410,sentence-transformers/all-MiniLM-L6-v2,4,off,8,1,32,4,0,0.024195141999371117,nan,nan,nan,6.540,ok,
1771572442444,sentence-transformers/all-MiniLM-L6-v2,4,off,8,1,64,0,1,0.028080916999897454,nan,nan,nan,6.540,ok,
1771572442471,sentence-transformers/all-MiniLM-L6-v2,4,off,8,1,64,1,1,0.026676888999645598,nan,nan,nan,6.540,ok,
1771572442497,sentence-transformers/all-MiniLM-L6-v2,4,off,8,1,64,0,0,0.025790264999159263,nan,nan,nan,6.540,ok,
1771572442523,sentence-transformers/all-MiniLM-L6-v2,4,off,8,1,64,1,0,0.025842884000667254,nan,nan,nan,6.540,ok,
1771572442550,sentence-transformers/all-MiniLM-L6-v2,4,off,8,1,64,2,0,0.02654240099946037,nan,nan,nan,6.540,ok,
1771572442575,sentence-transformers/all-MiniLM-L6-v2,4,off,8,1,64,3,0,0.02571239099961531,nan,nan,nan,6.540,ok,
1771572442602,sentence-transformers/all-MiniLM-L6-v2,4,off,8,1,64,4,0,0.027026736999687273,nan,nan,nan,6.540,ok,
1771572442652,sentence-transformers/all-MiniLM-L6-v2,4,off,8,1,128,0,1,0.031692926999312476,nan,nan,nan,6.540,ok,
1771572442682,sentence-transformers/all-MiniLM-L6-v2,4,off,8,1,128,1,1,0.029692260999581777,nan,nan,nan,6.540,ok,
1771572442712,sentence-transformers/all-MiniLM-L6-v2,4,off,8,1,128,0,0,0.02988140200068301,nan,nan,nan,6.540,ok,
1771572442742,sentence-transformers/all-MiniLM-L6-v2,4,off,8,1,128,1,0,0.030235090000132914,nan,nan,nan,6.540,ok,
1771572442773,sentence-transformers/all-MiniLM-L6-v2,4,off,8,1,128,2,0,0.030905718998837983,nan,nan,nan,6.540,ok,
1771572442808,sentence-transformers/all-MiniLM-L6-v2,4,off,8,1,128,3,0,0.0343816019994847,nan,nan,nan,6.540,ok,
1771572442838,sentence-transformers/all-MiniLM-L6-v2,4,off,8,1,128,4,0,0.030421318999287905,nan,nan,nan,6.540,ok,
1771572442948,sentence-transformers/all-MiniLM-L6-v2,4,off,8,1,256,0,1,0.04728141799932928,nan,nan,nan,6.540,ok,
1771572442994,sentence-transformers/all-MiniLM-L6-v2,4,off,8,1,256,1,1,0.04531566999867209,nan,nan,nan,6.540,ok,
1771572443041,sentence-transformers/all-MiniLM-L6-v2,4,off,8,1,256,0,0,0.04703218199938419,nan,nan,nan,6.540,ok,
1771572443086,sentence-transformers/all-MiniLM-L6-v2,4,off,8,1,256,1,0,0.044929502000741195,nan,nan,nan,6.540,ok,
1771572443131,sentence-transformers/all-MiniLM-L6-v2,4,off,8,1,256,2,0,0.04488755400052469,nan,nan,nan,6.540,ok,
1771572443174,sentence-transformers/all-MiniLM-L6-v2,4,off,8,1,256,3,0,0.043297075000737095,nan,nan,nan,6.540,ok,
1771572443218,sentence-transformers/all-MiniLM-L6-v2,4,off,8,1,256,4,0,0.04394193099869881,nan,nan,nan,6.540,ok,
1771572443389,sentence-transformers/all-MiniLM-L6-v2,4,off,8,1,384,0,1,0.044203592000485514,nan,nan,nan,6.540,ok,
1771572443437,sentence-transformers/all-MiniLM-L6-v2,4,off,8,1,384,1,1,0.0483903479998844,nan,nan,nan,6.540,ok,
1771572443490,sentence-transformers/all-MiniLM-L6-v2,4,off,8,1,384,0,0,0.05238179099978879,nan,nan,nan,6.540,ok,
1771572443537,sentence-transformers/all-MiniLM-L6-v2,4,off,8,1,384,1,0,0.04740478600069764,nan,nan,nan,6.540,ok,
1771572443582,sentence-transformers/all-MiniLM-L6-v2,4,off,8,1,384,2,0,0.04520092399980058,nan,nan,nan,6.540,ok,
1771572443629,sentence-transformers/all-MiniLM-L6-v2,4,off,8,1,384,3,0,0.046015472000362934,nan,nan,nan,6.540,ok,
1771572443676,sentence-transformers/all-MiniLM-L6-v2,4,off,8,1,384,4,0,0.04704485799993563,nan,nan,nan,6.540,ok,
1771572443939,sentence-transformers/all-MiniLM-L6-v2,4,off,8,1,512,0,1,0.04663407299995015,nan,nan,nan,6.540,ok,
1771572443986,sentence-transformers/all-MiniLM-L6-v2,4,off,8,1,512,1,1,0.04637130299852288,nan,nan,nan,6.540,ok,
1771572444032,sentence-transformers/all-MiniLM-L6-v2,4,off,8,1,512,0,0,0.04558266099957109,nan,nan,nan,6.540,ok,
1771572444079,sentence-transformers/all-MiniLM-L6-v2,4,off,8,1,512,1,0,0.04700746699927549,nan,nan,nan,6.540,ok,
1771572444124,sentence-transformers/all-MiniLM-L6-v2,4,off,8,1,512,2,0,0.04540828000062902,nan,nan,nan,6.540,ok,
1771572444169,sentence-transformers/all-MiniLM-L6-v2,4,off,8,1,512,3,0,0.04432935999830079,nan,nan,nan,6.540,ok,
1771572444214,sentence-transformers/all-MiniLM-L6-v2,4,off,8,1,512,4,0,0.04551449899918225,nan,nan,nan,6.540,ok,
1771572469120,sentence-transformers/all-MiniLM-L6-v2,4,off,16,1,16,0,1,0.03512192700145533,nan,nan,nan,6.629,ok,
1771572469142,sentence-transformers/all-MiniLM-L6-v2,4,off,16,1,16,1,1,0.021475244999237475,nan,nan,nan,6.629,ok,
1771572469164,sentence-transformers/all-MiniLM-L6-v2,4,off,16,1,16,0,0,0.022004205000484944,nan,nan,nan,6.629,ok,
1771572469185,sentence-transformers/all-MiniLM-L6-v2,4,off,16,1,16,1,0,0.02098312099951727,nan,nan,nan,6.629,ok,
1771572469211,sentence-transformers/all-MiniLM-L6-v2,4,off,16,1,16,2,0,0.025577672000508755,nan,nan,nan,6.629,ok,
1771572469231,sentence-transformers/all-MiniLM-L6-v2,4,off,16,1,16,3,0,0.02055962200029171,nan,nan,nan,6.629,ok,
1771572469253,sentence-transformers/all-MiniLM-L6-v2,4,off,16,1,16,4,0,0.021608102999380208,nan,nan,nan,6.629,ok,
1771572469278,sentence-transformers/all-MiniLM-L6-v2,4,off,16,1,32,0,1,0.0226559949987859,nan,nan,nan,6.629,ok,
1771572469300,sentence-transformers/all-MiniLM-L6-v2,4,off,16,1,32,1,1,0.022501665000163484,nan,nan,nan,6.629,ok,
1771572469324,sentence-transformers/all-MiniLM-L6-v2,4,off,16,1,32,0,0,0.023162127001342014,nan,nan,nan,6.629,ok,
1771572469346,sentence-transformers/all-MiniLM-L6-v2,4,off,16,1,32,1,0,0.022004344999004388,nan,nan,nan,6.629,ok,
1771572469368,sentence-transformers/all-MiniLM-L6-v2,4,off,16,1,32,2,0,0.02246972900138644,nan,nan,nan,6.629,ok,
1771572469392,sentence-transformers/all-MiniLM-L6-v2,4,off,16,1,32,3,0,0.023226584000440198,nan,nan,nan,6.629,ok,
1771572469414,sentence-transformers/all-MiniLM-L6-v2,4,off,16,1,32,4,0,0.02250863900007971,nan,nan,nan,6.629,ok,
1771572469446,sentence-transformers/all-MiniLM-L6-v2,4,off,16,1,64,0,1,0.026357962999099982,nan,nan,nan,6.629,ok,
1771572469471,sentence-transformers/all-MiniLM-L6-v2,4,off,16,1,64,1,1,0.024894045000110054,nan,nan,nan,6.629,ok,
1771572469497,sentence-transformers/all-MiniLM-L6-v2,4,off,16,1,64,0,0,0.0258632929999294,nan,nan,nan,6.629,ok,
1771572469522,sentence-transformers/all-MiniLM-L6-v2,4,off,16,1,64,1,0,0.02481418999923335,nan,nan,nan,6.629,ok,
1771572469547,sentence-transformers/all-MiniLM-L6-v2,4,off,16,1,64,2,0,0.025014749000547454,nan,nan,nan,6.629,ok,
1771572469572,sentence-transformers/all-MiniLM-L6-v2,4,off,16,1,64,3,0,0.02469480299987481,nan,nan,nan,6.629,ok,
1771572469597,sentence-transformers/all-MiniLM-L6-v2,4,off,16,1,64,4,0,0.02450414200029627,nan,nan,nan,6.629,ok,
1771572469646,sentence-transformers/all-MiniLM-L6-v2,4,off,16,1,128,0,1,0.031117774999074754,nan,nan,nan,6.629,ok,
1771572469674,sentence-transformers/all-MiniLM-L6-v2,4,off,16,1,128,1,1,0.028097149999666726,nan,nan,nan,6.629,ok,
1771572469706,sentence-transformers/all-MiniLM-L6-v2,4,off,16,1,128,0,0,0.031910497000353644,nan,nan,nan,6.629,ok,
1771572469738,sentence-transformers/all-MiniLM-L6-v2,4,off,16,1,128,1,0,0.03119218599931628,nan,nan,nan,6.629,ok,
1771572469767,sentence-transformers/all-MiniLM-L6-v2,4,off,16,1,128,2,0,0.029118766000465257,nan,nan,nan,6.629,ok,
1771572469796,sentence-transformers/all-MiniLM-L6-v2,4,off,16,1,128,3,0,0.02937806400041154,nan,nan,nan,6.629,ok,
1771572469825,sentence-transformers/all-MiniLM-L6-v2,4,off,16,1,128,4,0,0.029111518000718206,nan,nan,nan,6.629,ok,
1771572469933,sentence-transformers/all-MiniLM-L6-v2,4,off,16,1,256,0,1,0.04811633700046514,nan,nan,nan,6.629,ok,
1771572469977,sentence-transformers/all-MiniLM-L6-v2,4,off,16,1,256,1,1,0.044682223999188864,nan,nan,nan,6.629,ok,
1771572470021,sentence-transformers/all-MiniLM-L6-v2,4,off,16,1,256,0,0,0.043496667998624616,nan,nan,nan,6.629,ok,
1771572470064,sentence-transformers/all-MiniLM-L6-v2,4,off,16,1,256,1,0,0.04334974199991848,nan,nan,nan,6.629,ok,
1771572470108,sentence-transformers/all-MiniLM-L6-v2,4,off,16,1,256,2,0,0.043697147999409935,nan,nan,nan,6.629,ok,
1771572470151,sentence-transformers/all-MiniLM-L6-v2,4,off,16,1,256,3,0,0.04217477400015923,nan,nan,nan,6.629,ok,
1771572470194,sentence-transformers/all-MiniLM-L6-v2,4,off,16,1,256,4,0,0.0433208710001054,nan,nan,nan,6.629,ok,
1771572470366,sentence-transformers/all-MiniLM-L6-v2,4,off,16,1,384,0,1,0.045657372998903156,nan,nan,nan,6.629,ok,
1771572470411,sentence-transformers/all-MiniLM-L6-v2,4,off,16,1,384,1,1,0.044111997998697916,nan,nan,nan,6.629,ok,
1771572470455,sentence-transformers/all-MiniLM-L6-v2,4,off,16,1,384,0,0,0.044630956999753835,nan,nan,nan,6.629,ok,
1771572470501,sentence-transformers/all-MiniLM-L6-v2,4,off,16,1,384,1,0,0.04525066499991226,nan,nan,nan,6.629,ok,
1771572470545,sentence-transformers/all-MiniLM-L6-v2,4,off,16,1,384,2,0,0.0444055859989021,nan,nan,nan,6.629,ok,
1771572470589,sentence-transformers/all-MiniLM-L6-v2,4,off,16,1,384,3,0,0.04382150400124374,nan,nan,nan,6.629,ok,
1771572470633,sentence-transformers/all-MiniLM-L6-v2,4,off,16,1,384,4,0,0.043945923000137554,nan,nan,nan,6.629,ok,
1771572470898,sentence-transformers/all-MiniLM-L6-v2,4,off,16,1,512,0,1,0.045797504999427474,nan,nan,nan,6.629,ok,
1771572470943,sentence-transformers/all-MiniLM-L6-v2,4,off,16,1,512,1,1,0.04491806400073983,nan,nan,nan,6.629,ok,
1771572470988,sentence-transformers/all-MiniLM-L6-v2,4,off,16,1,512,0,0,0.04517087800013542,nan,nan,nan,6.629,ok,
1771572471035,sentence-transformers/all-MiniLM-L6-v2,4,off,16,1,512,1,0,0.04619541600004595,nan,nan,nan,6.629,ok,
1771572471079,sentence-transformers/all-MiniLM-L6-v2,4,off,16,1,512,2,0,0.04453144800027076,nan,nan,nan,6.629,ok,
1771572471124,sentence-transformers/all-MiniLM-L6-v2,4,off,16,1,512,3,0,0.044912023999131634,nan,nan,nan,6.629,ok,
1771572471170,sentence-transformers/all-MiniLM-L6-v2,4,off,16,1,512,4,0,0.045792167000399786,nan,nan,nan,6.629,ok,
1771572499509,sentence-transformers/all-MiniLM-L6-v2,8,off,2,1,16,0,1,0.03579324999918754,nan,nan,nan,6.319,ok,
1771572499533,sentence-transformers/all-MiniLM-L6-v2,8,off,2,1,16,1,1,0.023870434999480494,nan,nan,nan,6.319,ok,
1771572499555,sentence-transformers/all-MiniLM-L6-v2,8,off,2,1,16,0,0,0.021560100998613052,nan,nan,nan,6.319,ok,
1771572499576,sentence-transformers/all-MiniLM-L6-v2,8,off,2,1,16,1,0,0.02179141800115758,nan,nan,nan,6.319,ok,
1771572499603,sentence-transformers/all-MiniLM-L6-v2,8,off,2,1,16,2,0,0.026386383000499336,nan,nan,nan,6.319,ok,
1771572499625,sentence-transformers/all-MiniLM-L6-v2,8,off,2,1,16,3,0,0.02229533400168293,nan,nan,nan,6.319,ok,
1771572499648,sentence-transformers/all-MiniLM-L6-v2,8,off,2,1,16,4,0,0.02246566399844596,nan,nan,nan,6.319,ok,
1771572499673,sentence-transformers/all-MiniLM-L6-v2,8,off,2,1,32,0,1,0.02320216100088146,nan,nan,nan,6.319,ok,
1771572499698,sentence-transformers/all-MiniLM-L6-v2,8,off,2,1,32,1,1,0.02465688600022986,nan,nan,nan,6.319,ok,
1771572499723,sentence-transformers/all-MiniLM-L6-v2,8,off,2,1,32,0,0,0.022964276000493555,nan,nan,nan,6.319,ok,
1771572499747,sentence-transformers/all-MiniLM-L6-v2,8,off,2,1,32,1,0,0.023652968999158475,nan,nan,nan,6.319,ok,
1771572499769,sentence-transformers/all-MiniLM-L6-v2,8,off,2,1,32,2,0,0.022185080000781454,nan,nan,nan,6.319,ok,
1771572499800,sentence-transformers/all-MiniLM-L6-v2,8,off,2,1,32,3,0,0.03064176499901805,nan,nan,nan,6.319,ok,
1771572499823,sentence-transformers/all-MiniLM-L6-v2,8,off,2,1,32,4,0,0.02291874500042468,nan,nan,nan,6.319,ok,
1771572499857,sentence-transformers/all-MiniLM-L6-v2,8,off,2,1,64,0,1,0.027840979000757216,nan,nan,nan,6.319,ok,
1771572499884,sentence-transformers/all-MiniLM-L6-v2,8,off,2,1,64,1,1,0.02751573100067617,nan,nan,nan,6.319,ok,
1771572499912,sentence-transformers/all-MiniLM-L6-v2,8,off,2,1,64,0,0,0.02745442899868067,nan,nan,nan,6.319,ok,
1771572499936,sentence-transformers/all-MiniLM-L6-v2,8,off,2,1,64,1,0,0.024363773000004585,nan,nan,nan,6.319,ok,
1771572499961,sentence-transformers/all-MiniLM-L6-v2,8,off,2,1,64,2,0,0.02486580700133345,nan,nan,nan,6.319,ok,
1771572499986,sentence-transformers/all-MiniLM-L6-v2,8,off,2,1,64,3,0,0.024438119000478764,nan,nan,nan,6.319,ok,
1771572500011,sentence-transformers/all-MiniLM-L6-v2,8,off,2,1,64,4,0,0.025182043998938752,nan,nan,nan,6.319,ok,
1771572500058,sentence-transformers/all-MiniLM-L6-v2,8,off,2,1,128,0,1,0.029993403999469592,nan,nan,nan,6.319,ok,
1771572500086,sentence-transformers/all-MiniLM-L6-v2,8,off,2,1,128,1,1,0.027182018999155844,nan,nan,nan,6.319,ok,
1771572500116,sentence-transformers/all-MiniLM-L6-v2,8,off,2,1,128,0,0,0.029828089000147884,nan,nan,nan,6.319,ok,
1771572500148,sentence-transformers/all-MiniLM-L6-v2,8,off,2,1,128,1,0,0.03207585400014068,nan,nan,nan,6.319,ok,
1771572500178,sentence-transformers/all-MiniLM-L6-v2,8,off,2,1,128,2,0,0.03060278799966909,nan,nan,nan,6.319,ok,
1771572500209,sentence-transformers/all-MiniLM-L6-v2,8,off,2,1,128,3,0,0.030592112001613714,nan,nan,nan,6.319,ok,
1771572500239,sentence-transformers/all-MiniLM-L6-v2,8,off,2,1,128,4,0,0.029497853000066243,nan,nan,nan,6.319,ok,
1771572500343,sentence-transformers/all-MiniLM-L6-v2,8,off,2,1,256,0,1,0.046016774998861365,nan,nan,nan,6.319,ok,
1771572500387,sentence-transformers/all-MiniLM-L6-v2,8,off,2,1,256,1,1,0.043324348000169266,nan,nan,nan,6.319,ok,
1771572500432,sentence-transformers/all-MiniLM-L6-v2,8,off,2,1,256,0,0,0.04463042099996528,nan,nan,nan,6.319,ok,
1771572500475,sentence-transformers/all-MiniLM-L6-v2,8,off,2,1,256,1,0,0.04333992300053069,nan,nan,nan,6.319,ok,
1771572500518,sentence-transformers/all-MiniLM-L6-v2,8,off,2,1,256,2,0,0.04314461200010555,nan,nan,nan,6.319,ok,
1771572500561,sentence-transformers/all-MiniLM-L6-v2,8,off,2,1,256,3,0,0.04206178300046304,nan,nan,nan,6.319,ok,
1771572500604,sentence-transformers/all-MiniLM-L6-v2,8,off,2,1,256,4,0,0.043551228000069386,nan,nan,nan,6.319,ok,
1771572500775,sentence-transformers/all-MiniLM-L6-v2,8,off,2,1,384,0,1,0.046608201000708505,nan,nan,nan,6.319,ok,
1771572500819,sentence-transformers/all-MiniLM-L6-v2,8,off,2,1,384,1,1,0.04350057199917501,nan,nan,nan,6.319,ok,
1771572500863,sentence-transformers/all-MiniLM-L6-v2,8,off,2,1,384,0,0,0.04387212899928272,nan,nan,nan,6.319,ok,
1771572500907,sentence-transformers/all-MiniLM-L6-v2,8,off,2,1,384,1,0,0.04380853200018464,nan,nan,nan,6.319,ok,
1771572500959,sentence-transformers/all-MiniLM-L6-v2,8,off,2,1,384,2,0,0.051866178000636864,nan,nan,nan,6.319,ok,
1771572501004,sentence-transformers/all-MiniLM-L6-v2,8,off,2,1,384,3,0,0.044785500000216416,nan,nan,nan,6.319,ok,
1771572501046,sentence-transformers/all-MiniLM-L6-v2,8,off,2,1,384,4,0,0.04243164400031674,nan,nan,nan,6.319,ok,
1771572501305,sentence-transformers/all-MiniLM-L6-v2,8,off,2,1,512,0,1,0.04549663400030113,nan,nan,nan,6.319,ok,
1771572501346,sentence-transformers/all-MiniLM-L6-v2,8,off,2,1,512,1,1,0.04068638200078567,nan,nan,nan,6.319,ok,
1771572501388,sentence-transformers/all-MiniLM-L6-v2,8,off,2,1,512,0,0,0.04224829499980842,nan,nan,nan,6.319,ok,
1771572501432,sentence-transformers/all-MiniLM-L6-v2,8,off,2,1,512,1,0,0.043755120001151226,nan,nan,nan,6.319,ok,
1771572501474,sentence-transformers/all-MiniLM-L6-v2,8,off,2,1,512,2,0,0.04166127600001346,nan,nan,nan,6.319,ok,
1771572501520,sentence-transformers/all-MiniLM-L6-v2,8,off,2,1,512,3,0,0.045357263001278625,nan,nan,nan,6.319,ok,
1771572501565,sentence-transformers/all-MiniLM-L6-v2,8,off,2,1,512,4,0,0.04507622799974342,nan,nan,nan,6.319,ok,
1771572525838,sentence-transformers/all-MiniLM-L6-v2,8,off,4,1,16,0,1,0.03146699500030081,nan,nan,nan,6.694,ok,
1771572525859,sentence-transformers/all-MiniLM-L6-v2,8,off,4,1,16,1,1,0.021034162000432843,nan,nan,nan,6.694,ok,
1771572525880,sentence-transformers/all-MiniLM-L6-v2,8,off,4,1,16,0,0,0.020557753001412493,nan,nan,nan,6.694,ok,
1771572525901,sentence-transformers/all-MiniLM-L6-v2,8,off,4,1,16,1,0,0.021109993000209215,nan,nan,nan,6.694,ok,
1771572525921,sentence-transformers/all-MiniLM-L6-v2,8,off,4,1,16,2,0,0.02044646600006672,nan,nan,nan,6.694,ok,
1771572525942,sentence-transformers/all-MiniLM-L6-v2,8,off,4,1,16,3,0,0.020726029000798007,nan,nan,nan,6.694,ok,
1771572525963,sentence-transformers/all-MiniLM-L6-v2,8,off,4,1,16,4,0,0.020610038000086206,nan,nan,nan,6.694,ok,
1771572525988,sentence-transformers/all-MiniLM-L6-v2,8,off,4,1,32,0,1,0.022698877999573597,nan,nan,nan,6.694,ok,
1771572526010,sentence-transformers/all-MiniLM-L6-v2,8,off,4,1,32,1,1,0.02243556200119201,nan,nan,nan,6.694,ok,
1771572526032,sentence-transformers/all-MiniLM-L6-v2,8,off,4,1,32,0,0,0.021615141000438598,nan,nan,nan,6.694,ok,
1771572526054,sentence-transformers/all-MiniLM-L6-v2,8,off,4,1,32,1,0,0.02170605500032252,nan,nan,nan,6.694,ok,
1771572526076,sentence-transformers/all-MiniLM-L6-v2,8,off,4,1,32,2,0,0.022046022000722587,nan,nan,nan,6.694,ok,
1771572526098,sentence-transformers/all-MiniLM-L6-v2,8,off,4,1,32,3,0,0.0217235560012341,nan,nan,nan,6.694,ok,
1771572526121,sentence-transformers/all-MiniLM-L6-v2,8,off,4,1,32,4,0,0.0226661350006907,nan,nan,nan,6.694,ok,
1771572526152,sentence-transformers/all-MiniLM-L6-v2,8,off,4,1,64,0,1,0.02612044300076377,nan,nan,nan,6.694,ok,
1771572526179,sentence-transformers/all-MiniLM-L6-v2,8,off,4,1,64,1,1,0.026397879999422003,nan,nan,nan,6.694,ok,
1771572526211,sentence-transformers/all-MiniLM-L6-v2,8,off,4,1,64,0,0,0.03222830499908014,nan,nan,nan,6.694,ok,
1771572526236,sentence-transformers/all-MiniLM-L6-v2,8,off,4,1,64,1,0,0.02530868199937686,nan,nan,nan,6.694,ok,
1771572526262,sentence-transformers/all-MiniLM-L6-v2,8,off,4,1,64,2,0,0.025301846999354893,nan,nan,nan,6.694,ok,
1771572526287,sentence-transformers/all-MiniLM-L6-v2,8,off,4,1,64,3,0,0.024643176000608946,nan,nan,nan,6.694,ok,
1771572526311,sentence-transformers/all-MiniLM-L6-v2,8,off,4,1,64,4,0,0.024536775001251954,nan,nan,nan,6.694,ok,
1771572526360,sentence-transformers/all-MiniLM-L6-v2,8,off,4,1,128,0,1,0.030964158999267966,nan,nan,nan,6.694,ok,
1771572526390,sentence-transformers/all-MiniLM-L6-v2,8,off,4,1,128,1,1,0.030453277000560774,nan,nan,nan,6.694,ok,
1771572526421,sentence-transformers/all-MiniLM-L6-v2,8,off,4,1,128,0,0,0.030925295999622904,nan,nan,nan,6.694,ok,
1771572526458,sentence-transformers/all-MiniLM-L6-v2,8,off,4,1,128,1,0,0.03708042199832562,nan,nan,nan,6.694,ok,
1771572526489,sentence-transformers/all-MiniLM-L6-v2,8,off,4,1,128,2,0,0.03004435999901034,nan,nan,nan,6.694,ok,
1771572526520,sentence-transformers/all-MiniLM-L6-v2,8,off,4,1,128,3,0,0.03151545100081421,nan,nan,nan,6.694,ok,
1771572526551,sentence-transformers/all-MiniLM-L6-v2,8,off,4,1,128,4,0,0.030513660998622072,nan,nan,nan,6.694,ok,
1771572526658,sentence-transformers/all-MiniLM-L6-v2,8,off,4,1,256,0,1,0.04736444099944492,nan,nan,nan,6.694,ok,
1771572526702,sentence-transformers/all-MiniLM-L6-v2,8,off,4,1,256,1,1,0.04332728800000041,nan,nan,nan,6.694,ok,
1771572526745,sentence-transformers/all-MiniLM-L6-v2,8,off,4,1,256,0,0,0.04298985699824698,nan,nan,nan,6.694,ok,
1771572526789,sentence-transformers/all-MiniLM-L6-v2,8,off,4,1,256,1,0,0.044079089999286225,nan,nan,nan,6.694,ok,
1771572526833,sentence-transformers/all-MiniLM-L6-v2,8,off,4,1,256,2,0,0.043665685998348636,nan,nan,nan,6.694,ok,
1771572526877,sentence-transformers/all-MiniLM-L6-v2,8,off,4,1,256,3,0,0.04377345300054003,nan,nan,nan,6.694,ok,
1771572526921,sentence-transformers/all-MiniLM-L6-v2,8,off,4,1,256,4,0,0.04410773599920503,nan,nan,nan,6.694,ok,
1771572527091,sentence-transformers/all-MiniLM-L6-v2,8,off,4,1,384,0,1,0.04632877299991378,nan,nan,nan,6.694,ok,
1771572527137,sentence-transformers/all-MiniLM-L6-v2,8,off,4,1,384,1,1,0.04544088800139434,nan,nan,nan,6.694,ok,
1771572527182,sentence-transformers/all-MiniLM-L6-v2,8,off,4,1,384,0,0,0.04471778300103324,nan,nan,nan,6.694,ok,
1771572527227,sentence-transformers/all-MiniLM-L6-v2,8,off,4,1,384,1,0,0.04526010399968072,nan,nan,nan,6.694,ok,
1771572527272,sentence-transformers/all-MiniLM-L6-v2,8,off,4,1,384,2,0,0.0445297499991284,nan,nan,nan,6.694,ok,
1771572527316,sentence-transformers/all-MiniLM-L6-v2,8,off,4,1,384,3,0,0.04415517099914723,nan,nan,nan,6.694,ok,
1771572527361,sentence-transformers/all-MiniLM-L6-v2,8,off,4,1,384,4,0,0.04460662499877799,nan,nan,nan,6.694,ok,
1771572527628,sentence-transformers/all-MiniLM-L6-v2,8,off,4,1,512,0,1,0.04662244499922963,nan,nan,nan,6.694,ok,
1771572527674,sentence-transformers/all-MiniLM-L6-v2,8,off,4,1,512,1,1,0.04626903499956825,nan,nan,nan,6.694,ok,
1771572527725,sentence-transformers/all-MiniLM-L6-v2,8,off,4,1,512,0,0,0.05011008499968739,nan,nan,nan,6.694,ok,
1771572527771,sentence-transformers/all-MiniLM-L6-v2,8,off,4,1,512,1,0,0.046507058999850415,nan,nan,nan,6.694,ok,
1771572527817,sentence-transformers/all-MiniLM-L6-v2,8,off,4,1,512,2,0,0.04601729299974977,nan,nan,nan,6.694,ok,
1771572527863,sentence-transformers/all-MiniLM-L6-v2,8,off,4,1,512,3,0,0.045909708000181126,nan,nan,nan,6.694,ok,
1771572527910,sentence-transformers/all-MiniLM-L6-v2,8,off,4,1,512,4,0,0.04661562699948263,nan,nan,nan,6.694,ok,
1771572552120,sentence-transformers/all-MiniLM-L6-v2,8,off,8,1,16,0,1,0.03646892400138313,nan,nan,nan,6.590,ok,
1771572552141,sentence-transformers/all-MiniLM-L6-v2,8,off,8,1,16,1,1,0.021424278998892987,nan,nan,nan,6.590,ok,
1771572552162,sentence-transformers/all-MiniLM-L6-v2,8,off,8,1,16,0,0,0.02090158000100928,nan,nan,nan,6.590,ok,
1771572552187,sentence-transformers/all-MiniLM-L6-v2,8,off,8,1,16,1,0,0.02479571099866007,nan,nan,nan,6.590,ok,
1771572552208,sentence-transformers/all-MiniLM-L6-v2,8,off,8,1,16,2,0,0.021057605001260526,nan,nan,nan,6.590,ok,
1771572552229,sentence-transformers/all-MiniLM-L6-v2,8,off,8,1,16,3,0,0.020398082999236067,nan,nan,nan,6.590,ok,
1771572552251,sentence-transformers/all-MiniLM-L6-v2,8,off,8,1,16,4,0,0.021697702000892605,nan,nan,nan,6.590,ok,
1771572552275,sentence-transformers/all-MiniLM-L6-v2,8,off,8,1,32,0,1,0.022446819999458967,nan,nan,nan,6.590,ok,
1771572552298,sentence-transformers/all-MiniLM-L6-v2,8,off,8,1,32,1,1,0.022834127999885823,nan,nan,nan,6.590,ok,
1771572552320,sentence-transformers/all-MiniLM-L6-v2,8,off,8,1,32,0,0,0.02189758399981656,nan,nan,nan,6.590,ok,
1771572552343,sentence-transformers/all-MiniLM-L6-v2,8,off,8,1,32,1,0,0.02250230299978284,nan,nan,nan,6.590,ok,
1771572552365,sentence-transformers/all-MiniLM-L6-v2,8,off,8,1,32,2,0,0.021857281999473344,nan,nan,nan,6.590,ok,
1771572552387,sentence-transformers/all-MiniLM-L6-v2,8,off,8,1,32,3,0,0.022138551999887568,nan,nan,nan,6.590,ok,
1771572552408,sentence-transformers/all-MiniLM-L6-v2,8,off,8,1,32,4,0,0.021349240998461028,nan,nan,nan,6.590,ok,
1771572552440,sentence-transformers/all-MiniLM-L6-v2,8,off,8,1,64,0,1,0.026618140000209678,nan,nan,nan,6.590,ok,
1771572552467,sentence-transformers/all-MiniLM-L6-v2,8,off,8,1,64,1,1,0.026530566001383704,nan,nan,nan,6.590,ok,
1771572552492,sentence-transformers/all-MiniLM-L6-v2,8,off,8,1,64,0,0,0.02477548999922874,nan,nan,nan,6.590,ok,
1771572552519,sentence-transformers/all-MiniLM-L6-v2,8,off,8,1,64,1,0,0.026735093999377568,nan,nan,nan,6.590,ok,
1771572552545,sentence-transformers/all-MiniLM-L6-v2,8,off,8,1,64,2,0,0.02601908600081515,nan,nan,nan,6.590,ok,
1771572552569,sentence-transformers/all-MiniLM-L6-v2,8,off,8,1,64,3,0,0.024530753998988075,nan,nan,nan,6.590,ok,
1771572552595,sentence-transformers/all-MiniLM-L6-v2,8,off,8,1,64,4,0,0.02529213599882496,nan,nan,nan,6.590,ok,
1771572552641,sentence-transformers/all-MiniLM-L6-v2,8,off,8,1,128,0,1,0.029920265000328072,nan,nan,nan,6.590,ok,
1771572552670,sentence-transformers/all-MiniLM-L6-v2,8,off,8,1,128,1,1,0.028954871000678395,nan,nan,nan,6.590,ok,
1771572552706,sentence-transformers/all-MiniLM-L6-v2,8,off,8,1,128,0,0,0.0355382389989245,nan,nan,nan,6.590,ok,
1771572552736,sentence-transformers/all-MiniLM-L6-v2,8,off,8,1,128,1,0,0.029387295000560698,nan,nan,nan,6.590,ok,
1771572552766,sentence-transformers/all-MiniLM-L6-v2,8,off,8,1,128,2,0,0.030803222000031383,nan,nan,nan,6.590,ok,
1771572552796,sentence-transformers/all-MiniLM-L6-v2,8,off,8,1,128,3,0,0.029496945999198942,nan,nan,nan,6.590,ok,
1771572552826,sentence-transformers/all-MiniLM-L6-v2,8,off,8,1,128,4,0,0.029607279000629205,nan,nan,nan,6.590,ok,
1771572552929,sentence-transformers/all-MiniLM-L6-v2,8,off,8,1,256,0,1,0.04618867699900875,nan,nan,nan,6.590,ok,
1771572552969,sentence-transformers/all-MiniLM-L6-v2,8,off,8,1,256,1,1,0.039952335000634775,nan,nan,nan,6.590,ok,
1771572553012,sentence-transformers/all-MiniLM-L6-v2,8,off,8,1,256,0,0,0.04351216800023394,nan,nan,nan,6.590,ok,
1771572553056,sentence-transformers/all-MiniLM-L6-v2,8,off,8,1,256,1,0,0.04347745700033556,nan,nan,nan,6.590,ok,
1771572553098,sentence-transformers/all-MiniLM-L6-v2,8,off,8,1,256,2,0,0.04172180500063405,nan,nan,nan,6.590,ok,
1771572553140,sentence-transformers/all-MiniLM-L6-v2,8,off,8,1,256,3,0,0.04237023799942108,nan,nan,nan,6.590,ok,
1771572553186,sentence-transformers/all-MiniLM-L6-v2,8,off,8,1,256,4,0,0.046087146998615935,nan,nan,nan,6.590,ok,
1771572553358,sentence-transformers/all-MiniLM-L6-v2,8,off,8,1,384,0,1,0.046720354999706615,nan,nan,nan,6.590,ok,
1771572553403,sentence-transformers/all-MiniLM-L6-v2,8,off,8,1,384,1,1,0.044335419001072296,nan,nan,nan,6.590,ok,
1771572553450,sentence-transformers/all-MiniLM-L6-v2,8,off,8,1,384,0,0,0.04724036200059345,nan,nan,nan,6.590,ok,
1771572553498,sentence-transformers/all-MiniLM-L6-v2,8,off,8,1,384,1,0,0.04736867300016456,nan,nan,nan,6.590,ok,
1771572553543,sentence-transformers/all-MiniLM-L6-v2,8,off,8,1,384,2,0,0.045387737000055495,nan,nan,nan,6.590,ok,
1771572553588,sentence-transformers/all-MiniLM-L6-v2,8,off,8,1,384,3,0,0.044468011999924784,nan,nan,nan,6.590,ok,
1771572553632,sentence-transformers/all-MiniLM-L6-v2,8,off,8,1,384,4,0,0.044227529999261606,nan,nan,nan,6.590,ok,
1771572553893,sentence-transformers/all-MiniLM-L6-v2,8,off,8,1,512,0,1,0.04760894299943175,nan,nan,nan,6.590,ok,
1771572553943,sentence-transformers/all-MiniLM-L6-v2,8,off,8,1,512,1,1,0.05021573199883278,nan,nan,nan,6.590,ok,
1771572553991,sentence-transformers/all-MiniLM-L6-v2,8,off,8,1,512,0,0,0.04751259199838387,nan,nan,nan,6.590,ok,
1771572554037,sentence-transformers/all-MiniLM-L6-v2,8,off,8,1,512,1,0,0.04585018299985677,nan,nan,nan,6.590,ok,
1771572554082,sentence-transformers/all-MiniLM-L6-v2,8,off,8,1,512,2,0,0.04449828399992839,nan,nan,nan,6.590,ok,
1771572554127,sentence-transformers/all-MiniLM-L6-v2,8,off,8,1,512,3,0,0.044846041999335284,nan,nan,nan,6.590,ok,
1771572554178,sentence-transformers/all-MiniLM-L6-v2,8,off,8,1,512,4,0,0.05108501500035345,nan,nan,nan,6.590,ok,
1771572577910,sentence-transformers/all-MiniLM-L6-v2,8,off,16,1,16,0,1,0.03311420300087775,nan,nan,nan,6.459,ok,
1771572577931,sentence-transformers/all-MiniLM-L6-v2,8,off,16,1,16,1,1,0.020957912000085344,nan,nan,nan,6.459,ok,
1771572577952,sentence-transformers/all-MiniLM-L6-v2,8,off,16,1,16,0,0,0.020823998000196298,nan,nan,nan,6.459,ok,
1771572577973,sentence-transformers/all-MiniLM-L6-v2,8,off,16,1,16,1,0,0.020833974000197486,nan,nan,nan,6.459,ok,
1771572577994,sentence-transformers/all-MiniLM-L6-v2,8,off,16,1,16,2,0,0.02089129299929482,nan,nan,nan,6.459,ok,
1771572578015,sentence-transformers/all-MiniLM-L6-v2,8,off,16,1,16,3,0,0.02105206699889095,nan,nan,nan,6.459,ok,
1771572578036,sentence-transformers/all-MiniLM-L6-v2,8,off,16,1,16,4,0,0.02078489799896488,nan,nan,nan,6.459,ok,
1771572578061,sentence-transformers/all-MiniLM-L6-v2,8,off,16,1,32,0,1,0.023560315999930026,nan,nan,nan,6.459,ok,
1771572578084,sentence-transformers/all-MiniLM-L6-v2,8,off,16,1,32,1,1,0.022559631999683916,nan,nan,nan,6.459,ok,
1771572578107,sentence-transformers/all-MiniLM-L6-v2,8,off,16,1,32,0,0,0.02233364199855714,nan,nan,nan,6.459,ok,
1771572578129,sentence-transformers/all-MiniLM-L6-v2,8,off,16,1,32,1,0,0.022287391000645584,nan,nan,nan,6.459,ok,
1771572578152,sentence-transformers/all-MiniLM-L6-v2,8,off,16,1,32,2,0,0.022891758000696427,nan,nan,nan,6.459,ok,
1771572578176,sentence-transformers/all-MiniLM-L6-v2,8,off,16,1,32,3,0,0.0238034769990918,nan,nan,nan,6.459,ok,
1771572578199,sentence-transformers/all-MiniLM-L6-v2,8,off,16,1,32,4,0,0.023167880999608315,nan,nan,nan,6.459,ok,
1771572578239,sentence-transformers/all-MiniLM-L6-v2,8,off,16,1,64,0,1,0.033788060000006226,nan,nan,nan,6.459,ok,
1771572578266,sentence-transformers/all-MiniLM-L6-v2,8,off,16,1,64,1,1,0.027053877998696407,nan,nan,nan,6.459,ok,
1771572578293,sentence-transformers/all-MiniLM-L6-v2,8,off,16,1,64,0,0,0.02743756800009578,nan,nan,nan,6.459,ok,
1771572578321,sentence-transformers/all-MiniLM-L6-v2,8,off,16,1,64,1,0,0.027258217998678447,nan,nan,nan,6.459,ok,
1771572578346,sentence-transformers/all-MiniLM-L6-v2,8,off,16,1,64,2,0,0.025289294999311096,nan,nan,nan,6.459,ok,
1771572578372,sentence-transformers/all-MiniLM-L6-v2,8,off,16,1,64,3,0,0.025734607999766013,nan,nan,nan,6.459,ok,
1771572578398,sentence-transformers/all-MiniLM-L6-v2,8,off,16,1,64,4,0,0.025729281000167248,nan,nan,nan,6.459,ok,
1771572578445,sentence-transformers/all-MiniLM-L6-v2,8,off,16,1,128,0,1,0.030185846000676975,nan,nan,nan,6.459,ok,
1771572578474,sentence-transformers/all-MiniLM-L6-v2,8,off,16,1,128,1,1,0.029622948000906035,nan,nan,nan,6.459,ok,
1771572578504,sentence-transformers/all-MiniLM-L6-v2,8,off,16,1,128,0,0,0.029423518000839977,nan,nan,nan,6.459,ok,
1771572578535,sentence-transformers/all-MiniLM-L6-v2,8,off,16,1,128,1,0,0.03092123899841681,nan,nan,nan,6.459,ok,
1771572578566,sentence-transformers/all-MiniLM-L6-v2,8,off,16,1,128,2,0,0.030574456999602262,nan,nan,nan,6.459,ok,
1771572578595,sentence-transformers/all-MiniLM-L6-v2,8,off,16,1,128,3,0,0.029336942001464195,nan,nan,nan,6.459,ok,
1771572578625,sentence-transformers/all-MiniLM-L6-v2,8,off,16,1,128,4,0,0.030045096998946974,nan,nan,nan,6.459,ok,
1771572578728,sentence-transformers/all-MiniLM-L6-v2,8,off,16,1,256,0,1,0.04581574900112173,nan,nan,nan,6.459,ok,
1771572578769,sentence-transformers/all-MiniLM-L6-v2,8,off,16,1,256,1,1,0.04058602800068911,nan,nan,nan,6.459,ok,
1771572578813,sentence-transformers/all-MiniLM-L6-v2,8,off,16,1,256,0,0,0.04393110699857061,nan,nan,nan,6.459,ok,
1771572578856,sentence-transformers/all-MiniLM-L6-v2,8,off,16,1,256,1,0,0.04328504499972041,nan,nan,nan,6.459,ok,
1771572578901,sentence-transformers/all-MiniLM-L6-v2,8,off,16,1,256,2,0,0.044894495000335155,nan,nan,nan,6.459,ok,
1771572578946,sentence-transformers/all-MiniLM-L6-v2,8,off,16,1,256,3,0,0.04429682200134266,nan,nan,nan,6.459,ok,
1771572578989,sentence-transformers/all-MiniLM-L6-v2,8,off,16,1,256,4,0,0.043514703000255395,nan,nan,nan,6.459,ok,
1771572579159,sentence-transformers/all-MiniLM-L6-v2,8,off,16,1,384,0,1,0.045243776999996044,nan,nan,nan,6.459,ok,
1771572579205,sentence-transformers/all-MiniLM-L6-v2,8,off,16,1,384,1,1,0.045263851001436706,nan,nan,nan,6.459,ok,
1771572579252,sentence-transformers/all-MiniLM-L6-v2,8,off,16,1,384,0,0,0.04699738299859746,nan,nan,nan,6.459,ok,
1771572579296,sentence-transformers/all-MiniLM-L6-v2,8,off,16,1,384,1,0,0.04416504300024826,nan,nan,nan,6.459,ok,
1771572579343,sentence-transformers/all-MiniLM-L6-v2,8,off,16,1,384,2,0,0.04637914399972942,nan,nan,nan,6.459,ok,
1771572579388,sentence-transformers/all-MiniLM-L6-v2,8,off,16,1,384,3,0,0.04557036699952732,nan,nan,nan,6.459,ok,
1771572579433,sentence-transformers/all-MiniLM-L6-v2,8,off,16,1,384,4,0,0.044657967000603094,nan,nan,nan,6.459,ok,
1771572579694,sentence-transformers/all-MiniLM-L6-v2,8,off,16,1,512,0,1,0.05074260300170863,nan,nan,nan,6.459,ok,
1771572579742,sentence-transformers/all-MiniLM-L6-v2,8,off,16,1,512,1,1,0.047787053999854834,nan,nan,nan,6.459,ok,
1771572579789,sentence-transformers/all-MiniLM-L6-v2,8,off,16,1,512,0,0,0.04621891500028141,nan,nan,nan,6.459,ok,
1771572579835,sentence-transformers/all-MiniLM-L6-v2,8,off,16,1,512,1,0,0.04598098199858214,nan,nan,nan,6.459,ok,
1771572579880,sentence-transformers/all-MiniLM-L6-v2,8,off,16,1,512,2,0,0.04540352300136874,nan,nan,nan,6.459,ok,
1771572579927,sentence-transformers/all-MiniLM-L6-v2,8,off,16,1,512,3,0,0.04650810699968133,nan,nan,nan,6.459,ok,
1771572579972,sentence-transformers/all-MiniLM-L6-v2,8,off,16,1,512,4,0,0.04494428699945274,nan,nan,nan,6.459,ok,
