timestamp_ms,model_name,cpu_cores,gpu_mode,cuda_available,gpu_name,mem_cap_gb,batch_size,max_length,input_len_tokens,repeat_idx,warmup,latency_ms,tokens_per_s_est,idle_power_w,avg_power_w,peak_power_w,energy_j,status,error
1770004039400,/root/autodl-tmp/jina_resource_matrix/models/jina-embeddings-v3,8,on,True,Tesla V100S-PCIE-32GB,16,1,256,256,0,0,36.681,6979.011,49.311,39.007,78.013,0.884308,ok,
1770004040449,/root/autodl-tmp/jina_resource_matrix/models/jina-embeddings-v3,8,on,True,Tesla V100S-PCIE-32GB,16,1,256,256,1,0,56.764,4509.891,49.548,37.721,60.652,2.026975,ok,
1770004041537,/root/autodl-tmp/jina_resource_matrix/models/jina-embeddings-v3,8,on,True,Tesla V100S-PCIE-32GB,16,1,256,256,2,0,44.615,5738.038,44.195,18.735,37.471,0.425771,ok,
1770004042599,/root/autodl-tmp/jina_resource_matrix/models/jina-embeddings-v3,8,on,True,Tesla V100S-PCIE-32GB,16,1,256,256,3,0,45.548,5620.449,37.5,36.723,50.249,1.203322,ok,
1770004043672,/root/autodl-tmp/jina_resource_matrix/models/jina-embeddings-v3,8,on,True,Tesla V100S-PCIE-32GB,16,1,256,256,4,0,44.014,5816.366,36.877,22.624,45.248,0.52044,ok,
1770004051589,/root/autodl-tmp/jina_resource_matrix/models/jina-embeddings-v3,8,on,True,Tesla V100S-PCIE-32GB,16,1,512,512,0,0,55.94,9152.717,42.931,61.71,101.24,3.062893,ok,
1770004052668,/root/autodl-tmp/jina_resource_matrix/models/jina-embeddings-v3,8,on,True,Tesla V100S-PCIE-32GB,16,1,512,512,1,0,56.516,9059.354,41.542,62.493,101.879,3.127029,ok,
1770004053747,/root/autodl-tmp/jina_resource_matrix/models/jina-embeddings-v3,8,on,True,Tesla V100S-PCIE-32GB,16,1,512,512,2,0,56.585,9048.323,41.535,62.744,102.928,3.148725,ok,
1770004054834,/root/autodl-tmp/jina_resource_matrix/models/jina-embeddings-v3,8,on,True,Tesla V100S-PCIE-32GB,16,1,512,512,3,0,55.954,9150.338,41.388,62.56,102.012,3.095172,ok,
1770004055919,/root/autodl-tmp/jina_resource_matrix/models/jina-embeddings-v3,8,on,True,Tesla V100S-PCIE-32GB,16,1,512,512,4,0,55.884,9161.815,42.026,64.069,104.103,3.176001,ok,
1770004063619,/root/autodl-tmp/jina_resource_matrix/models/jina-embeddings-v3,8,on,True,Tesla V100S-PCIE-32GB,16,1,768,768,0,0,69.412,11064.408,49.765,95.596,154.834,4.843358,ok,
1770004064701,/root/autodl-tmp/jina_resource_matrix/models/jina-embeddings-v3,8,on,True,Tesla V100S-PCIE-32GB,16,1,768,768,1,0,71.042,10810.497,51.154,109.189,157.694,8.313613,ok,
1770004065805,/root/autodl-tmp/jina_resource_matrix/models/jina-embeddings-v3,8,on,True,Tesla V100S-PCIE-32GB,16,1,768,768,2,0,69.477,11054.043,48.2,96.714,156.631,5.01522,ok,
1770004066887,/root/autodl-tmp/jina_resource_matrix/models/jina-embeddings-v3,8,on,True,Tesla V100S-PCIE-32GB,16,1,768,768,3,0,69.343,11075.441,50.62,106.13,153.758,8.200973,ok,
1770004067999,/root/autodl-tmp/jina_resource_matrix/models/jina-embeddings-v3,8,on,True,Tesla V100S-PCIE-32GB,16,1,768,768,4,0,69.671,11023.176,48.154,98.068,157.355,5.344591,ok,
1770004075647,/root/autodl-tmp/jina_resource_matrix/models/jina-embeddings-v3,8,on,True,Tesla V100S-PCIE-32GB,16,1,1024,1024,0,0,89.213,11478.131,55.109,133.925,193.683,9.963903,ok,
1770004076740,/root/autodl-tmp/jina_resource_matrix/models/jina-embeddings-v3,8,on,True,Tesla V100S-PCIE-32GB,16,1,1024,1024,1,0,89.718,11413.557,55.631,133.186,192.583,9.938745,ok,
1770004077843,/root/autodl-tmp/jina_resource_matrix/models/jina-embeddings-v3,8,on,True,Tesla V100S-PCIE-32GB,16,1,1024,1024,2,0,89.391,11455.323,56.752,134.812,194.414,10.07322,ok,
1770004078951,/root/autodl-tmp/jina_resource_matrix/models/jina-embeddings-v3,8,on,True,Tesla V100S-PCIE-32GB,16,1,1024,1024,3,0,88.53,11566.692,56.173,137.528,199.625,10.207009,ok,
1770004080058,/root/autodl-tmp/jina_resource_matrix/models/jina-embeddings-v3,8,on,True,Tesla V100S-PCIE-32GB,16,1,1024,1024,4,0,89.293,11467.894,54.188,134.165,194.528,10.35168,ok,
1770004087984,/root/autodl-tmp/jina_resource_matrix/models/jina-embeddings-v3,8,on,True,Tesla V100S-PCIE-32GB,16,1,1280,1280,0,0,110.969,11534.796,57.509,155.189,208.469,16.146362,ok,
1770004089104,/root/autodl-tmp/jina_resource_matrix/models/jina-embeddings-v3,8,on,True,Tesla V100S-PCIE-32GB,16,1,1280,1280,1,0,115.719,11061.316,50.727,144.504,194.545,14.500008,ok,
1770004090224,/root/autodl-tmp/jina_resource_matrix/models/jina-embeddings-v3,8,on,True,Tesla V100S-PCIE-32GB,16,1,1280,1280,2,0,110.914,11540.449,56.2,153.101,207.295,15.833457,ok,
1770004091364,/root/autodl-tmp/jina_resource_matrix/models/jina-embeddings-v3,8,on,True,Tesla V100S-PCIE-32GB,16,1,1280,1280,3,0,111.194,11511.423,55.222,156.47,214.174,16.406276,ok,
1770004092492,/root/autodl-tmp/jina_resource_matrix/models/jina-embeddings-v3,8,on,True,Tesla V100S-PCIE-32GB,16,1,1280,1280,4,0,112.848,11342.687,51.49,142.488,190.245,14.129703,ok,
1770004100589,/root/autodl-tmp/jina_resource_matrix/models/jina-embeddings-v3,8,on,True,Tesla V100S-PCIE-32GB,16,1,1536,1536,0,0,151.435,10142.988,54.324,161.026,201.939,23.969244,ok,
1770004101764,/root/autodl-tmp/jina_resource_matrix/models/jina-embeddings-v3,8,on,True,Tesla V100S-PCIE-32GB,16,1,1536,1536,1,0,151.34,10149.364,54.999,160.871,202.709,23.917589,ok,
1770004102948,/root/autodl-tmp/jina_resource_matrix/models/jina-embeddings-v3,8,on,True,Tesla V100S-PCIE-32GB,16,1,1536,1536,2,0,151.858,10114.706,55.178,160.184,195.685,23.238193,ok,
1770004104121,/root/autodl-tmp/jina_resource_matrix/models/jina-embeddings-v3,8,on,True,Tesla V100S-PCIE-32GB,16,1,1536,1536,3,0,151.512,10137.785,55.243,159.424,198.852,23.437518,ok,
1770004105298,/root/autodl-tmp/jina_resource_matrix/models/jina-embeddings-v3,8,on,True,Tesla V100S-PCIE-32GB,16,1,1536,1536,4,0,151.782,10119.775,56.603,159.511,197.699,23.146383,ok,
1770004113341,/root/autodl-tmp/jina_resource_matrix/models/jina-embeddings-v3,8,on,True,Tesla V100S-PCIE-32GB,16,1,1792,1792,0,0,180.513,9927.268,51.748,159.729,191.738,27.104057,ok,
1770004114530,/root/autodl-tmp/jina_resource_matrix/models/jina-embeddings-v3,8,on,True,Tesla V100S-PCIE-32GB,16,1,1792,1792,1,0,179.798,9966.76,52.441,163.358,196.68,27.967497,ok,
1770004115734,/root/autodl-tmp/jina_resource_matrix/models/jina-embeddings-v3,8,on,True,Tesla V100S-PCIE-32GB,16,1,1792,1792,2,0,181.247,9887.06,54.031,160.648,196.243,27.448889,ok,
1770004116932,/root/autodl-tmp/jina_resource_matrix/models/jina-embeddings-v3,8,on,True,Tesla V100S-PCIE-32GB,16,1,1792,1792,3,0,180.316,9938.084,53.986,160.542,192.91,27.251525,ok,
1770004118125,/root/autodl-tmp/jina_resource_matrix/models/jina-embeddings-v3,8,on,True,Tesla V100S-PCIE-32GB,16,1,1792,1792,4,0,179.035,10009.219,56.879,163.456,203.005,28.075577,ok,
1770004126172,/root/autodl-tmp/jina_resource_matrix/models/jina-embeddings-v3,8,on,True,Tesla V100S-PCIE-32GB,16,1,2048,2048,0,0,206.755,9905.424,57.185,167.957,206.806,32.715326,ok,
1770004127393,/root/autodl-tmp/jina_resource_matrix/models/jina-embeddings-v3,8,on,True,Tesla V100S-PCIE-32GB,16,1,2048,2048,1,0,207.233,9882.598,57.445,167.102,203.69,32.558068,ok,
1770004128620,/root/autodl-tmp/jina_resource_matrix/models/jina-embeddings-v3,8,on,True,Tesla V100S-PCIE-32GB,16,1,2048,2048,2,0,209.014,9798.378,54.442,162.824,191.914,31.887365,ok,
1770004129838,/root/autodl-tmp/jina_resource_matrix/models/jina-embeddings-v3,8,on,True,Tesla V100S-PCIE-32GB,16,1,2048,2048,3,0,208.274,9833.206,54.419,162.698,192.102,35.519721,ok,
1770004131079,/root/autodl-tmp/jina_resource_matrix/models/jina-embeddings-v3,8,on,True,Tesla V100S-PCIE-32GB,16,1,2048,2048,4,0,206.836,9901.554,54.176,170.007,209.074,33.639804,ok,
1770004139130,/root/autodl-tmp/jina_resource_matrix/models/jina-embeddings-v3,8,on,True,Tesla V100S-PCIE-32GB,16,1,2304,2304,0,0,241.505,9540.188,56.301,170.323,201.268,41.048171,ok,
1770004140410,/root/autodl-tmp/jina_resource_matrix/models/jina-embeddings-v3,8,on,True,Tesla V100S-PCIE-32GB,16,1,2304,2304,1,0,243.588,9458.604,50.693,162.365,197.947,41.177065,ok,
1770004141688,/root/autodl-tmp/jina_resource_matrix/models/jina-embeddings-v3,8,on,True,Tesla V100S-PCIE-32GB,16,1,2304,2304,2,0,243.986,9443.178,49.692,173.065,199.516,41.897477,ok,
1770004142966,/root/autodl-tmp/jina_resource_matrix/models/jina-embeddings-v3,8,on,True,Tesla V100S-PCIE-32GB,16,1,2304,2304,3,0,244.871,9409.04,55.362,171.191,207.326,41.727888,ok,
1770004144230,/root/autodl-tmp/jina_resource_matrix/models/jina-embeddings-v3,8,on,True,Tesla V100S-PCIE-32GB,16,1,2304,2304,4,0,243.001,9481.462,51.831,170.186,197.226,40.905746,ok,
1770004152510,/root/autodl-tmp/jina_resource_matrix/models/jina-embeddings-v3,8,on,True,Tesla V100S-PCIE-32GB,16,1,2560,2560,0,0,269.955,9483.073,55.183,174.312,218.344,46.004764,ok,
1770004153799,/root/autodl-tmp/jina_resource_matrix/models/jina-embeddings-v3,8,on,True,Tesla V100S-PCIE-32GB,16,1,2560,2560,1,0,272.498,9394.56,49.729,174.688,199.534,46.421602,ok,
1770004155098,/root/autodl-tmp/jina_resource_matrix/models/jina-embeddings-v3,8,on,True,Tesla V100S-PCIE-32GB,16,1,2560,2560,2,0,271.224,9438.675,53.314,173.569,202.421,47.237749,ok,
1770004156385,/root/autodl-tmp/jina_resource_matrix/models/jina-embeddings-v3,8,on,True,Tesla V100S-PCIE-32GB,16,1,2560,2560,3,0,270.46,9465.351,55.158,174.931,216.97,47.401188,ok,
1770004157678,/root/autodl-tmp/jina_resource_matrix/models/jina-embeddings-v3,8,on,True,Tesla V100S-PCIE-32GB,16,1,2560,2560,4,0,272.149,9406.609,50.485,174.153,198.159,46.448057,ok,
1770004166090,/root/autodl-tmp/jina_resource_matrix/models/jina-embeddings-v3,8,on,True,Tesla V100S-PCIE-32GB,16,1,2816,2816,0,0,314.348,8958.225,57.922,174.939,210.305,51.162777,ok,
1770004167426,/root/autodl-tmp/jina_resource_matrix/models/jina-embeddings-v3,8,on,True,Tesla V100S-PCIE-32GB,16,1,2816,2816,1,0,317.149,8879.116,50.576,177.241,201.923,55.879509,ok,
1770004168773,/root/autodl-tmp/jina_resource_matrix/models/jina-embeddings-v3,8,on,True,Tesla V100S-PCIE-32GB,16,1,2816,2816,2,0,317.519,8868.755,51.883,173.465,199.602,53.937966,ok,
1770004170103,/root/autodl-tmp/jina_resource_matrix/models/jina-embeddings-v3,8,on,True,Tesla V100S-PCIE-32GB,16,1,2816,2816,3,0,315.705,8919.731,52.481,165.368,197.159,53.806211,ok,
1770004171477,/root/autodl-tmp/jina_resource_matrix/models/jina-embeddings-v3,8,on,True,Tesla V100S-PCIE-32GB,16,1,2816,2816,4,0,317.832,8860.034,49.616,176.908,200.952,55.667345,ok,
1770004180107,/root/autodl-tmp/jina_resource_matrix/models/jina-embeddings-v3,8,on,True,Tesla V100S-PCIE-32GB,16,1,3072,3072,0,0,357.375,8596.015,54.033,173.688,197.009,62.306821,ok,
1770004181497,/root/autodl-tmp/jina_resource_matrix/models/jina-embeddings-v3,8,on,True,Tesla V100S-PCIE-32GB,16,1,3072,3072,1,0,357.394,8595.568,51.313,176.658,201.179,62.845796,ok,
1770004182883,/root/autodl-tmp/jina_resource_matrix/models/jina-embeddings-v3,8,on,True,Tesla V100S-PCIE-32GB,16,1,3072,3072,2,0,354.864,8656.835,55.451,173.119,210.134,64.020402,ok,
1770004184287,/root/autodl-tmp/jina_resource_matrix/models/jina-embeddings-v3,8,on,True,Tesla V100S-PCIE-32GB,16,1,3072,3072,3,0,355.377,8644.342,54.087,170.321,214.49,64.050811,ok,
1770004185703,/root/autodl-tmp/jina_resource_matrix/models/jina-embeddings-v3,8,on,True,Tesla V100S-PCIE-32GB,16,1,3072,3072,4,0,358.978,8557.627,49.649,169.947,197.261,61.948811,ok,
1770004194378,/root/autodl-tmp/jina_resource_matrix/models/jina-embeddings-v3,8,on,True,Tesla V100S-PCIE-32GB,16,1,3328,3328,0,0,400.963,8300.011,56.006,176.701,201.082,69.519045,ok,
1770004195797,/root/autodl-tmp/jina_resource_matrix/models/jina-embeddings-v3,8,on,True,Tesla V100S-PCIE-32GB,16,1,3328,3328,1,0,403.949,8238.673,53.69,175.135,197.106,72.948961,ok,
1770004197237,/root/autodl-tmp/jina_resource_matrix/models/jina-embeddings-v3,8,on,True,Tesla V100S-PCIE-32GB,16,1,3328,3328,2,0,401.556,8287.755,54.73,178.52,212.678,73.166369,ok,
1770004198676,/root/autodl-tmp/jina_resource_matrix/models/jina-embeddings-v3,8,on,True,Tesla V100S-PCIE-32GB,16,1,3328,3328,3,0,402.228,8273.917,49.822,180.265,204.07,73.849339,ok,
1770004200117,/root/autodl-tmp/jina_resource_matrix/models/jina-embeddings-v3,8,on,True,Tesla V100S-PCIE-32GB,16,1,3328,3328,4,0,401.765,8283.452,54.324,177.613,210.486,71.310802,ok,
1770004208982,/root/autodl-tmp/jina_resource_matrix/models/jina-embeddings-v3,8,on,True,Tesla V100S-PCIE-32GB,16,1,3584,3584,0,0,440.055,8144.43,58.069,177.03,208.571,78.643085,ok,
1770004210452,/root/autodl-tmp/jina_resource_matrix/models/jina-embeddings-v3,8,on,True,Tesla V100S-PCIE-32GB,16,1,3584,3584,1,0,442.708,8095.634,49.967,176.774,197.616,71.897746,ok,
1770004211913,/root/autodl-tmp/jina_resource_matrix/models/jina-embeddings-v3,8,on,True,Tesla V100S-PCIE-32GB,16,1,3584,3584,2,0,439.888,8147.528,55.729,178.441,205.885,77.43741,ok,
1770004213375,/root/autodl-tmp/jina_resource_matrix/models/jina-embeddings-v3,8,on,True,Tesla V100S-PCIE-32GB,16,1,3584,3584,3,0,439.661,8151.735,57.304,177.74,210.683,77.41581,ok,
1770004214843,/root/autodl-tmp/jina_resource_matrix/models/jina-embeddings-v3,8,on,True,Tesla V100S-PCIE-32GB,16,1,3584,3584,4,0,442.144,8105.954,51.217,177.841,198.581,76.365044,ok,
1770004223864,/root/autodl-tmp/jina_resource_matrix/models/jina-embeddings-v3,8,on,True,Tesla V100S-PCIE-32GB,16,1,3840,3840,0,0,479.569,8007.194,51.85,178.102,198.14,86.645616,ok,
1770004225363,/root/autodl-tmp/jina_resource_matrix/models/jina-embeddings-v3,8,on,True,Tesla V100S-PCIE-32GB,16,1,3840,3840,1,0,475.273,8079.569,53.279,182.735,215.959,88.535444,ok,
1770004226875,/root/autodl-tmp/jina_resource_matrix/models/jina-embeddings-v3,8,on,True,Tesla V100S-PCIE-32GB,16,1,3840,3840,2,0,475.172,8081.288,55.221,180.572,219.274,83.690518,ok,
1770004228374,/root/autodl-tmp/jina_resource_matrix/models/jina-embeddings-v3,8,on,True,Tesla V100S-PCIE-32GB,16,1,3840,3840,3,0,479.574,8007.103,51.734,172.121,195.859,84.491004,ok,
1770004229896,/root/autodl-tmp/jina_resource_matrix/models/jina-embeddings-v3,8,on,True,Tesla V100S-PCIE-32GB,16,1,3840,3840,4,0,475.771,8071.107,48.732,184.996,202.801,89.149042,ok,
1770004238995,/root/autodl-tmp/jina_resource_matrix/models/jina-embeddings-v3,8,on,True,Tesla V100S-PCIE-32GB,16,1,4096,4096,0,0,530.481,7721.3,59.023,175.415,215.897,91.38085,ok,
1770004240575,/root/autodl-tmp/jina_resource_matrix/models/jina-embeddings-v3,8,on,True,Tesla V100S-PCIE-32GB,16,1,4096,4096,1,0,530.447,7721.782,53.405,181.094,212.699,95.336749,ok,
1770004242136,/root/autodl-tmp/jina_resource_matrix/models/jina-embeddings-v3,8,on,True,Tesla V100S-PCIE-32GB,16,1,4096,4096,2,0,532.21,7696.212,51.695,178.833,199.838,94.105442,ok,
1770004243686,/root/autodl-tmp/jina_resource_matrix/models/jina-embeddings-v3,8,on,True,Tesla V100S-PCIE-32GB,16,1,4096,4096,3,0,531.712,7703.418,52.063,174.229,199.181,96.112365,ok,
1770004245280,/root/autodl-tmp/jina_resource_matrix/models/jina-embeddings-v3,8,on,True,Tesla V100S-PCIE-32GB,16,1,4096,4096,4,0,531.559,7705.629,48.776,183.852,205.898,98.615738,ok,
1770004253434,/root/autodl-tmp/jina_resource_matrix/models/jina-embeddings-v3,6,on,True,Tesla V100S-PCIE-32GB,12,1,256,256,0,0,35.66,7178.858,52.742,44.056,88.113,1.012929,ok,
1770004254495,/root/autodl-tmp/jina_resource_matrix/models/jina-embeddings-v3,6,on,True,Tesla V100S-PCIE-32GB,12,1,256,256,1,0,38.833,6592.307,53.1,36.821,73.643,0.836745,ok,
1770004255548,/root/autodl-tmp/jina_resource_matrix/models/jina-embeddings-v3,6,on,True,Tesla V100S-PCIE-32GB,12,1,256,256,2,0,35.983,7114.548,53.478,44.04,86.315,1.054605,ok,
1770004256602,/root/autodl-tmp/jina_resource_matrix/models/jina-embeddings-v3,6,on,True,Tesla V100S-PCIE-32GB,12,1,256,256,3,0,35.603,7190.492,53.059,44.729,87.943,1.015381,ok,
1770004257659,/root/autodl-tmp/jina_resource_matrix/models/jina-embeddings-v3,6,on,True,Tesla V100S-PCIE-32GB,12,1,256,256,4,0,36.446,7024.072,52.856,41.882,83.764,0.960645,ok,
1770004265395,/root/autodl-tmp/jina_resource_matrix/models/jina-embeddings-v3,6,on,True,Tesla V100S-PCIE-32GB,12,1,512,512,0,0,50.116,10216.334,55.607,89.881,146.268,4.46071,ok,
1770004266473,/root/autodl-tmp/jina_resource_matrix/models/jina-embeddings-v3,6,on,True,Tesla V100S-PCIE-32GB,12,1,512,512,1,0,52.25,9798.971,52.832,90.325,150.526,4.515287,ok,
1770004267551,/root/autodl-tmp/jina_resource_matrix/models/jina-embeddings-v3,6,on,True,Tesla V100S-PCIE-32GB,12,1,512,512,2,0,49.942,10251.889,52.879,93.385,150.769,4.78168,ok,
1770004268628,/root/autodl-tmp/jina_resource_matrix/models/jina-embeddings-v3,6,on,True,Tesla V100S-PCIE-32GB,12,1,512,512,3,0,50.525,10133.607,52.66,91.446,149.629,4.516603,ok,
1770004269705,/root/autodl-tmp/jina_resource_matrix/models/jina-embeddings-v3,6,on,True,Tesla V100S-PCIE-32GB,12,1,512,512,4,0,50.508,10136.908,52.796,92.516,150.467,4.672477,ok,
1770004277559,/root/autodl-tmp/jina_resource_matrix/models/jina-embeddings-v3,6,on,True,Tesla V100S-PCIE-32GB,12,1,768,768,0,0,67.22,11425.176,57.818,110.493,181.282,5.486972,ok,
1770004278641,/root/autodl-tmp/jina_resource_matrix/models/jina-embeddings-v3,6,on,True,Tesla V100S-PCIE-32GB,12,1,768,768,1,0,66.61,11529.825,57.452,111.678,182.131,5.641253,ok,
1770004279720,/root/autodl-tmp/jina_resource_matrix/models/jina-embeddings-v3,6,on,True,Tesla V100S-PCIE-32GB,12,1,768,768,2,0,66.564,11537.712,57.106,110.37,182.382,5.431515,ok,
1770004280797,/root/autodl-tmp/jina_resource_matrix/models/jina-embeddings-v3,6,on,True,Tesla V100S-PCIE-32GB,12,1,768,768,3,0,67.123,11441.652,57.023,109.995,179.862,5.453433,ok,
1770004281875,/root/autodl-tmp/jina_resource_matrix/models/jina-embeddings-v3,6,on,True,Tesla V100S-PCIE-32GB,12,1,768,768,4,0,67.26,11418.331,56.766,111.344,181.467,5.685524,ok,
1770004289765,/root/autodl-tmp/jina_resource_matrix/models/jina-embeddings-v3,6,on,True,Tesla V100S-PCIE-32GB,12,1,1024,1024,0,0,89.809,11401.922,55.818,130.101,187.462,9.703056,ok,
1770004290880,/root/autodl-tmp/jina_resource_matrix/models/jina-embeddings-v3,6,on,True,Tesla V100S-PCIE-32GB,12,1,1024,1024,1,0,88.78,11534.139,57.16,135.924,197.808,10.071008,ok,
1770004291982,/root/autodl-tmp/jina_resource_matrix/models/jina-embeddings-v3,6,on,True,Tesla V100S-PCIE-32GB,12,1,1024,1024,2,0,89.538,11436.442,56.665,134.782,192.742,10.42893,ok,
1770004293084,/root/autodl-tmp/jina_resource_matrix/models/jina-embeddings-v3,6,on,True,Tesla V100S-PCIE-32GB,12,1,1024,1024,3,0,89.153,11485.835,56.634,136.273,198.235,10.084579,ok,
1770004294189,/root/autodl-tmp/jina_resource_matrix/models/jina-embeddings-v3,6,on,True,Tesla V100S-PCIE-32GB,12,1,1024,1024,4,0,89.665,11420.295,56.903,132.502,192.373,9.840528,ok,
1770004302159,/root/autodl-tmp/jina_resource_matrix/models/jina-embeddings-v3,6,on,True,Tesla V100S-PCIE-32GB,12,1,1280,1280,0,0,113.061,11321.279,50.639,141.032,188.436,13.99686,ok,
1770004303292,/root/autodl-tmp/jina_resource_matrix/models/jina-embeddings-v3,6,on,True,Tesla V100S-PCIE-32GB,12,1,1280,1280,1,0,110.774,11555.104,56.476,153.64,207.086,15.237767,ok,
1770004304419,/root/autodl-tmp/jina_resource_matrix/models/jina-embeddings-v3,6,on,True,Tesla V100S-PCIE-32GB,12,1,1280,1280,2,0,110.619,11571.292,56.515,153.923,208.105,15.295691,ok,
1770004305550,/root/autodl-tmp/jina_resource_matrix/models/jina-embeddings-v3,6,on,True,Tesla V100S-PCIE-32GB,12,1,1280,1280,3,0,113.181,11309.331,51.624,142.499,191.526,13.997847,ok,
1770004306688,/root/autodl-tmp/jina_resource_matrix/models/jina-embeddings-v3,6,on,True,Tesla V100S-PCIE-32GB,12,1,1280,1280,4,0,111.948,11433.83,52.992,147.915,197.877,14.543648,ok,
1770004314602,/root/autodl-tmp/jina_resource_matrix/models/jina-embeddings-v3,6,on,True,Tesla V100S-PCIE-32GB,12,1,1536,1536,0,0,152.138,10096.129,57.984,157.206,198.291,23.357122,ok,
1770004315776,/root/autodl-tmp/jina_resource_matrix/models/jina-embeddings-v3,6,on,True,Tesla V100S-PCIE-32GB,12,1,1536,1536,1,0,151.364,10147.701,55.05,162.077,200.791,24.178527,ok,
1770004316958,/root/autodl-tmp/jina_resource_matrix/models/jina-embeddings-v3,6,on,True,Tesla V100S-PCIE-32GB,12,1,1536,1536,2,0,152.765,10054.657,53.96,156.167,192.854,22.595487,ok,
1770004318128,/root/autodl-tmp/jina_resource_matrix/models/jina-embeddings-v3,6,on,True,Tesla V100S-PCIE-32GB,12,1,1536,1536,3,0,152.805,10052.037,54.513,156.091,193.453,23.088119,ok,
1770004319300,/root/autodl-tmp/jina_resource_matrix/models/jina-embeddings-v3,6,on,True,Tesla V100S-PCIE-32GB,12,1,1536,1536,4,0,152.633,10063.326,54.26,156.421,194.382,23.010245,ok,
1770004327404,/root/autodl-tmp/jina_resource_matrix/models/jina-embeddings-v3,6,on,True,Tesla V100S-PCIE-32GB,12,1,1792,1792,0,0,179.089,10006.181,57.123,161.529,198.808,27.7893,ok,
1770004328598,/root/autodl-tmp/jina_resource_matrix/models/jina-embeddings-v3,6,on,True,Tesla V100S-PCIE-32GB,12,1,1792,1792,1,0,179.267,9996.266,55.659,163.399,200.894,28.009722,ok,
1770004329791,/root/autodl-tmp/jina_resource_matrix/models/jina-embeddings-v3,6,on,True,Tesla V100S-PCIE-32GB,12,1,1792,1792,2,0,184.952,9688.999,53.709,161.254,196.369,31.369674,ok,
1770004331013,/root/autodl-tmp/jina_resource_matrix/models/jina-embeddings-v3,6,on,True,Tesla V100S-PCIE-32GB,12,1,1792,1792,3,0,180.074,9951.466,51.919,164.91,200.244,27.888052,ok,
1770004332209,/root/autodl-tmp/jina_resource_matrix/models/jina-embeddings-v3,6,on,True,Tesla V100S-PCIE-32GB,12,1,1792,1792,4,0,179.886,9961.846,53.455,160.268,196.142,27.316928,ok,
1770004340347,/root/autodl-tmp/jina_resource_matrix/models/jina-embeddings-v3,6,on,True,Tesla V100S-PCIE-32GB,12,1,2048,2048,0,0,208.021,9845.175,54.225,162.943,192.298,32.430164,ok,
1770004341580,/root/autodl-tmp/jina_resource_matrix/models/jina-embeddings-v3,6,on,True,Tesla V100S-PCIE-32GB,12,1,2048,2048,1,0,210.35,9736.152,53.32,161.878,192.494,33.959365,ok,
1770004342809,/root/autodl-tmp/jina_resource_matrix/models/jina-embeddings-v3,6,on,True,Tesla V100S-PCIE-32GB,12,1,2048,2048,2,0,208.121,9840.449,54.963,168.828,208.985,33.416966,ok,
1770004344041,/root/autodl-tmp/jina_resource_matrix/models/jina-embeddings-v3,6,on,True,Tesla V100S-PCIE-32GB,12,1,2048,2048,3,0,209.924,9755.901,53.015,163.474,194.085,32.092692,ok,
1770004345265,/root/autodl-tmp/jina_resource_matrix/models/jina-embeddings-v3,6,on,True,Tesla V100S-PCIE-32GB,12,1,2048,2048,4,0,209.332,9783.525,53.693,165.614,193.213,35.875249,ok,
1770004353638,/root/autodl-tmp/jina_resource_matrix/models/jina-embeddings-v3,6,on,True,Tesla V100S-PCIE-32GB,12,1,2304,2304,0,0,242.804,9489.143,54.482,168.235,195.315,40.755773,ok,
1770004354903,/root/autodl-tmp/jina_resource_matrix/models/jina-embeddings-v3,6,on,True,Tesla V100S-PCIE-32GB,12,1,2304,2304,1,0,242.275,9509.855,54.994,165.159,208.034,40.643458,ok,
1770004356188,/root/autodl-tmp/jina_resource_matrix/models/jina-embeddings-v3,6,on,True,Tesla V100S-PCIE-32GB,12,1,2304,2304,2,0,242.067,9518.013,50.291,173.466,200.62,41.85655,ok,
1770004357444,/root/autodl-tmp/jina_resource_matrix/models/jina-embeddings-v3,6,on,True,Tesla V100S-PCIE-32GB,12,1,2304,2304,3,0,241.6,9536.441,55.345,173.67,209.757,42.67457,ok,
1770004358713,/root/autodl-tmp/jina_resource_matrix/models/jina-embeddings-v3,6,on,True,Tesla V100S-PCIE-32GB,12,1,2304,2304,4,0,241.872,9525.706,51.39,173.379,198.697,41.689458,ok,
1770004367100,/root/autodl-tmp/jina_resource_matrix/models/jina-embeddings-v3,6,on,True,Tesla V100S-PCIE-32GB,12,1,2560,2560,0,0,270.168,9475.583,58.102,172.011,213.415,46.44897,ok,
1770004368400,/root/autodl-tmp/jina_resource_matrix/models/jina-embeddings-v3,6,on,True,Tesla V100S-PCIE-32GB,12,1,2560,2560,1,0,272.353,9399.552,50.252,173.551,198.337,48.741613,ok,
1770004369701,/root/autodl-tmp/jina_resource_matrix/models/jina-embeddings-v3,6,on,True,Tesla V100S-PCIE-32GB,12,1,2560,2560,2,0,270.466,9465.159,53.87,176.27,214.348,47.796294,ok,
1770004371000,/root/autodl-tmp/jina_resource_matrix/models/jina-embeddings-v3,6,on,True,Tesla V100S-PCIE-32GB,12,1,2560,2560,3,0,270.254,9472.557,55.166,171.076,217.334,45.730012,ok,
1770004372308,/root/autodl-tmp/jina_resource_matrix/models/jina-embeddings-v3,6,on,True,Tesla V100S-PCIE-32GB,12,1,2560,2560,4,0,271.494,9429.309,49.266,176.095,200.726,47.357215,ok,
1770004380623,/root/autodl-tmp/jina_resource_matrix/models/jina-embeddings-v3,6,on,True,Tesla V100S-PCIE-32GB,12,1,2816,2816,0,0,315.2,8934.008,57.559,172.903,210.941,53.075796,ok,
1770004381944,/root/autodl-tmp/jina_resource_matrix/models/jina-embeddings-v3,6,on,True,Tesla V100S-PCIE-32GB,12,1,2816,2816,1,0,316.864,8887.093,52.439,174.586,195.916,55.530053,ok,
1770004383292,/root/autodl-tmp/jina_resource_matrix/models/jina-embeddings-v3,6,on,True,Tesla V100S-PCIE-32GB,12,1,2816,2816,2,0,315.879,8914.81,51.073,176.666,199.102,55.41742,ok,
1770004384629,/root/autodl-tmp/jina_resource_matrix/models/jina-embeddings-v3,6,on,True,Tesla V100S-PCIE-32GB,12,1,2816,2816,3,0,315.906,8914.036,51.283,175.973,198.325,55.282715,ok,
1770004385974,/root/autodl-tmp/jina_resource_matrix/models/jina-embeddings-v3,6,on,True,Tesla V100S-PCIE-32GB,12,1,2816,2816,4,0,316.2,8905.742,51.561,175.822,201.61,51.559279,ok,
1770004394598,/root/autodl-tmp/jina_resource_matrix/models/jina-embeddings-v3,6,on,True,Tesla V100S-PCIE-32GB,12,1,3072,3072,0,0,356.856,8608.506,57.041,175.97,209.787,63.054999,ok,
1770004395984,/root/autodl-tmp/jina_resource_matrix/models/jina-embeddings-v3,6,on,True,Tesla V100S-PCIE-32GB,12,1,3072,3072,1,0,358.733,8563.473,55.457,175.953,210.603,61.716932,ok,
1770004397367,/root/autodl-tmp/jina_resource_matrix/models/jina-embeddings-v3,6,on,True,Tesla V100S-PCIE-32GB,12,1,3072,3072,2,0,358.146,8577.497,53.974,171.215,199.644,63.363864,ok,
1770004398774,/root/autodl-tmp/jina_resource_matrix/models/jina-embeddings-v3,6,on,True,Tesla V100S-PCIE-32GB,12,1,3072,3072,3,0,358.944,8558.445,50.4,177.395,200.13,59.393617,ok,
1770004400176,/root/autodl-tmp/jina_resource_matrix/models/jina-embeddings-v3,6,on,True,Tesla V100S-PCIE-32GB,12,1,3072,3072,4,0,356.127,8626.136,54.663,170.552,209.237,62.4702,ok,
1770004409126,/root/autodl-tmp/jina_resource_matrix/models/jina-embeddings-v3,6,on,True,Tesla V100S-PCIE-32GB,12,1,3328,3328,0,0,401.025,8298.738,57.573,175.589,208.057,68.924503,ok,
1770004410545,/root/autodl-tmp/jina_resource_matrix/models/jina-embeddings-v3,6,on,True,Tesla V100S-PCIE-32GB,12,1,3328,3328,1,0,403.512,8247.591,52.964,175.05,199.682,68.872984,ok,
1770004411971,/root/autodl-tmp/jina_resource_matrix/models/jina-embeddings-v3,6,on,True,Tesla V100S-PCIE-32GB,12,1,3328,3328,2,0,400.826,8302.855,56.525,176.157,208.861,69.373684,ok,
1770004413382,/root/autodl-tmp/jina_resource_matrix/models/jina-embeddings-v3,6,on,True,Tesla V100S-PCIE-32GB,12,1,3328,3328,3,0,402.339,8271.637,55.302,178.616,199.523,72.142215,ok,
1770004414815,/root/autodl-tmp/jina_resource_matrix/models/jina-embeddings-v3,6,on,True,Tesla V100S-PCIE-32GB,12,1,3328,3328,4,0,403.654,8244.678,51.346,177.328,201.159,69.505454,ok,
1770004423738,/root/autodl-tmp/jina_resource_matrix/models/jina-embeddings-v3,6,on,True,Tesla V100S-PCIE-32GB,12,1,3584,3584,0,0,440.36,8138.79,57.248,177.85,209.62,80.089931,ok,
1770004425200,/root/autodl-tmp/jina_resource_matrix/models/jina-embeddings-v3,6,on,True,Tesla V100S-PCIE-32GB,12,1,3584,3584,1,0,442.017,8108.288,49.451,180.752,201.658,78.859833,ok,
1770004426665,/root/autodl-tmp/jina_resource_matrix/models/jina-embeddings-v3,6,on,True,Tesla V100S-PCIE-32GB,12,1,3584,3584,2,0,442.462,8100.131,52.13,167.638,195.356,77.973777,ok,
1770004428180,/root/autodl-tmp/jina_resource_matrix/models/jina-embeddings-v3,6,on,True,Tesla V100S-PCIE-32GB,12,1,3584,3584,3,0,440.385,8138.327,52.73,181.019,213.473,81.348402,ok,
1770004429640,/root/autodl-tmp/jina_resource_matrix/models/jina-embeddings-v3,6,on,True,Tesla V100S-PCIE-32GB,12,1,3584,3584,4,0,439.775,8149.631,55.097,179.616,214.047,78.174979,ok,
1770004438694,/root/autodl-tmp/jina_resource_matrix/models/jina-embeddings-v3,6,on,True,Tesla V100S-PCIE-32GB,12,1,3840,3840,0,0,476.207,8063.712,59.035,176.203,218.43,82.236622,ok,
1770004440193,/root/autodl-tmp/jina_resource_matrix/models/jina-embeddings-v3,6,on,True,Tesla V100S-PCIE-32GB,12,1,3840,3840,1,0,476.192,8063.978,57.675,178.588,221.76,81.778701,ok,
1770004441707,/root/autodl-tmp/jina_resource_matrix/models/jina-embeddings-v3,6,on,True,Tesla V100S-PCIE-32GB,12,1,3840,3840,2,0,476.18,8064.18,49.773,182.791,202.873,86.243526,ok,
1770004443211,/root/autodl-tmp/jina_resource_matrix/models/jina-embeddings-v3,6,on,True,Tesla V100S-PCIE-32GB,12,1,3840,3840,3,0,483.683,7939.09,51.189,179.279,199.383,83.325125,ok,
1770004444697,/root/autodl-tmp/jina_resource_matrix/models/jina-embeddings-v3,6,on,True,Tesla V100S-PCIE-32GB,12,1,3840,3840,4,0,476.612,8056.862,55.331,178.732,203.799,81.867712,ok,
1770004453923,/root/autodl-tmp/jina_resource_matrix/models/jina-embeddings-v3,6,on,True,Tesla V100S-PCIE-32GB,12,1,4096,4096,0,0,531.737,7703.058,52.422,181.126,199.94,97.902774,ok,
1770004455483,/root/autodl-tmp/jina_resource_matrix/models/jina-embeddings-v3,6,on,True,Tesla V100S-PCIE-32GB,12,1,4096,4096,1,0,533.746,7674.055,49.655,180.73,199.854,96.119838,ok,
1770004457029,/root/autodl-tmp/jina_resource_matrix/models/jina-embeddings-v3,6,on,True,Tesla V100S-PCIE-32GB,12,1,4096,4096,2,0,531.353,7708.627,56.201,177.357,218.525,92.853913,ok,
1770004458589,/root/autodl-tmp/jina_resource_matrix/models/jina-embeddings-v3,6,on,True,Tesla V100S-PCIE-32GB,12,1,4096,4096,3,0,528.817,7745.588,55.759,182.001,208.668,95.128421,ok,
1770004460138,/root/autodl-tmp/jina_resource_matrix/models/jina-embeddings-v3,6,on,True,Tesla V100S-PCIE-32GB,12,1,4096,4096,4,0,532.209,7696.229,52.059,180.837,199.718,97.606193,ok,
1770004468590,/root/autodl-tmp/jina_resource_matrix/models/jina-embeddings-v3,4,on,True,Tesla V100S-PCIE-32GB,8,1,256,256,0,0,44.435,5761.252,40.297,24.597,49.195,0.559852,ok,
1770004469650,/root/autodl-tmp/jina_resource_matrix/models/jina-embeddings-v3,4,on,True,Tesla V100S-PCIE-32GB,8,1,256,256,1,0,44.024,5815.074,40.061,24.827,49.655,0.568435,ok,
1770004470707,/root/autodl-tmp/jina_resource_matrix/models/jina-embeddings-v3,4,on,True,Tesla V100S-PCIE-32GB,8,1,256,256,2,0,43.36,5904.092,39.979,24.626,49.253,0.557341,ok,
1770004471760,/root/autodl-tmp/jina_resource_matrix/models/jina-embeddings-v3,4,on,True,Tesla V100S-PCIE-32GB,8,1,256,256,3,0,43.04,5947.917,39.983,26.247,51.284,0.628065,ok,
1770004472815,/root/autodl-tmp/jina_resource_matrix/models/jina-embeddings-v3,4,on,True,Tesla V100S-PCIE-32GB,8,1,256,256,4,0,43.136,5934.669,39.743,26.184,52.367,0.596367,ok,
1770004480685,/root/autodl-tmp/jina_resource_matrix/models/jina-embeddings-v3,4,on,True,Tesla V100S-PCIE-32GB,8,1,512,512,0,0,55.867,9164.591,42.978,62.38,102.406,3.112003,ok,
1770004481765,/root/autodl-tmp/jina_resource_matrix/models/jina-embeddings-v3,4,on,True,Tesla V100S-PCIE-32GB,8,1,512,512,1,0,55.805,9174.85,42.601,64.397,104.79,3.200041,ok,
1770004482845,/root/autodl-tmp/jina_resource_matrix/models/jina-embeddings-v3,4,on,True,Tesla V100S-PCIE-32GB,8,1,512,512,2,0,55.519,9222.09,42.67,64.827,105.759,3.285867,ok,
1770004483924,/root/autodl-tmp/jina_resource_matrix/models/jina-embeddings-v3,4,on,True,Tesla V100S-PCIE-32GB,8,1,512,512,3,0,55.714,9189.73,42.578,64.164,104.594,3.183354,ok,
1770004485001,/root/autodl-tmp/jina_resource_matrix/models/jina-embeddings-v3,4,on,True,Tesla V100S-PCIE-32GB,8,1,512,512,4,0,55.888,9161.151,42.58,63.983,105.172,3.183892,ok,
1770004492939,/root/autodl-tmp/jina_resource_matrix/models/jina-embeddings-v3,4,on,True,Tesla V100S-PCIE-32GB,8,1,768,768,0,0,69.263,11088.174,50.599,94.834,155.607,4.707539,ok,
1770004494024,/root/autodl-tmp/jina_resource_matrix/models/jina-embeddings-v3,4,on,True,Tesla V100S-PCIE-32GB,8,1,768,768,1,0,69.252,11089.968,51.249,100.097,154.753,7.796018,ok,
1770004495128,/root/autodl-tmp/jina_resource_matrix/models/jina-embeddings-v3,4,on,True,Tesla V100S-PCIE-32GB,8,1,768,768,2,0,69.257,11089.128,48.485,110.616,157.281,8.265161,ok,
1770004496228,/root/autodl-tmp/jina_resource_matrix/models/jina-embeddings-v3,4,on,True,Tesla V100S-PCIE-32GB,8,1,768,768,3,0,69.375,11070.226,48.628,111.2,159.305,8.279651,ok,
1770004497328,/root/autodl-tmp/jina_resource_matrix/models/jina-embeddings-v3,4,on,True,Tesla V100S-PCIE-32GB,8,1,768,768,4,0,69.036,11124.668,48.648,109.731,157.092,8.246889,ok,
1770004505281,/root/autodl-tmp/jina_resource_matrix/models/jina-embeddings-v3,4,on,True,Tesla V100S-PCIE-32GB,8,1,1024,1024,0,0,88.699,11544.618,57.459,135.195,194.673,10.065172,ok,
1770004506388,/root/autodl-tmp/jina_resource_matrix/models/jina-embeddings-v3,4,on,True,Tesla V100S-PCIE-32GB,8,1,1024,1024,1,0,90.043,11372.306,55.51,132.811,188.29,10.631837,ok,
1770004507489,/root/autodl-tmp/jina_resource_matrix/models/jina-embeddings-v3,4,on,True,Tesla V100S-PCIE-32GB,8,1,1024,1024,2,0,88.662,11549.523,56.249,137.414,198.251,10.303018,ok,
1770004508593,/root/autodl-tmp/jina_resource_matrix/models/jina-embeddings-v3,4,on,True,Tesla V100S-PCIE-32GB,8,1,1024,1024,3,0,91.645,11173.608,54.941,131.29,187.088,9.990537,ok,
1770004509696,/root/autodl-tmp/jina_resource_matrix/models/jina-embeddings-v3,4,on,True,Tesla V100S-PCIE-32GB,8,1,1024,1024,4,0,89.272,11470.59,56.046,132.58,191.698,9.918307,ok,
1770004517750,/root/autodl-tmp/jina_resource_matrix/models/jina-embeddings-v3,4,on,True,Tesla V100S-PCIE-32GB,8,1,1280,1280,0,0,111.088,11522.442,57.681,155.785,210.017,15.714358,ok,
1770004518870,/root/autodl-tmp/jina_resource_matrix/models/jina-embeddings-v3,4,on,True,Tesla V100S-PCIE-32GB,8,1,1280,1280,1,0,114.286,11199.954,52.039,142.579,190.19,14.112581,ok,
1770004519993,/root/autodl-tmp/jina_resource_matrix/models/jina-embeddings-v3,4,on,True,Tesla V100S-PCIE-32GB,8,1,1280,1280,2,0,111.529,11476.873,56.673,152.967,204.913,15.262156,ok,
1770004521125,/root/autodl-tmp/jina_resource_matrix/models/jina-embeddings-v3,4,on,True,Tesla V100S-PCIE-32GB,8,1,1280,1280,3,0,110.117,11624.029,55.934,155.461,214.125,16.795769,ok,
1770004522259,/root/autodl-tmp/jina_resource_matrix/models/jina-embeddings-v3,4,on,True,Tesla V100S-PCIE-32GB,8,1,1280,1280,4,0,113.939,11234.077,50.897,143.687,192.187,14.536521,ok,
1770004530459,/root/autodl-tmp/jina_resource_matrix/models/jina-embeddings-v3,4,on,True,Tesla V100S-PCIE-32GB,8,1,1536,1536,0,0,155.121,9901.927,51.966,142.033,192.243,20.500349,ok,
1770004531633,/root/autodl-tmp/jina_resource_matrix/models/jina-embeddings-v3,4,on,True,Tesla V100S-PCIE-32GB,8,1,1536,1536,1,0,151.73,10123.225,54.743,158.07,194.77,23.419757,ok,
1770004532810,/root/autodl-tmp/jina_resource_matrix/models/jina-embeddings-v3,4,on,True,Tesla V100S-PCIE-32GB,8,1,1536,1536,2,0,153.628,9998.201,54.027,155.614,191.909,23.433369,ok,
1770004533991,/root/autodl-tmp/jina_resource_matrix/models/jina-embeddings-v3,4,on,True,Tesla V100S-PCIE-32GB,8,1,1536,1536,3,0,153.964,9976.34,53.909,155.818,193.088,22.992582,ok,
1770004535162,/root/autodl-tmp/jina_resource_matrix/models/jina-embeddings-v3,4,on,True,Tesla V100S-PCIE-32GB,8,1,1536,1536,4,0,152.619,10064.254,54.468,156.282,193.73,22.548966,ok,
1770004543467,/root/autodl-tmp/jina_resource_matrix/models/jina-embeddings-v3,4,on,True,Tesla V100S-PCIE-32GB,8,1,1792,1792,0,0,180.974,9901.975,52.21,160.532,193.528,27.359106,ok,
1770004544657,/root/autodl-tmp/jina_resource_matrix/models/jina-embeddings-v3,4,on,True,Tesla V100S-PCIE-32GB,8,1,1792,1792,1,0,179.822,9965.399,53.593,163.621,195.204,28.483105,ok,
1770004545849,/root/autodl-tmp/jina_resource_matrix/models/jina-embeddings-v3,4,on,True,Tesla V100S-PCIE-32GB,8,1,1792,1792,2,0,181.022,9899.366,52.909,158.551,192.132,27.192058,ok,
1770004547045,/root/autodl-tmp/jina_resource_matrix/models/jina-embeddings-v3,4,on,True,Tesla V100S-PCIE-32GB,8,1,1792,1792,3,0,180.444,9931.033,54.615,161.819,194.015,27.662523,ok,
1770004548239,/root/autodl-tmp/jina_resource_matrix/models/jina-embeddings-v3,4,on,True,Tesla V100S-PCIE-32GB,8,1,1792,1792,4,0,180.882,9907.012,53.394,159.985,195.348,27.350397,ok,
1770004556602,/root/autodl-tmp/jina_resource_matrix/models/jina-embeddings-v3,4,on,True,Tesla V100S-PCIE-32GB,8,1,2048,2048,0,0,210.75,9717.692,54.052,163.482,193.284,35.382985,ok,
1770004557849,/root/autodl-tmp/jina_resource_matrix/models/jina-embeddings-v3,4,on,True,Tesla V100S-PCIE-32GB,8,1,2048,2048,1,0,207.306,9879.12,54.396,169.641,209.936,33.307477,ok,
1770004559077,/root/autodl-tmp/jina_resource_matrix/models/jina-embeddings-v3,4,on,True,Tesla V100S-PCIE-32GB,8,1,2048,2048,2,0,209.295,9785.241,53.121,161.26,193.681,35.379333,ok,
1770004560321,/root/autodl-tmp/jina_resource_matrix/models/jina-embeddings-v3,4,on,True,Tesla V100S-PCIE-32GB,8,1,2048,2048,3,0,209.581,9771.883,50.451,166.04,195.729,32.189031,ok,
1770004561544,/root/autodl-tmp/jina_resource_matrix/models/jina-embeddings-v3,4,on,True,Tesla V100S-PCIE-32GB,8,1,2048,2048,4,0,207.79,9856.11,54.09,169.676,204.12,33.500776,ok,
1770004569979,/root/autodl-tmp/jina_resource_matrix/models/jina-embeddings-v3,4,on,True,Tesla V100S-PCIE-32GB,8,1,2304,2304,0,0,242.312,9508.414,50.756,170.799,199.62,42.425103,ok,
1770004571260,/root/autodl-tmp/jina_resource_matrix/models/jina-embeddings-v3,4,on,True,Tesla V100S-PCIE-32GB,8,1,2304,2304,1,0,242.465,9502.411,54.656,170.597,207.988,40.346636,ok,
1770004572508,/root/autodl-tmp/jina_resource_matrix/models/jina-embeddings-v3,4,on,True,Tesla V100S-PCIE-32GB,8,1,2304,2304,2,0,242.093,9517.0,53.06,170.393,198.953,40.939144,ok,
1770004573779,/root/autodl-tmp/jina_resource_matrix/models/jina-embeddings-v3,4,on,True,Tesla V100S-PCIE-32GB,8,1,2304,2304,3,0,242.169,9514.002,55.44,170.927,209.022,42.166647,ok,
1770004575040,/root/autodl-tmp/jina_resource_matrix/models/jina-embeddings-v3,4,on,True,Tesla V100S-PCIE-32GB,8,1,2304,2304,4,0,243.589,9458.558,53.216,172.439,203.725,42.103737,ok,
1770004583644,/root/autodl-tmp/jina_resource_matrix/models/jina-embeddings-v3,4,on,True,Tesla V100S-PCIE-32GB,8,1,2560,2560,0,0,270.062,9479.306,57.863,170.876,213.967,47.274654,ok,
1770004584934,/root/autodl-tmp/jina_resource_matrix/models/jina-embeddings-v3,4,on,True,Tesla V100S-PCIE-32GB,8,1,2560,2560,1,0,273.084,9374.399,49.734,173.944,199.101,45.789766,ok,
1770004586228,/root/autodl-tmp/jina_resource_matrix/models/jina-embeddings-v3,4,on,True,Tesla V100S-PCIE-32GB,8,1,2560,2560,2,0,270.633,9459.289,53.839,175.33,210.827,49.460647,ok,
1770004587528,/root/autodl-tmp/jina_resource_matrix/models/jina-embeddings-v3,4,on,True,Tesla V100S-PCIE-32GB,8,1,2560,2560,3,0,271.839,9417.326,49.319,175.042,199.325,47.098304,ok,
1770004588817,/root/autodl-tmp/jina_resource_matrix/models/jina-embeddings-v3,4,on,True,Tesla V100S-PCIE-32GB,8,1,2560,2560,4,0,272.882,9381.328,50.84,170.948,197.226,46.64244,ok,
1770004597498,/root/autodl-tmp/jina_resource_matrix/models/jina-embeddings-v3,4,on,True,Tesla V100S-PCIE-32GB,8,1,2816,2816,0,0,315.973,8912.146,55.882,172.809,205.405,54.602485,ok,
1770004598848,/root/autodl-tmp/jina_resource_matrix/models/jina-embeddings-v3,4,on,True,Tesla V100S-PCIE-32GB,8,1,2816,2816,1,0,316.061,8909.672,53.246,177.16,207.694,57.551908,ok,
1770004600193,/root/autodl-tmp/jina_resource_matrix/models/jina-embeddings-v3,4,on,True,Tesla V100S-PCIE-32GB,8,1,2816,2816,2,0,315.705,8919.731,53.929,177.763,211.502,55.928373,ok,
1770004601540,/root/autodl-tmp/jina_resource_matrix/models/jina-embeddings-v3,4,on,True,Tesla V100S-PCIE-32GB,8,1,2816,2816,3,0,316.676,8892.359,53.425,175.269,205.968,55.109599,ok,
1770004602884,/root/autodl-tmp/jina_resource_matrix/models/jina-embeddings-v3,4,on,True,Tesla V100S-PCIE-32GB,8,1,2816,2816,4,0,316.693,8891.89,54.481,175.793,205.884,55.802697,ok,
1770004611803,/root/autodl-tmp/jina_resource_matrix/models/jina-embeddings-v3,4,on,True,Tesla V100S-PCIE-32GB,8,1,3072,3072,0,0,357.855,8584.475,53.294,176.399,200.51,63.584001,ok,
1770004613191,/root/autodl-tmp/jina_resource_matrix/models/jina-embeddings-v3,4,on,True,Tesla V100S-PCIE-32GB,8,1,3072,3072,1,0,359.142,8553.724,50.671,176.949,199.99,63.031827,ok,
1770004614570,/root/autodl-tmp/jina_resource_matrix/models/jina-embeddings-v3,4,on,True,Tesla V100S-PCIE-32GB,8,1,3072,3072,2,0,357.523,8592.444,55.185,175.916,214.689,63.25239,ok,
1770004615957,/root/autodl-tmp/jina_resource_matrix/models/jina-embeddings-v3,4,on,True,Tesla V100S-PCIE-32GB,8,1,3072,3072,3,0,356.418,8619.09,55.526,176.765,211.353,64.042844,ok,
1770004617347,/root/autodl-tmp/jina_resource_matrix/models/jina-embeddings-v3,4,on,True,Tesla V100S-PCIE-32GB,8,1,3072,3072,4,0,357.038,8604.126,51.665,178.798,201.024,65.577917,ok,
1770004626254,/root/autodl-tmp/jina_resource_matrix/models/jina-embeddings-v3,4,on,True,Tesla V100S-PCIE-32GB,8,1,3328,3328,0,0,404.137,8234.833,54.074,166.943,197.653,69.201005,ok,
1770004627721,/root/autodl-tmp/jina_resource_matrix/models/jina-embeddings-v3,4,on,True,Tesla V100S-PCIE-32GB,8,1,3328,3328,1,0,398.827,8344.479,53.252,182.14,210.548,70.835311,ok,
1770004629144,/root/autodl-tmp/jina_resource_matrix/models/jina-embeddings-v3,4,on,True,Tesla V100S-PCIE-32GB,8,1,3328,3328,2,0,410.967,8097.981,50.789,174.951,200.459,68.108991,ok,
1770004630575,/root/autodl-tmp/jina_resource_matrix/models/jina-embeddings-v3,4,on,True,Tesla V100S-PCIE-32GB,8,1,3328,3328,3,0,401.851,8281.673,55.694,171.317,214.373,71.144465,ok,
1770004632012,/root/autodl-tmp/jina_resource_matrix/models/jina-embeddings-v3,4,on,True,Tesla V100S-PCIE-32GB,8,1,3328,3328,4,0,405.053,8216.211,53.038,179.477,209.589,70.096654,ok,
1770004641063,/root/autodl-tmp/jina_resource_matrix/models/jina-embeddings-v3,4,on,True,Tesla V100S-PCIE-32GB,8,1,3584,3584,0,0,439.585,8153.141,57.764,178.309,216.675,79.628529,ok,
1770004642525,/root/autodl-tmp/jina_resource_matrix/models/jina-embeddings-v3,4,on,True,Tesla V100S-PCIE-32GB,8,1,3584,3584,1,0,443.646,8078.514,50.056,178.845,198.141,81.306642,ok,
1770004644010,/root/autodl-tmp/jina_resource_matrix/models/jina-embeddings-v3,4,on,True,Tesla V100S-PCIE-32GB,8,1,3584,3584,2,0,440.629,8133.831,52.746,181.828,208.002,81.704466,ok,
1770004645485,/root/autodl-tmp/jina_resource_matrix/models/jina-embeddings-v3,4,on,True,Tesla V100S-PCIE-32GB,8,1,3584,3584,3,0,439.81,8148.982,54.895,175.122,212.031,80.208134,ok,
1770004646971,/root/autodl-tmp/jina_resource_matrix/models/jina-embeddings-v3,4,on,True,Tesla V100S-PCIE-32GB,8,1,3584,3584,4,0,441.763,8112.944,49.521,181.784,199.41,78.76525,ok,
1770004656161,/root/autodl-tmp/jina_resource_matrix/models/jina-embeddings-v3,4,on,True,Tesla V100S-PCIE-32GB,8,1,3840,3840,0,0,486.243,7897.278,55.819,173.482,206.177,83.810124,ok,
1770004657672,/root/autodl-tmp/jina_resource_matrix/models/jina-embeddings-v3,4,on,True,Tesla V100S-PCIE-32GB,8,1,3840,3840,1,0,477.211,8046.747,56.575,176.765,214.648,80.218028,ok,
1770004659164,/root/autodl-tmp/jina_resource_matrix/models/jina-embeddings-v3,4,on,True,Tesla V100S-PCIE-32GB,8,1,3840,3840,2,0,484.118,7931.959,58.684,174.148,223.495,83.354828,ok,
1770004660669,/root/autodl-tmp/jina_resource_matrix/models/jina-embeddings-v3,4,on,True,Tesla V100S-PCIE-32GB,8,1,3840,3840,3,0,477.961,8034.123,53.4,179.958,204.554,83.864771,ok,
1770004662164,/root/autodl-tmp/jina_resource_matrix/models/jina-embeddings-v3,4,on,True,Tesla V100S-PCIE-32GB,8,1,3840,3840,4,0,480.206,7996.576,49.629,180.815,201.385,87.222638,ok,
1770004671534,/root/autodl-tmp/jina_resource_matrix/models/jina-embeddings-v3,4,on,True,Tesla V100S-PCIE-32GB,8,1,4096,4096,0,0,537.681,7617.898,52.943,175.668,197.625,93.078212,ok,
1770004673096,/root/autodl-tmp/jina_resource_matrix/models/jina-embeddings-v3,4,on,True,Tesla V100S-PCIE-32GB,8,1,4096,4096,1,0,532.478,7692.335,53.021,174.316,195.332,94.380587,ok,
1770004674668,/root/autodl-tmp/jina_resource_matrix/models/jina-embeddings-v3,4,on,True,Tesla V100S-PCIE-32GB,8,1,4096,4096,2,0,530.847,7715.973,55.326,179.082,219.83,96.067419,ok,
1770004676224,/root/autodl-tmp/jina_resource_matrix/models/jina-embeddings-v3,4,on,True,Tesla V100S-PCIE-32GB,8,1,4096,4096,3,0,529.917,7729.505,54.651,180.648,212.997,94.500977,ok,
1770004677770,/root/autodl-tmp/jina_resource_matrix/models/jina-embeddings-v3,4,on,True,Tesla V100S-PCIE-32GB,8,1,4096,4096,4,0,533.48,7677.89,51.969,178.045,197.784,91.57768,ok,
1770004686198,/root/autodl-tmp/jina_resource_matrix/models/jina-embeddings-v3,3,on,True,Tesla V100S-PCIE-32GB,6,1,256,256,0,0,44.039,5813.059,39.839,23.782,47.564,0.539637,ok,
1770004687257,/root/autodl-tmp/jina_resource_matrix/models/jina-embeddings-v3,3,on,True,Tesla V100S-PCIE-32GB,6,1,256,256,1,0,44.214,5790.051,39.589,23.907,47.815,0.54358,ok,
1770004688313,/root/autodl-tmp/jina_resource_matrix/models/jina-embeddings-v3,3,on,True,Tesla V100S-PCIE-32GB,6,1,256,256,2,0,43.58,5874.279,39.563,24.391,48.782,0.553598,ok,
1770004689368,/root/autodl-tmp/jina_resource_matrix/models/jina-embeddings-v3,3,on,True,Tesla V100S-PCIE-32GB,6,1,256,256,3,0,42.975,5956.959,39.379,26.373,52.745,0.597521,ok,
1770004690432,/root/autodl-tmp/jina_resource_matrix/models/jina-embeddings-v3,3,on,True,Tesla V100S-PCIE-32GB,6,1,256,256,4,0,43.442,5892.849,39.159,24.6,49.199,0.558782,ok,
1770004698354,/root/autodl-tmp/jina_resource_matrix/models/jina-embeddings-v3,3,on,True,Tesla V100S-PCIE-32GB,6,1,512,512,0,0,56.079,9129.992,43.278,61.969,102.055,3.088659,ok,
1770004699436,/root/autodl-tmp/jina_resource_matrix/models/jina-embeddings-v3,3,on,True,Tesla V100S-PCIE-32GB,6,1,512,512,1,0,56.514,9059.736,42.063,62.279,102.811,3.072242,ok,
1770004700516,/root/autodl-tmp/jina_resource_matrix/models/jina-embeddings-v3,3,on,True,Tesla V100S-PCIE-32GB,6,1,512,512,2,0,55.896,9159.861,42.205,62.943,102.644,3.139505,ok,
1770004701596,/root/autodl-tmp/jina_resource_matrix/models/jina-embeddings-v3,3,on,True,Tesla V100S-PCIE-32GB,6,1,512,512,3,0,55.865,9164.943,42.178,63.009,102.406,3.170198,ok,
1770004702678,/root/autodl-tmp/jina_resource_matrix/models/jina-embeddings-v3,3,on,True,Tesla V100S-PCIE-32GB,6,1,512,512,4,0,55.691,9193.507,42.172,64.646,103.569,3.274823,ok,
1770004710603,/root/autodl-tmp/jina_resource_matrix/models/jina-embeddings-v3,3,on,True,Tesla V100S-PCIE-32GB,6,1,768,768,0,0,69.692,11019.895,50.507,98.987,155.223,5.119768,ok,
1770004711693,/root/autodl-tmp/jina_resource_matrix/models/jina-embeddings-v3,3,on,True,Tesla V100S-PCIE-32GB,6,1,768,768,1,0,69.362,11072.357,51.255,108.322,153.785,8.069689,ok,
1770004712794,/root/autodl-tmp/jina_resource_matrix/models/jina-embeddings-v3,3,on,True,Tesla V100S-PCIE-32GB,6,1,768,768,2,0,69.369,11071.177,48.488,97.04,158.081,4.912519,ok,
1770004713875,/root/autodl-tmp/jina_resource_matrix/models/jina-embeddings-v3,3,on,True,Tesla V100S-PCIE-32GB,6,1,768,768,3,0,69.706,11017.746,51.207,106.985,154.311,8.1808,ok,
1770004714981,/root/autodl-tmp/jina_resource_matrix/models/jina-embeddings-v3,3,on,True,Tesla V100S-PCIE-32GB,6,1,768,768,4,0,69.913,10985.021,48.617,110.233,157.178,8.288739,ok,
1770004723076,/root/autodl-tmp/jina_resource_matrix/models/jina-embeddings-v3,3,on,True,Tesla V100S-PCIE-32GB,6,1,1024,1024,0,0,90.079,11367.761,54.946,130.343,189.83,9.675514,ok,
1770004724187,/root/autodl-tmp/jina_resource_matrix/models/jina-embeddings-v3,3,on,True,Tesla V100S-PCIE-32GB,6,1,1024,1024,1,0,89.733,11411.647,56.683,135.667,195.837,10.079447,ok,
1770004725285,/root/autodl-tmp/jina_resource_matrix/models/jina-embeddings-v3,3,on,True,Tesla V100S-PCIE-32GB,6,1,1024,1024,2,0,90.427,11324.091,56.528,131.639,192.79,9.757724,ok,
1770004726389,/root/autodl-tmp/jina_resource_matrix/models/jina-embeddings-v3,3,on,True,Tesla V100S-PCIE-32GB,6,1,1024,1024,3,0,89.326,11463.609,57.257,135.105,193.797,10.036386,ok,
1770004727492,/root/autodl-tmp/jina_resource_matrix/models/jina-embeddings-v3,3,on,True,Tesla V100S-PCIE-32GB,6,1,1024,1024,4,0,90.158,11357.87,55.575,129.105,187.712,9.583465,ok,
1770004735636,/root/autodl-tmp/jina_resource_matrix/models/jina-embeddings-v3,3,on,True,Tesla V100S-PCIE-32GB,6,1,1280,1280,0,0,112.462,11381.642,53.183,145.889,197.003,14.270017,ok,
1770004736775,/root/autodl-tmp/jina_resource_matrix/models/jina-embeddings-v3,3,on,True,Tesla V100S-PCIE-32GB,6,1,1280,1280,1,0,110.105,11625.313,56.511,155.053,213.402,16.119928,ok,
1770004737901,/root/autodl-tmp/jina_resource_matrix/models/jina-embeddings-v3,3,on,True,Tesla V100S-PCIE-32GB,6,1,1280,1280,2,0,113.12,11315.433,51.493,143.634,192.074,14.58945,ok,
1770004739026,/root/autodl-tmp/jina_resource_matrix/models/jina-embeddings-v3,3,on,True,Tesla V100S-PCIE-32GB,6,1,1280,1280,3,0,112.029,11425.605,53.635,148.301,197.129,14.984128,ok,
1770004740152,/root/autodl-tmp/jina_resource_matrix/models/jina-embeddings-v3,3,on,True,Tesla V100S-PCIE-32GB,6,1,1280,1280,4,0,110.425,11591.604,55.801,153.296,206.941,15.206999,ok,
1770004748293,/root/autodl-tmp/jina_resource_matrix/models/jina-embeddings-v3,3,on,True,Tesla V100S-PCIE-32GB,6,1,1536,1536,0,0,150.917,10177.776,57.371,160.239,199.291,23.461925,ok,
1770004749472,/root/autodl-tmp/jina_resource_matrix/models/jina-embeddings-v3,3,on,True,Tesla V100S-PCIE-32GB,6,1,1536,1536,1,0,151.53,10136.605,55.898,161.025,200.986,25.918274,ok,
1770004750651,/root/autodl-tmp/jina_resource_matrix/models/jina-embeddings-v3,3,on,True,Tesla V100S-PCIE-32GB,6,1,1536,1536,2,0,152.416,10077.667,52.606,158.126,194.337,22.92866,ok,
1770004751826,/root/autodl-tmp/jina_resource_matrix/models/jina-embeddings-v3,3,on,True,Tesla V100S-PCIE-32GB,6,1,1536,1536,3,0,151.712,10124.466,55.673,160.185,197.948,23.682938,ok,
1770004753002,/root/autodl-tmp/jina_resource_matrix/models/jina-embeddings-v3,3,on,True,Tesla V100S-PCIE-32GB,6,1,1536,1536,4,0,152.5,10072.121,53.91,156.421,193.189,23.094627,ok,
1770004761187,/root/autodl-tmp/jina_resource_matrix/models/jina-embeddings-v3,3,on,True,Tesla V100S-PCIE-32GB,6,1,1792,1792,0,0,179.878,9962.308,55.054,158.674,193.789,27.156653,ok,
1770004762393,/root/autodl-tmp/jina_resource_matrix/models/jina-embeddings-v3,3,on,True,Tesla V100S-PCIE-32GB,6,1,1792,1792,1,0,179.706,9971.838,54.359,161.367,196.781,27.384743,ok,
1770004763584,/root/autodl-tmp/jina_resource_matrix/models/jina-embeddings-v3,3,on,True,Tesla V100S-PCIE-32GB,6,1,1792,1792,2,0,178.881,10017.81,56.596,162.728,202.895,28.265753,ok,
1770004764781,/root/autodl-tmp/jina_resource_matrix/models/jina-embeddings-v3,3,on,True,Tesla V100S-PCIE-32GB,6,1,1792,1792,3,0,179.893,9961.476,55.945,162.772,200.423,27.979498,ok,
1770004765979,/root/autodl-tmp/jina_resource_matrix/models/jina-embeddings-v3,3,on,True,Tesla V100S-PCIE-32GB,6,1,1792,1792,4,0,178.63,10031.93,55.801,164.446,201.141,27.97504,ok,
1770004774494,/root/autodl-tmp/jina_resource_matrix/models/jina-embeddings-v3,3,on,True,Tesla V100S-PCIE-32GB,6,1,2048,2048,0,0,207.981,9847.037,56.86,167.829,204.626,33.200839,ok,
1770004775707,/root/autodl-tmp/jina_resource_matrix/models/jina-embeddings-v3,3,on,True,Tesla V100S-PCIE-32GB,6,1,2048,2048,1,0,207.521,9868.871,55.001,166.483,201.364,32.486934,ok,
1770004776937,/root/autodl-tmp/jina_resource_matrix/models/jina-embeddings-v3,3,on,True,Tesla V100S-PCIE-32GB,6,1,2048,2048,2,0,209.781,9762.565,51.274,166.056,194.96,32.723047,ok,
1770004778166,/root/autodl-tmp/jina_resource_matrix/models/jina-embeddings-v3,3,on,True,Tesla V100S-PCIE-32GB,6,1,2048,2048,3,0,210.917,9709.97,51.693,151.937,195.161,34.324453,ok,
1770004779431,/root/autodl-tmp/jina_resource_matrix/models/jina-embeddings-v3,3,on,True,Tesla V100S-PCIE-32GB,6,1,2048,2048,4,0,208.355,9829.38,49.985,170.068,202.765,36.82654,ok,
1770004787994,/root/autodl-tmp/jina_resource_matrix/models/jina-embeddings-v3,3,on,True,Tesla V100S-PCIE-32GB,6,1,2304,2304,0,0,249.068,9250.503,53.811,167.044,194.673,40.476357,ok,
1770004789264,/root/autodl-tmp/jina_resource_matrix/models/jina-embeddings-v3,3,on,True,Tesla V100S-PCIE-32GB,6,1,2304,2304,1,0,243.907,9446.206,55.369,169.869,203.448,40.907275,ok,
1770004790524,/root/autodl-tmp/jina_resource_matrix/models/jina-embeddings-v3,3,on,True,Tesla V100S-PCIE-32GB,6,1,2304,2304,2,0,242.139,9515.201,50.838,173.462,199.631,41.924184,ok,
1770004791787,/root/autodl-tmp/jina_resource_matrix/models/jina-embeddings-v3,3,on,True,Tesla V100S-PCIE-32GB,6,1,2304,2304,3,0,242.427,9503.888,54.756,172.841,211.149,42.158672,ok,
1770004793066,/root/autodl-tmp/jina_resource_matrix/models/jina-embeddings-v3,3,on,True,Tesla V100S-PCIE-32GB,6,1,2304,2304,4,0,243.094,9477.826,51.666,172.194,201.587,41.604856,ok,
1770004801829,/root/autodl-tmp/jina_resource_matrix/models/jina-embeddings-v3,3,on,True,Tesla V100S-PCIE-32GB,6,1,2560,2560,0,0,269.806,9488.311,58.218,171.94,218.012,47.239249,ok,
1770004803127,/root/autodl-tmp/jina_resource_matrix/models/jina-embeddings-v3,3,on,True,Tesla V100S-PCIE-32GB,6,1,2560,2560,1,0,272.698,9387.669,49.782,163.347,198.667,45.12958,ok,
1770004804457,/root/autodl-tmp/jina_resource_matrix/models/jina-embeddings-v3,3,on,True,Tesla V100S-PCIE-32GB,6,1,2560,2560,2,0,274.019,9342.418,48.816,173.995,199.343,46.708789,ok,
1770004805757,/root/autodl-tmp/jina_resource_matrix/models/jina-embeddings-v3,3,on,True,Tesla V100S-PCIE-32GB,6,1,2560,2560,3,0,271.515,9428.572,55.617,174.44,212.944,46.975086,ok,
1770004807046,/root/autodl-tmp/jina_resource_matrix/models/jina-embeddings-v3,3,on,True,Tesla V100S-PCIE-32GB,6,1,2560,2560,4,0,270.468,9465.067,54.487,174.855,216.48,46.501257,ok,
1770004815747,/root/autodl-tmp/jina_resource_matrix/models/jina-embeddings-v3,3,on,True,Tesla V100S-PCIE-32GB,6,1,2816,2816,0,0,317.326,8874.153,54.035,171.845,196.826,54.464691,ok,
1770004817081,/root/autodl-tmp/jina_resource_matrix/models/jina-embeddings-v3,3,on,True,Tesla V100S-PCIE-32GB,6,1,2816,2816,1,0,317.764,8861.915,51.339,174.911,196.884,57.348848,ok,
1770004818425,/root/autodl-tmp/jina_resource_matrix/models/jina-embeddings-v3,3,on,True,Tesla V100S-PCIE-32GB,6,1,2816,2816,2,0,318.384,8844.674,49.567,175.557,200.282,54.832491,ok,
1770004819772,/root/autodl-tmp/jina_resource_matrix/models/jina-embeddings-v3,3,on,True,Tesla V100S-PCIE-32GB,6,1,2816,2816,3,0,316.718,8891.201,50.946,176.727,199.907,55.051311,ok,
1770004821118,/root/autodl-tmp/jina_resource_matrix/models/jina-embeddings-v3,3,on,True,Tesla V100S-PCIE-32GB,6,1,2816,2816,4,0,317.524,8868.629,52.014,174.161,201.153,56.31017,ok,
1770004830106,/root/autodl-tmp/jina_resource_matrix/models/jina-embeddings-v3,3,on,True,Tesla V100S-PCIE-32GB,6,1,3072,3072,0,0,357.379,8595.923,57.042,173.506,205.406,61.899002,ok,
1770004831494,/root/autodl-tmp/jina_resource_matrix/models/jina-embeddings-v3,3,on,True,Tesla V100S-PCIE-32GB,6,1,3072,3072,1,0,359.507,8545.039,53.704,176.235,202.895,64.184053,ok,
1770004832885,/root/autodl-tmp/jina_resource_matrix/models/jina-embeddings-v3,3,on,True,Tesla V100S-PCIE-32GB,6,1,3072,3072,2,0,359.298,8549.995,50.698,176.882,199.23,63.519956,ok,
1770004834274,/root/autodl-tmp/jina_resource_matrix/models/jina-embeddings-v3,3,on,True,Tesla V100S-PCIE-32GB,6,1,3072,3072,3,0,358.083,8579.011,50.628,170.332,198.917,62.608628,ok,
1770004835689,/root/autodl-tmp/jina_resource_matrix/models/jina-embeddings-v3,3,on,True,Tesla V100S-PCIE-32GB,6,1,3072,3072,4,0,357.121,8602.138,54.002,178.155,211.853,64.190242,ok,
1770004844631,/root/autodl-tmp/jina_resource_matrix/models/jina-embeddings-v3,3,on,True,Tesla V100S-PCIE-32GB,6,1,3328,3328,0,0,403.049,8257.051,53.53,176.811,197.049,71.156116,ok,
1770004846065,/root/autodl-tmp/jina_resource_matrix/models/jina-embeddings-v3,3,on,True,Tesla V100S-PCIE-32GB,6,1,3328,3328,1,0,402.739,8263.41,51.9,177.904,198.133,71.395807,ok,
1770004847494,/root/autodl-tmp/jina_resource_matrix/models/jina-embeddings-v3,3,on,True,Tesla V100S-PCIE-32GB,6,1,3328,3328,2,0,401.286,8293.334,54.717,176.809,201.847,69.050008,ok,
1770004848924,/root/autodl-tmp/jina_resource_matrix/models/jina-embeddings-v3,3,on,True,Tesla V100S-PCIE-32GB,6,1,3328,3328,3,0,403.655,8244.658,51.716,178.08,197.888,71.311084,ok,
1770004850346,/root/autodl-tmp/jina_resource_matrix/models/jina-embeddings-v3,3,on,True,Tesla V100S-PCIE-32GB,6,1,3328,3328,4,0,401.794,8282.847,55.914,177.474,210.785,70.95444,ok,
1770004859591,/root/autodl-tmp/jina_resource_matrix/models/jina-embeddings-v3,3,on,True,Tesla V100S-PCIE-32GB,6,1,3584,3584,0,0,439.541,8153.954,58.778,175.286,209.787,77.113116,ok,
1770004861044,/root/autodl-tmp/jina_resource_matrix/models/jina-embeddings-v3,3,on,True,Tesla V100S-PCIE-32GB,6,1,3584,3584,1,0,443.735,8076.891,49.967,177.956,202.049,78.906832,ok,
1770004862511,/root/autodl-tmp/jina_resource_matrix/models/jina-embeddings-v3,3,on,True,Tesla V100S-PCIE-32GB,6,1,3584,3584,2,0,440.117,8143.291,55.426,178.594,210.295,77.561947,ok,
1770004863963,/root/autodl-tmp/jina_resource_matrix/models/jina-embeddings-v3,3,on,True,Tesla V100S-PCIE-32GB,6,1,3584,3584,3,0,444.543,8062.219,50.186,179.249,200.628,79.597352,ok,
1770004865433,/root/autodl-tmp/jina_resource_matrix/models/jina-embeddings-v3,3,on,True,Tesla V100S-PCIE-32GB,6,1,3584,3584,4,0,440.789,8130.883,53.699,176.82,205.809,80.051212,ok,
1770004874656,/root/autodl-tmp/jina_resource_matrix/models/jina-embeddings-v3,3,on,True,Tesla V100S-PCIE-32GB,6,1,3840,3840,0,0,476.737,8054.747,55.86,177.177,205.232,82.915562,ok,
1770004876141,/root/autodl-tmp/jina_resource_matrix/models/jina-embeddings-v3,3,on,True,Tesla V100S-PCIE-32GB,6,1,3840,3840,1,0,474.774,8088.057,57.736,179.032,213.813,84.227514,ok,
1770004877637,/root/autodl-tmp/jina_resource_matrix/models/jina-embeddings-v3,3,on,True,Tesla V100S-PCIE-32GB,6,1,3840,3840,2,0,474.89,8086.079,56.724,180.358,218.784,87.376891,ok,
1770004879151,/root/autodl-tmp/jina_resource_matrix/models/jina-embeddings-v3,3,on,True,Tesla V100S-PCIE-32GB,6,1,3840,3840,3,0,479.145,8014.279,49.662,181.183,201.62,85.012079,ok,
1770004880634,/root/autodl-tmp/jina_resource_matrix/models/jina-embeddings-v3,3,on,True,Tesla V100S-PCIE-32GB,6,1,3840,3840,4,0,477.465,8042.468,53.072,173.652,198.208,85.946514,ok,
1770004890135,/root/autodl-tmp/jina_resource_matrix/models/jina-embeddings-v3,3,on,True,Tesla V100S-PCIE-32GB,6,1,4096,4096,0,0,529.452,7736.303,55.819,181.36,204.062,96.994798,ok,
1770004891704,/root/autodl-tmp/jina_resource_matrix/models/jina-embeddings-v3,3,on,True,Tesla V100S-PCIE-32GB,6,1,4096,4096,1,0,532.774,7688.06,49.594,182.102,203.095,97.521941,ok,
1770004893260,/root/autodl-tmp/jina_resource_matrix/models/jina-embeddings-v3,3,on,True,Tesla V100S-PCIE-32GB,6,1,4096,4096,2,0,532.103,7697.753,50.408,181.493,199.39,94.870797,ok,
1770004894794,/root/autodl-tmp/jina_resource_matrix/models/jina-embeddings-v3,3,on,True,Tesla V100S-PCIE-32GB,6,1,4096,4096,3,0,531.563,7705.584,58.965,176.921,217.436,92.632705,ok,
1770004896355,/root/autodl-tmp/jina_resource_matrix/models/jina-embeddings-v3,3,on,True,Tesla V100S-PCIE-32GB,6,1,4096,4096,4,0,531.316,7709.156,56.936,176.96,214.99,96.792242,ok,
1770004904983,/root/autodl-tmp/jina_resource_matrix/models/jina-embeddings-v3,2,on,True,Tesla V100S-PCIE-32GB,4,1,256,256,0,0,38.536,6643.209,47.013,34.959,69.917,0.795357,ok,
1770004906042,/root/autodl-tmp/jina_resource_matrix/models/jina-embeddings-v3,2,on,True,Tesla V100S-PCIE-32GB,4,1,256,256,1,0,39.112,6545.291,46.985,35.117,70.234,0.800896,ok,
1770004907107,/root/autodl-tmp/jina_resource_matrix/models/jina-embeddings-v3,2,on,True,Tesla V100S-PCIE-32GB,4,1,256,256,2,0,38.464,6655.521,47.064,34.255,68.509,0.784853,ok,
1770004908166,/root/autodl-tmp/jina_resource_matrix/models/jina-embeddings-v3,2,on,True,Tesla V100S-PCIE-32GB,4,1,256,256,3,0,39.44,6490.886,47.122,33.305,66.609,0.767317,ok,
1770004909226,/root/autodl-tmp/jina_resource_matrix/models/jina-embeddings-v3,2,on,True,Tesla V100S-PCIE-32GB,4,1,256,256,4,0,39.011,6562.292,47.239,36.769,71.82,0.932125,ok,
1770004917253,/root/autodl-tmp/jina_resource_matrix/models/jina-embeddings-v3,2,on,True,Tesla V100S-PCIE-32GB,4,1,512,512,0,0,50.356,10167.528,56.855,97.909,160.777,4.95022,ok,
1770004918334,/root/autodl-tmp/jina_resource_matrix/models/jina-embeddings-v3,2,on,True,Tesla V100S-PCIE-32GB,4,1,512,512,1,0,50.072,10225.187,55.093,97.935,160.376,4.865828,ok,
1770004919415,/root/autodl-tmp/jina_resource_matrix/models/jina-embeddings-v3,2,on,True,Tesla V100S-PCIE-32GB,4,1,512,512,2,0,50.029,10234.105,55.079,98.063,160.335,4.891541,ok,
1770004920497,/root/autodl-tmp/jina_resource_matrix/models/jina-embeddings-v3,2,on,True,Tesla V100S-PCIE-32GB,4,1,512,512,3,0,49.707,10300.324,55.086,97.874,160.547,4.862048,ok,
1770004921580,/root/autodl-tmp/jina_resource_matrix/models/jina-embeddings-v3,2,on,True,Tesla V100S-PCIE-32GB,4,1,512,512,4,0,49.498,10343.935,55.011,98.478,161.866,4.888541,ok,
1770004929644,/root/autodl-tmp/jina_resource_matrix/models/jina-embeddings-v3,2,on,True,Tesla V100S-PCIE-32GB,4,1,768,768,0,0,67.789,11329.299,58.941,112.034,183.341,5.780948,ok,
1770004930725,/root/autodl-tmp/jina_resource_matrix/models/jina-embeddings-v3,2,on,True,Tesla V100S-PCIE-32GB,4,1,768,768,1,0,67.262,11418.008,58.112,112.73,184.811,5.813871,ok,
1770004931803,/root/autodl-tmp/jina_resource_matrix/models/jina-embeddings-v3,2,on,True,Tesla V100S-PCIE-32GB,4,1,768,768,2,0,67.176,11432.718,57.944,112.404,185.405,5.726721,ok,
1770004932883,/root/autodl-tmp/jina_resource_matrix/models/jina-embeddings-v3,2,on,True,Tesla V100S-PCIE-32GB,4,1,768,768,3,0,67.307,11410.363,57.562,110.943,183.564,5.526959,ok,
1770004933962,/root/autodl-tmp/jina_resource_matrix/models/jina-embeddings-v3,2,on,True,Tesla V100S-PCIE-32GB,4,1,768,768,4,0,68.164,11267.005,58.039,113.646,186.619,5.821752,ok,
1770004942154,/root/autodl-tmp/jina_resource_matrix/models/jina-embeddings-v3,2,on,True,Tesla V100S-PCIE-32GB,4,1,1024,1024,0,0,89.82,11400.621,58.57,136.935,197.275,10.231507,ok,
1770004943255,/root/autodl-tmp/jina_resource_matrix/models/jina-embeddings-v3,2,on,True,Tesla V100S-PCIE-32GB,4,1,1024,1024,1,0,90.812,11276.017,55.843,129.178,186.73,9.841041,ok,
1770004944356,/root/autodl-tmp/jina_resource_matrix/models/jina-embeddings-v3,2,on,True,Tesla V100S-PCIE-32GB,4,1,1024,1024,2,0,89.802,11402.83,57.345,136.844,197.01,10.448041,ok,
1770004945469,/root/autodl-tmp/jina_resource_matrix/models/jina-embeddings-v3,2,on,True,Tesla V100S-PCIE-32GB,4,1,1024,1024,3,0,91.078,11243.164,55.458,128.927,186.62,9.906792,ok,
1770004946571,/root/autodl-tmp/jina_resource_matrix/models/jina-embeddings-v3,2,on,True,Tesla V100S-PCIE-32GB,4,1,1024,1024,4,0,89.905,11389.767,57.993,136.617,195.19,11.06445,ok,
1770004954822,/root/autodl-tmp/jina_resource_matrix/models/jina-embeddings-v3,2,on,True,Tesla V100S-PCIE-32GB,4,1,1280,1280,0,0,114.254,11203.062,52.075,139.611,187.678,14.582843,ok,
1770004955961,/root/autodl-tmp/jina_resource_matrix/models/jina-embeddings-v3,2,on,True,Tesla V100S-PCIE-32GB,4,1,1280,1280,1,0,111.969,11431.712,54.746,152.859,205.247,16.088643,ok,
1770004957092,/root/autodl-tmp/jina_resource_matrix/models/jina-embeddings-v3,2,on,True,Tesla V100S-PCIE-32GB,4,1,1280,1280,2,0,111.632,11466.284,55.348,155.222,211.244,15.928498,ok,
1770004958224,/root/autodl-tmp/jina_resource_matrix/models/jina-embeddings-v3,2,on,True,Tesla V100S-PCIE-32GB,4,1,1280,1280,3,0,113.678,11259.829,52.123,142.57,191.499,14.157334,ok,
1770004959349,/root/autodl-tmp/jina_resource_matrix/models/jina-embeddings-v3,2,on,True,Tesla V100S-PCIE-32GB,4,1,1280,1280,4,0,112.713,11356.291,54.043,144.921,195.895,14.242092,ok,
1770004967760,/root/autodl-tmp/jina_resource_matrix/models/jina-embeddings-v3,2,on,True,Tesla V100S-PCIE-32GB,4,1,1536,1536,0,0,156.481,9815.901,54.157,168.864,192.026,26.280642,ok,
1770004968938,/root/autodl-tmp/jina_resource_matrix/models/jina-embeddings-v3,2,on,True,Tesla V100S-PCIE-32GB,4,1,1536,1536,1,0,153.241,10023.401,52.694,157.028,193.989,23.66166,ok,
1770004970119,/root/autodl-tmp/jina_resource_matrix/models/jina-embeddings-v3,2,on,True,Tesla V100S-PCIE-32GB,4,1,1536,1536,2,0,153.397,10013.244,53.896,155.554,193.881,23.270423,ok,
1770004971300,/root/autodl-tmp/jina_resource_matrix/models/jina-embeddings-v3,2,on,True,Tesla V100S-PCIE-32GB,4,1,1536,1536,3,0,153.305,10019.224,54.069,155.984,191.521,22.833456,ok,
1770004972471,/root/autodl-tmp/jina_resource_matrix/models/jina-embeddings-v3,2,on,True,Tesla V100S-PCIE-32GB,4,1,1536,1536,4,0,153.498,10006.618,54.429,155.248,192.094,23.411169,ok,
1770004980994,/root/autodl-tmp/jina_resource_matrix/models/jina-embeddings-v3,2,on,True,Tesla V100S-PCIE-32GB,4,1,1792,1792,0,0,180.016,9954.668,57.141,160.574,199.656,27.517382,ok,
1770004982194,/root/autodl-tmp/jina_resource_matrix/models/jina-embeddings-v3,2,on,True,Tesla V100S-PCIE-32GB,4,1,1792,1792,1,0,181.588,9868.497,53.726,160.526,195.264,27.441917,ok,
1770004983396,/root/autodl-tmp/jina_resource_matrix/models/jina-embeddings-v3,2,on,True,Tesla V100S-PCIE-32GB,4,1,1792,1792,2,0,181.973,9847.642,55.15,158.378,194.032,27.326582,ok,
1770004984592,/root/autodl-tmp/jina_resource_matrix/models/jina-embeddings-v3,2,on,True,Tesla V100S-PCIE-32GB,4,1,1792,1792,3,0,180.976,9901.857,54.172,160.434,194.237,27.445086,ok,
1770004985790,/root/autodl-tmp/jina_resource_matrix/models/jina-embeddings-v3,2,on,True,Tesla V100S-PCIE-32GB,4,1,1792,1792,4,0,181.076,9896.42,54.714,160.643,195.669,27.744676,ok,
1770004994366,/root/autodl-tmp/jina_resource_matrix/models/jina-embeddings-v3,2,on,True,Tesla V100S-PCIE-32GB,4,1,2048,2048,0,0,210.42,9732.909,52.369,163.136,192.746,31.67698,ok,
1770004995600,/root/autodl-tmp/jina_resource_matrix/models/jina-embeddings-v3,2,on,True,Tesla V100S-PCIE-32GB,4,1,2048,2048,1,0,208.593,9818.157,55.482,167.486,204.89,34.725685,ok,
1770004996835,/root/autodl-tmp/jina_resource_matrix/models/jina-embeddings-v3,2,on,True,Tesla V100S-PCIE-32GB,4,1,2048,2048,2,0,207.921,9849.916,54.152,166.761,202.076,32.882094,ok,
1770004998058,/root/autodl-tmp/jina_resource_matrix/models/jina-embeddings-v3,2,on,True,Tesla V100S-PCIE-32GB,4,1,2048,2048,3,0,210.326,9737.267,53.656,165.002,193.539,35.939757,ok,
1770004999301,/root/autodl-tmp/jina_resource_matrix/models/jina-embeddings-v3,2,on,True,Tesla V100S-PCIE-32GB,4,1,2048,2048,4,0,207.988,9846.743,54.24,170.521,206.664,37.297956,ok,
1770005008128,/root/autodl-tmp/jina_resource_matrix/models/jina-embeddings-v3,2,on,True,Tesla V100S-PCIE-32GB,4,1,2304,2304,0,0,243.627,9457.096,53.774,170.306,196.304,42.114061,ok,
1770005009400,/root/autodl-tmp/jina_resource_matrix/models/jina-embeddings-v3,2,on,True,Tesla V100S-PCIE-32GB,4,1,2304,2304,1,0,242.542,9499.403,53.032,174.305,203.142,42.617651,ok,
1770005010670,/root/autodl-tmp/jina_resource_matrix/models/jina-embeddings-v3,2,on,True,Tesla V100S-PCIE-32GB,4,1,2304,2304,2,0,242.704,9493.058,50.535,173.124,200.045,42.089789,ok,
1770005011949,/root/autodl-tmp/jina_resource_matrix/models/jina-embeddings-v3,2,on,True,Tesla V100S-PCIE-32GB,4,1,2304,2304,3,0,243.542,9460.392,51.203,173.417,198.751,42.468431,ok,
1770005013219,/root/autodl-tmp/jina_resource_matrix/models/jina-embeddings-v3,2,on,True,Tesla V100S-PCIE-32GB,4,1,2304,2304,4,0,242.477,9501.944,54.898,172.087,209.25,42.180442,ok,
1770005022148,/root/autodl-tmp/jina_resource_matrix/models/jina-embeddings-v3,2,on,True,Tesla V100S-PCIE-32GB,4,1,2560,2560,0,0,273.001,9377.265,53.385,169.895,194.293,45.403678,ok,
1770005023447,/root/autodl-tmp/jina_resource_matrix/models/jina-embeddings-v3,2,on,True,Tesla V100S-PCIE-32GB,4,1,2560,2560,1,0,271.266,9437.232,53.627,168.027,217.884,42.598112,ok,
1770005024746,/root/autodl-tmp/jina_resource_matrix/models/jina-embeddings-v3,2,on,True,Tesla V100S-PCIE-32GB,4,1,2560,2560,2,0,276.166,9269.78,49.085,172.704,199.268,46.744896,ok,
1770005026033,/root/autodl-tmp/jina_resource_matrix/models/jina-embeddings-v3,2,on,True,Tesla V100S-PCIE-32GB,4,1,2560,2560,3,0,273.061,9375.21,51.291,160.788,197.607,44.445663,ok,
1770005027357,/root/autodl-tmp/jina_resource_matrix/models/jina-embeddings-v3,2,on,True,Tesla V100S-PCIE-32GB,4,1,2560,2560,4,0,271.221,9438.808,52.987,176.087,217.842,48.556623,ok,
1770005036277,/root/autodl-tmp/jina_resource_matrix/models/jina-embeddings-v3,2,on,True,Tesla V100S-PCIE-32GB,4,1,2816,2816,0,0,319.597,8811.09,53.493,169.653,195.372,50.06097,ok,
1770005037618,/root/autodl-tmp/jina_resource_matrix/models/jina-embeddings-v3,2,on,True,Tesla V100S-PCIE-32GB,4,1,2816,2816,1,0,318.692,8836.118,51.482,175.321,198.127,55.671856,ok,
1770005038965,/root/autodl-tmp/jina_resource_matrix/models/jina-embeddings-v3,2,on,True,Tesla V100S-PCIE-32GB,4,1,2816,2816,2,0,318.104,8852.45,54.751,174.191,212.227,54.255861,ok,
1770005040301,/root/autodl-tmp/jina_resource_matrix/models/jina-embeddings-v3,2,on,True,Tesla V100S-PCIE-32GB,4,1,2816,2816,3,0,317.407,8871.893,56.211,176.131,209.948,56.625437,ok,
1770005041645,/root/autodl-tmp/jina_resource_matrix/models/jina-embeddings-v3,2,on,True,Tesla V100S-PCIE-32GB,4,1,2816,2816,4,0,316.733,8890.779,54.502,176.348,215.697,55.493785,ok,
1770005050565,/root/autodl-tmp/jina_resource_matrix/models/jina-embeddings-v3,2,on,True,Tesla V100S-PCIE-32GB,4,1,3072,3072,0,0,357.389,8595.677,58.209,175.945,211.032,62.989767,ok,
1770005051962,/root/autodl-tmp/jina_resource_matrix/models/jina-embeddings-v3,2,on,True,Tesla V100S-PCIE-32GB,4,1,3072,3072,1,0,358.493,8569.197,55.106,175.575,212.204,61.99753,ok,
1770005053328,/root/autodl-tmp/jina_resource_matrix/models/jina-embeddings-v3,2,on,True,Tesla V100S-PCIE-32GB,4,1,3072,3072,2,0,359.269,8550.693,56.665,174.737,208.77,63.250768,ok,
1770005054722,/root/autodl-tmp/jina_resource_matrix/models/jina-embeddings-v3,2,on,True,Tesla V100S-PCIE-32GB,4,1,3072,3072,3,0,356.372,8620.197,54.45,177.79,207.073,60.98209,ok,
1770005056097,/root/autodl-tmp/jina_resource_matrix/models/jina-embeddings-v3,2,on,True,Tesla V100S-PCIE-32GB,4,1,3072,3072,4,0,360.693,8516.939,53.21,166.844,198.47,62.42778,ok,
1770005065333,/root/autodl-tmp/jina_resource_matrix/models/jina-embeddings-v3,2,on,True,Tesla V100S-PCIE-32GB,4,1,3328,3328,0,0,406.747,8181.998,52.85,175.395,198.349,73.324752,ok,
1770005066782,/root/autodl-tmp/jina_resource_matrix/models/jina-embeddings-v3,2,on,True,Tesla V100S-PCIE-32GB,4,1,3328,3328,1,0,404.186,8233.833,50.206,177.208,200.267,71.400012,ok,
1770005068217,/root/autodl-tmp/jina_resource_matrix/models/jina-embeddings-v3,2,on,True,Tesla V100S-PCIE-32GB,4,1,3328,3328,2,0,405.211,8213.006,51.997,176.333,197.371,71.377308,ok,
1770005069659,/root/autodl-tmp/jina_resource_matrix/models/jina-embeddings-v3,2,on,True,Tesla V100S-PCIE-32GB,4,1,3328,3328,3,0,401.64,8286.019,55.207,178.945,210.338,70.105205,ok,
1770005071084,/root/autodl-tmp/jina_resource_matrix/models/jina-embeddings-v3,2,on,True,Tesla V100S-PCIE-32GB,4,1,3328,3328,4,0,403.473,8248.381,53.909,174.62,198.396,70.234807,ok,
1770005080422,/root/autodl-tmp/jina_resource_matrix/models/jina-embeddings-v3,2,on,True,Tesla V100S-PCIE-32GB,4,1,3584,3584,0,0,440.323,8139.477,57.579,175.656,205.978,76.7872,ok,
1770005081885,/root/autodl-tmp/jina_resource_matrix/models/jina-embeddings-v3,2,on,True,Tesla V100S-PCIE-32GB,4,1,3584,3584,1,0,443.142,8087.702,51.352,177.401,196.658,77.119637,ok,
1770005083351,/root/autodl-tmp/jina_resource_matrix/models/jina-embeddings-v3,2,on,True,Tesla V100S-PCIE-32GB,4,1,3584,3584,2,0,443.34,8084.083,52.833,176.572,199.375,76.650327,ok,
1770005084814,/root/autodl-tmp/jina_resource_matrix/models/jina-embeddings-v3,2,on,True,Tesla V100S-PCIE-32GB,4,1,3584,3584,3,0,440.706,8132.41,56.548,178.266,206.912,78.080949,ok,
1770005086283,/root/autodl-tmp/jina_resource_matrix/models/jina-embeddings-v3,2,on,True,Tesla V100S-PCIE-32GB,4,1,3584,3584,4,0,442.727,8095.281,50.227,177.375,197.258,80.883612,ok,
1770005095744,/root/autodl-tmp/jina_resource_matrix/models/jina-embeddings-v3,2,on,True,Tesla V100S-PCIE-32GB,4,1,3840,3840,0,0,477.359,8044.263,57.47,177.951,206.571,85.364087,ok,
1770005097253,/root/autodl-tmp/jina_resource_matrix/models/jina-embeddings-v3,2,on,True,Tesla V100S-PCIE-32GB,4,1,3840,3840,1,0,476.128,8065.052,55.902,178.425,216.474,83.265169,ok,
1770005098733,/root/autodl-tmp/jina_resource_matrix/models/jina-embeddings-v3,2,on,True,Tesla V100S-PCIE-32GB,4,1,3840,3840,2,0,476.966,8050.89,54.553,181.141,207.22,84.060013,ok,
1770005100230,/root/autodl-tmp/jina_resource_matrix/models/jina-embeddings-v3,2,on,True,Tesla V100S-PCIE-32GB,4,1,3840,3840,3,0,478.831,8019.53,50.89,169.531,199.924,51.974278,ok,
1770005101737,/root/autodl-tmp/jina_resource_matrix/models/jina-embeddings-v3,2,on,True,Tesla V100S-PCIE-32GB,4,1,3840,3840,4,0,478.441,8026.064,49.072,178.218,200.919,87.685431,ok,
1770005111388,/root/autodl-tmp/jina_resource_matrix/models/jina-embeddings-v3,2,on,True,Tesla V100S-PCIE-32GB,4,1,4096,4096,0,0,529.743,7732.055,58.674,178.601,213.608,94.378771,ok,
1770005112936,/root/autodl-tmp/jina_resource_matrix/models/jina-embeddings-v3,2,on,True,Tesla V100S-PCIE-32GB,4,1,4096,4096,1,0,531.878,7701.014,55.535,179.614,217.94,96.814615,ok,
1770005114492,/root/autodl-tmp/jina_resource_matrix/models/jina-embeddings-v3,2,on,True,Tesla V100S-PCIE-32GB,4,1,4096,4096,2,0,530.91,7715.048,52.217,183.687,213.506,98.094646,ok,
1770005116057,/root/autodl-tmp/jina_resource_matrix/models/jina-embeddings-v3,2,on,True,Tesla V100S-PCIE-32GB,4,1,4096,4096,3,0,531.756,7702.786,50.615,180.71,200.435,94.928449,ok,
1770005117612,/root/autodl-tmp/jina_resource_matrix/models/jina-embeddings-v3,2,on,True,Tesla V100S-PCIE-32GB,4,1,4096,4096,4,0,531.405,7707.866,52.945,180.7,200.374,97.212617,ok,
1770005126529,/root/autodl-tmp/jina_resource_matrix/models/jina-embeddings-v3,1,on,True,Tesla V100S-PCIE-32GB,2,1,256,256,0,0,38.621,6628.486,50.182,,,,ok,
1770005127592,/root/autodl-tmp/jina_resource_matrix/models/jina-embeddings-v3,1,on,True,Tesla V100S-PCIE-32GB,2,1,256,256,1,0,37.255,6871.552,48.964,,,,ok,
1770005128658,/root/autodl-tmp/jina_resource_matrix/models/jina-embeddings-v3,1,on,True,Tesla V100S-PCIE-32GB,2,1,256,256,2,0,37.674,6795.189,48.898,,,,ok,
1770005129698,/root/autodl-tmp/jina_resource_matrix/models/jina-embeddings-v3,1,on,True,Tesla V100S-PCIE-32GB,2,1,256,256,3,0,42.544,6017.282,49.527,63.588,79.586,2.542073,ok,
1770005130776,/root/autodl-tmp/jina_resource_matrix/models/jina-embeddings-v3,1,on,True,Tesla V100S-PCIE-32GB,2,1,256,256,4,0,37.069,6906.025,47.922,,,,ok,
1770005139348,/root/autodl-tmp/jina_resource_matrix/models/jina-embeddings-v3,1,on,True,Tesla V100S-PCIE-32GB,2,1,512,512,0,0,48.96,10457.574,56.913,125.688,140.425,6.149342,ok,
1770005140432,/root/autodl-tmp/jina_resource_matrix/models/jina-embeddings-v3,1,on,True,Tesla V100S-PCIE-32GB,2,1,512,512,1,0,49.623,10317.744,54.663,134.69,161.347,6.242708,ok,
1770005141517,/root/autodl-tmp/jina_resource_matrix/models/jina-embeddings-v3,1,on,True,Tesla V100S-PCIE-32GB,2,1,512,512,2,0,49.007,10447.551,55.175,125.58,156.191,4.717732,ok,
1770005142583,/root/autodl-tmp/jina_resource_matrix/models/jina-embeddings-v3,1,on,True,Tesla V100S-PCIE-32GB,2,1,512,512,3,0,49.042,10440.135,55.654,,,,ok,
1770005143651,/root/autodl-tmp/jina_resource_matrix/models/jina-embeddings-v3,1,on,True,Tesla V100S-PCIE-32GB,2,1,512,512,4,0,49.233,10399.487,56.318,129.625,155.008,4.837205,ok,
1770005152108,/root/autodl-tmp/jina_resource_matrix/models/jina-embeddings-v3,1,on,True,Tesla V100S-PCIE-32GB,2,1,768,768,0,0,67.839,11320.937,58.739,172.367,185.533,8.519871,ok,
1770005153193,/root/autodl-tmp/jina_resource_matrix/models/jina-embeddings-v3,1,on,True,Tesla V100S-PCIE-32GB,2,1,768,768,1,0,67.293,11412.749,57.057,142.71,186.433,6.984454,ok,
1770005154282,/root/autodl-tmp/jina_resource_matrix/models/jina-embeddings-v3,1,on,True,Tesla V100S-PCIE-32GB,2,1,768,768,2,0,66.843,11489.645,57.397,172.116,187.165,8.141116,ok,
1770005155369,/root/autodl-tmp/jina_resource_matrix/models/jina-embeddings-v3,1,on,True,Tesla V100S-PCIE-32GB,2,1,768,768,3,0,66.279,11587.434,58.314,173.732,186.579,8.413647,ok,
1770005156444,/root/autodl-tmp/jina_resource_matrix/models/jina-embeddings-v3,1,on,True,Tesla V100S-PCIE-32GB,2,1,768,768,4,0,66.862,11486.327,57.092,161.567,190.205,9.683119,ok,
1770005165049,/root/autodl-tmp/jina_resource_matrix/models/jina-embeddings-v3,1,on,True,Tesla V100S-PCIE-32GB,2,1,1024,1024,0,0,101.097,10128.875,44.367,122.679,129.742,11.411011,ok,
1770005166182,/root/autodl-tmp/jina_resource_matrix/models/jina-embeddings-v3,1,on,True,Tesla V100S-PCIE-32GB,2,1,1024,1024,1,0,92.109,11117.267,49.278,153.395,175.876,13.040175,ok,
1770005167300,/root/autodl-tmp/jina_resource_matrix/models/jina-embeddings-v3,1,on,True,Tesla V100S-PCIE-32GB,2,1,1024,1024,2,0,88.765,11536.06,54.097,175.025,199.28,12.951813,ok,
1770005168410,/root/autodl-tmp/jina_resource_matrix/models/jina-embeddings-v3,1,on,True,Tesla V100S-PCIE-32GB,2,1,1024,1024,3,0,89.828,11399.501,53.822,164.441,190.205,13.404173,ok,
1770005169530,/root/autodl-tmp/jina_resource_matrix/models/jina-embeddings-v3,1,on,True,Tesla V100S-PCIE-32GB,2,1,1024,1024,4,0,90.218,11350.336,54.287,163.381,197.602,11.859092,ok,
1770005177999,/root/autodl-tmp/jina_resource_matrix/models/jina-embeddings-v3,1,on,True,Tesla V100S-PCIE-32GB,2,1,1280,1280,0,0,110.269,11607.995,55.75,186.119,210.987,20.15802,ok,
1770005179138,/root/autodl-tmp/jina_resource_matrix/models/jina-embeddings-v3,1,on,True,Tesla V100S-PCIE-32GB,2,1,1280,1280,1,0,112.743,11353.241,49.865,174.806,193.853,19.139449,ok,
1770005180279,/root/autodl-tmp/jina_resource_matrix/models/jina-embeddings-v3,1,on,True,Tesla V100S-PCIE-32GB,2,1,1280,1280,2,0,112.19,11409.167,50.613,174.173,197.356,19.307321,ok,
1770005181418,/root/autodl-tmp/jina_resource_matrix/models/jina-embeddings-v3,1,on,True,Tesla V100S-PCIE-32GB,2,1,1280,1280,3,0,110.842,11547.995,54.123,181.892,208.841,17.111032,ok,
1770005182540,/root/autodl-tmp/jina_resource_matrix/models/jina-embeddings-v3,1,on,True,Tesla V100S-PCIE-32GB,2,1,1280,1280,4,0,113.395,11287.931,52.529,167.343,194.676,15.675439,ok,
1770005191409,/root/autodl-tmp/jina_resource_matrix/models/jina-embeddings-v3,1,on,True,Tesla V100S-PCIE-32GB,2,1,1536,1536,0,0,151.981,10106.519,57.735,178.514,194.097,25.899985,ok,
1770005192593,/root/autodl-tmp/jina_resource_matrix/models/jina-embeddings-v3,1,on,True,Tesla V100S-PCIE-32GB,2,1,1536,1536,1,0,151.583,10133.081,54.544,187.369,201.527,26.054889,ok,
1770005193766,/root/autodl-tmp/jina_resource_matrix/models/jina-embeddings-v3,1,on,True,Tesla V100S-PCIE-32GB,2,1,1536,1536,2,0,152.431,10076.705,55.213,182.405,197.537,24.396555,ok,
1770005194933,/root/autodl-tmp/jina_resource_matrix/models/jina-embeddings-v3,1,on,True,Tesla V100S-PCIE-32GB,2,1,1536,1536,3,0,152.036,10102.842,56.275,174.137,195.417,24.56416,ok,
1770005196102,/root/autodl-tmp/jina_resource_matrix/models/jina-embeddings-v3,1,on,True,Tesla V100S-PCIE-32GB,2,1,1536,1536,4,0,152.167,10094.183,55.039,182.991,199.056,24.931299,ok,
1770005204763,/root/autodl-tmp/jina_resource_matrix/models/jina-embeddings-v3,1,on,True,Tesla V100S-PCIE-32GB,2,1,1792,1792,0,0,181.589,9868.432,58.179,179.695,200.081,32.199614,ok,
1770005205970,/root/autodl-tmp/jina_resource_matrix/models/jina-embeddings-v3,1,on,True,Tesla V100S-PCIE-32GB,2,1,1792,1792,1,0,179.495,9983.546,54.089,179.443,202.516,29.769374,ok,
1770005207175,/root/autodl-tmp/jina_resource_matrix/models/jina-embeddings-v3,1,on,True,Tesla V100S-PCIE-32GB,2,1,1792,1792,2,0,181.829,9855.402,54.647,178.854,200.811,32.042706,ok,
1770005208393,/root/autodl-tmp/jina_resource_matrix/models/jina-embeddings-v3,1,on,True,Tesla V100S-PCIE-32GB,2,1,1792,1792,3,0,179.714,9971.414,51.675,178.927,196.014,27.227049,ok,
1770005209598,/root/autodl-tmp/jina_resource_matrix/models/jina-embeddings-v3,1,on,True,Tesla V100S-PCIE-32GB,2,1,1792,1792,4,0,179.803,9966.469,55.274,174.643,195.777,30.783875,ok,
1770005218653,/root/autodl-tmp/jina_resource_matrix/models/jina-embeddings-v3,1,on,True,Tesla V100S-PCIE-32GB,2,1,2048,2048,0,0,209.691,9766.739,51.808,181.55,198.764,34.587467,ok,
1770005219876,/root/autodl-tmp/jina_resource_matrix/models/jina-embeddings-v3,1,on,True,Tesla V100S-PCIE-32GB,2,1,2048,2048,1,0,209.802,9761.578,54.673,180.382,208.164,36.243707,ok,
1770005221114,/root/autodl-tmp/jina_resource_matrix/models/jina-embeddings-v3,1,on,True,Tesla V100S-PCIE-32GB,2,1,2048,2048,2,0,208.16,9838.578,53.762,185.172,204.088,37.605511,ok,
1770005222353,/root/autodl-tmp/jina_resource_matrix/models/jina-embeddings-v3,1,on,True,Tesla V100S-PCIE-32GB,2,1,2048,2048,3,0,209.074,9795.596,51.512,181.345,197.422,34.074175,ok,
1770005223578,/root/autodl-tmp/jina_resource_matrix/models/jina-embeddings-v3,1,on,True,Tesla V100S-PCIE-32GB,2,1,2048,2048,4,0,207.625,9863.953,56.681,182.488,207.982,34.495274,ok,
1770005232644,/root/autodl-tmp/jina_resource_matrix/models/jina-embeddings-v3,1,on,True,Tesla V100S-PCIE-32GB,2,1,2304,2304,0,0,240.966,9561.531,57.27,184.007,202.389,43.077107,ok,
1770005233907,/root/autodl-tmp/jina_resource_matrix/models/jina-embeddings-v3,1,on,True,Tesla V100S-PCIE-32GB,2,1,2304,2304,1,0,247.141,9322.618,51.255,174.663,197.346,41.471074,ok,
1770005235184,/root/autodl-tmp/jina_resource_matrix/models/jina-embeddings-v3,1,on,True,Tesla V100S-PCIE-32GB,2,1,2304,2304,2,0,241.623,9535.519,53.852,190.742,206.624,44.419602,ok,
1770005236458,/root/autodl-tmp/jina_resource_matrix/models/jina-embeddings-v3,1,on,True,Tesla V100S-PCIE-32GB,2,1,2304,2304,3,0,242.592,9497.415,52.109,184.982,198.499,41.911777,ok,
1770005237709,/root/autodl-tmp/jina_resource_matrix/models/jina-embeddings-v3,1,on,True,Tesla V100S-PCIE-32GB,2,1,2304,2304,4,0,242.062,9518.21,55.511,189.481,205.687,44.518464,ok,
1770005246806,/root/autodl-tmp/jina_resource_matrix/models/jina-embeddings-v3,1,on,True,Tesla V100S-PCIE-32GB,2,1,2560,2560,0,0,272.904,9380.591,52.644,187.958,196.052,45.016366,ok,
1770005248104,/root/autodl-tmp/jina_resource_matrix/models/jina-embeddings-v3,1,on,True,Tesla V100S-PCIE-32GB,2,1,2560,2560,1,0,270.005,9481.298,54.141,184.569,220.313,47.596211,ok,
1770005249383,/root/autodl-tmp/jina_resource_matrix/models/jina-embeddings-v3,1,on,True,Tesla V100S-PCIE-32GB,2,1,2560,2560,2,0,272.058,9409.75,51.018,183.173,197.935,49.390912,ok,
1770005250697,/root/autodl-tmp/jina_resource_matrix/models/jina-embeddings-v3,1,on,True,Tesla V100S-PCIE-32GB,2,1,2560,2560,3,0,270.511,9463.574,53.863,187.082,217.945,48.45467,ok,
1770005251996,/root/autodl-tmp/jina_resource_matrix/models/jina-embeddings-v3,1,on,True,Tesla V100S-PCIE-32GB,2,1,2560,2560,4,0,271.958,9413.231,50.78,189.995,198.702,48.428924,ok,
1770005261108,/root/autodl-tmp/jina_resource_matrix/models/jina-embeddings-v3,1,on,True,Tesla V100S-PCIE-32GB,2,1,2816,2816,0,0,315.553,8924.017,58.21,175.212,191.89,51.192915,ok,
1770005262465,/root/autodl-tmp/jina_resource_matrix/models/jina-embeddings-v3,1,on,True,Tesla V100S-PCIE-32GB,2,1,2816,2816,1,0,316.107,8908.382,50.363,185.838,200.405,55.768744,ok,
1770005263801,/root/autodl-tmp/jina_resource_matrix/models/jina-embeddings-v3,1,on,True,Tesla V100S-PCIE-32GB,2,1,2816,2816,2,0,317.769,8861.775,52.554,186.816,197.146,58.411857,ok,
1770005265144,/root/autodl-tmp/jina_resource_matrix/models/jina-embeddings-v3,1,on,True,Tesla V100S-PCIE-32GB,2,1,2816,2816,3,0,316.848,8887.541,50.79,186.444,198.432,55.131482,ok,
1770005266472,/root/autodl-tmp/jina_resource_matrix/models/jina-embeddings-v3,1,on,True,Tesla V100S-PCIE-32GB,2,1,2816,2816,4,0,316.014,8911.003,50.909,186.337,199.37,55.627465,ok,
1770005275972,/root/autodl-tmp/jina_resource_matrix/models/jina-embeddings-v3,1,on,True,Tesla V100S-PCIE-32GB,2,1,3072,3072,0,0,356.133,8625.985,55.89,184.824,198.119,61.695256,ok,
1770005277365,/root/autodl-tmp/jina_resource_matrix/models/jina-embeddings-v3,1,on,True,Tesla V100S-PCIE-32GB,2,1,3072,3072,1,0,373.525,8224.356,50.321,175.111,201.648,63.513392,ok,
1770005278781,/root/autodl-tmp/jina_resource_matrix/models/jina-embeddings-v3,1,on,True,Tesla V100S-PCIE-32GB,2,1,3072,3072,2,0,358.369,8572.173,49.773,185.826,202.194,64.914989,ok,
1770005280191,/root/autodl-tmp/jina_resource_matrix/models/jina-embeddings-v3,1,on,True,Tesla V100S-PCIE-32GB,2,1,3072,3072,3,0,356.482,8617.545,54.095,185.854,209.607,61.694034,ok,
1770005281560,/root/autodl-tmp/jina_resource_matrix/models/jina-embeddings-v3,1,on,True,Tesla V100S-PCIE-32GB,2,1,3072,3072,4,0,358.946,8558.4,50.33,187.451,203.037,64.799829,ok,
1770005291258,/root/autodl-tmp/jina_resource_matrix/models/jina-embeddings-v3,1,on,True,Tesla V100S-PCIE-32GB,2,1,3328,3328,0,0,406.089,8195.246,56.006,178.032,203.936,68.606098,ok,
1770005292685,/root/autodl-tmp/jina_resource_matrix/models/jina-embeddings-v3,1,on,True,Tesla V100S-PCIE-32GB,2,1,3328,3328,1,0,402.341,8271.598,52.186,184.481,200.238,70.462536,ok,
1770005294105,/root/autodl-tmp/jina_resource_matrix/models/jina-embeddings-v3,1,on,True,Tesla V100S-PCIE-32GB,2,1,3328,3328,2,0,404.984,8217.609,55.326,182.073,206.547,73.39285,ok,
1770005295544,/root/autodl-tmp/jina_resource_matrix/models/jina-embeddings-v3,1,on,True,Tesla V100S-PCIE-32GB,2,1,3328,3328,3,0,402.843,8261.278,50.495,184.456,200.415,71.872911,ok,
1770005296975,/root/autodl-tmp/jina_resource_matrix/models/jina-embeddings-v3,1,on,True,Tesla V100S-PCIE-32GB,2,1,3328,3328,4,0,402.338,8271.661,55.082,183.981,202.933,71.171289,ok,
1770005306440,/root/autodl-tmp/jina_resource_matrix/models/jina-embeddings-v3,1,on,True,Tesla V100S-PCIE-32GB,2,1,3584,3584,0,0,442.537,8098.757,53.732,187.46,196.601,79.326152,ok,
1770005307896,/root/autodl-tmp/jina_resource_matrix/models/jina-embeddings-v3,1,on,True,Tesla V100S-PCIE-32GB,2,1,3584,3584,1,0,439.975,8145.926,54.798,186.361,216.041,81.044138,ok,
1770005309399,/root/autodl-tmp/jina_resource_matrix/models/jina-embeddings-v3,1,on,True,Tesla V100S-PCIE-32GB,2,1,3584,3584,2,0,441.303,8121.395,55.209,190.636,220.098,83.857347,ok,
1770005310884,/root/autodl-tmp/jina_resource_matrix/models/jina-embeddings-v3,1,on,True,Tesla V100S-PCIE-32GB,2,1,3584,3584,3,0,443.678,8077.923,50.135,185.776,197.739,82.194746,ok,
1770005312351,/root/autodl-tmp/jina_resource_matrix/models/jina-embeddings-v3,1,on,True,Tesla V100S-PCIE-32GB,2,1,3584,3584,4,0,458.887,7810.204,49.83,178.765,199.827,74.177814,ok,
1770005322450,/root/autodl-tmp/jina_resource_matrix/models/jina-embeddings-v3,1,on,True,Tesla V100S-PCIE-32GB,2,1,3840,3840,0,0,478.296,8028.504,56.912,181.887,206.245,83.482754,ok,
1770005323940,/root/autodl-tmp/jina_resource_matrix/models/jina-embeddings-v3,1,on,True,Tesla V100S-PCIE-32GB,2,1,3840,3840,1,0,475.431,8076.886,55.981,186.62,221.061,79.247137,ok,
1770005325428,/root/autodl-tmp/jina_resource_matrix/models/jina-embeddings-v3,1,on,True,Tesla V100S-PCIE-32GB,2,1,3840,3840,2,0,477.298,8045.292,51.67,188.861,199.086,86.24507,ok,
1770005326921,/root/autodl-tmp/jina_resource_matrix/models/jina-embeddings-v3,1,on,True,Tesla V100S-PCIE-32GB,2,1,3840,3840,3,0,477.838,8036.192,51.907,184.234,198.854,87.184779,ok,
1770005328425,/root/autodl-tmp/jina_resource_matrix/models/jina-embeddings-v3,1,on,True,Tesla V100S-PCIE-32GB,2,1,3840,3840,4,0,481.823,7969.724,48.946,185.274,201.335,89.45464,ok,
1770005338256,/root/autodl-tmp/jina_resource_matrix/models/jina-embeddings-v3,1,on,True,Tesla V100S-PCIE-32GB,2,1,4096,4096,0,0,529.495,7735.666,59.137,185.307,210.195,96.408188,ok,
1770005339808,/root/autodl-tmp/jina_resource_matrix/models/jina-embeddings-v3,1,on,True,Tesla V100S-PCIE-32GB,2,1,4096,4096,1,0,532.878,7686.557,55.396,182.418,218.329,87.875936,ok,
1770005341367,/root/autodl-tmp/jina_resource_matrix/models/jina-embeddings-v3,1,on,True,Tesla V100S-PCIE-32GB,2,1,4096,4096,2,0,536.855,7629.618,53.953,182.169,207.919,96.704393,ok,
1770005342938,/root/autodl-tmp/jina_resource_matrix/models/jina-embeddings-v3,1,on,True,Tesla V100S-PCIE-32GB,2,1,4096,4096,3,0,535.951,7642.491,50.442,183.731,198.403,97.397879,ok,
1770005344504,/root/autodl-tmp/jina_resource_matrix/models/jina-embeddings-v3,1,on,True,Tesla V100S-PCIE-32GB,2,1,4096,4096,4,0,535.874,7643.583,49.873,181.956,200.406,95.306322,ok,
