timestamp_ms,model_name,cpu_cores,gpu_mode,cuda_available,gpu_name,mem_cap_gb,batch_size,max_length,input_len_tokens,repeat_idx,warmup,latency_ms,tokens_per_s_est,avg_power_w,peak_power_w,energy_j,status,error
1769867777607,/root/autodl-tmp/jina_resource_matrix/models/jina-embeddings-v3,8,on,True,Tesla V100S-PCIE-32GB,16,1,256,256,0,0,35.586,7193.816,69.218,116.83,18.371536,ok,
1769867777927,/root/autodl-tmp/jina_resource_matrix/models/jina-embeddings-v3,8,on,True,Tesla V100S-PCIE-32GB,16,1,256,256,1,0,35.838,7143.23,64.973,120.221,17.944182,ok,
1769867778249,/root/autodl-tmp/jina_resource_matrix/models/jina-embeddings-v3,8,on,True,Tesla V100S-PCIE-32GB,16,1,256,256,2,0,35.764,7158.04,64.564,116.733,17.651552,ok,
1769867778568,/root/autodl-tmp/jina_resource_matrix/models/jina-embeddings-v3,8,on,True,Tesla V100S-PCIE-32GB,16,1,256,256,3,0,35.732,7164.392,64.921,119.272,17.859586,ok,
1769867778889,/root/autodl-tmp/jina_resource_matrix/models/jina-embeddings-v3,8,on,True,Tesla V100S-PCIE-32GB,16,1,256,256,4,0,35.824,7145.988,65.131,120.006,17.917358,ok,
1769867786053,/root/autodl-tmp/jina_resource_matrix/models/jina-embeddings-v3,8,on,True,Tesla V100S-PCIE-32GB,16,1,512,512,0,0,60.539,8457.324,62.164,106.714,16.376344,ok,
1769867786382,/root/autodl-tmp/jina_resource_matrix/models/jina-embeddings-v3,8,on,True,Tesla V100S-PCIE-32GB,16,1,512,512,1,0,60.638,8443.524,54.155,90.685,14.172838,ok,
1769867786703,/root/autodl-tmp/jina_resource_matrix/models/jina-embeddings-v3,8,on,True,Tesla V100S-PCIE-32GB,16,1,512,512,2,0,60.237,8499.803,53.835,90.216,14.11128,ok,
1769867787024,/root/autodl-tmp/jina_resource_matrix/models/jina-embeddings-v3,8,on,True,Tesla V100S-PCIE-32GB,16,1,512,512,3,0,60.39,8478.292,54.371,91.977,14.244962,ok,
1769867787344,/root/autodl-tmp/jina_resource_matrix/models/jina-embeddings-v3,8,on,True,Tesla V100S-PCIE-32GB,16,1,512,512,4,0,60.13,8514.834,53.143,104.909,14.844413,ok,
1769867794493,/root/autodl-tmp/jina_resource_matrix/models/jina-embeddings-v3,8,on,True,Tesla V100S-PCIE-32GB,16,1,768,768,0,0,75.661,10150.483,82.397,166.644,26.119015,ok,
1769867794867,/root/autodl-tmp/jina_resource_matrix/models/jina-embeddings-v3,8,on,True,Tesla V100S-PCIE-32GB,16,1,768,768,1,0,69.475,11054.384,87.51,187.008,21.651312,ok,
1769867795191,/root/autodl-tmp/jina_resource_matrix/models/jina-embeddings-v3,8,on,True,Tesla V100S-PCIE-32GB,16,1,768,768,2,0,69.608,11033.181,88.061,212.235,30.154165,ok,
1769867795564,/root/autodl-tmp/jina_resource_matrix/models/jina-embeddings-v3,8,on,True,Tesla V100S-PCIE-32GB,16,1,768,768,3,0,69.13,11109.551,93.71,213.437,23.120846,ok,
1769867795884,/root/autodl-tmp/jina_resource_matrix/models/jina-embeddings-v3,8,on,True,Tesla V100S-PCIE-32GB,16,1,768,768,4,0,69.225,11094.246,95.071,212.753,23.510794,ok,
1769867803084,/root/autodl-tmp/jina_resource_matrix/models/jina-embeddings-v3,8,on,True,Tesla V100S-PCIE-32GB,16,1,1024,1024,0,0,88.925,11515.368,127.445,254.199,41.094991,ok,
1769867803465,/root/autodl-tmp/jina_resource_matrix/models/jina-embeddings-v3,8,on,True,Tesla V100S-PCIE-32GB,16,1,1024,1024,1,0,89.032,11501.429,102.197,248.401,34.553694,ok,
1769867803838,/root/autodl-tmp/jina_resource_matrix/models/jina-embeddings-v3,8,on,True,Tesla V100S-PCIE-32GB,16,1,1024,1024,2,0,90.35,11333.713,99.912,248.03,34.199639,ok,
1769867804216,/root/autodl-tmp/jina_resource_matrix/models/jina-embeddings-v3,8,on,True,Tesla V100S-PCIE-32GB,16,1,1024,1024,3,0,88.707,11543.563,100.619,250.733,35.799103,ok,
1769867804598,/root/autodl-tmp/jina_resource_matrix/models/jina-embeddings-v3,8,on,True,Tesla V100S-PCIE-32GB,16,1,1024,1024,4,0,88.798,11531.785,99.077,249.296,33.836512,ok,
1769867811929,/root/autodl-tmp/jina_resource_matrix/models/jina-embeddings-v3,8,on,True,Tesla V100S-PCIE-32GB,16,1,1280,1280,0,0,114.019,11226.231,135.64,258.559,41.69196,ok,
1769867812304,/root/autodl-tmp/jina_resource_matrix/models/jina-embeddings-v3,8,on,True,Tesla V100S-PCIE-32GB,16,1,1280,1280,1,0,111.221,11508.66,113.993,260.293,36.791105,ok,
1769867812676,/root/autodl-tmp/jina_resource_matrix/models/jina-embeddings-v3,8,on,True,Tesla V100S-PCIE-32GB,16,1,1280,1280,2,0,110.884,11543.551,113.685,251.348,41.535622,ok,
1769867813063,/root/autodl-tmp/jina_resource_matrix/models/jina-embeddings-v3,8,on,True,Tesla V100S-PCIE-32GB,16,1,1280,1280,3,0,112.571,11370.577,110.623,247.891,35.300029,ok,
1769867813435,/root/autodl-tmp/jina_resource_matrix/models/jina-embeddings-v3,8,on,True,Tesla V100S-PCIE-32GB,16,1,1280,1280,4,0,112.421,11385.794,110.038,246.842,36.864005,ok,
1769867820837,/root/autodl-tmp/jina_resource_matrix/models/jina-embeddings-v3,8,on,True,Tesla V100S-PCIE-32GB,16,1,1536,1536,0,0,152.626,10063.845,140.759,258.317,51.952676,ok,
1769867821263,/root/autodl-tmp/jina_resource_matrix/models/jina-embeddings-v3,8,on,True,Tesla V100S-PCIE-32GB,16,1,1536,1536,1,0,151.422,10143.867,123.744,253.618,49.073957,ok,
1769867821692,/root/autodl-tmp/jina_resource_matrix/models/jina-embeddings-v3,8,on,True,Tesla V100S-PCIE-32GB,16,1,1536,1536,2,0,152.785,10053.323,119.864,248.363,47.111515,ok,
1769867822120,/root/autodl-tmp/jina_resource_matrix/models/jina-embeddings-v3,8,on,True,Tesla V100S-PCIE-32GB,16,1,1536,1536,3,0,152.084,10099.69,120.915,253.726,48.178564,ok,
1769867822549,/root/autodl-tmp/jina_resource_matrix/models/jina-embeddings-v3,8,on,True,Tesla V100S-PCIE-32GB,16,1,1536,1536,4,0,154.348,9951.545,112.34,246.518,43.955031,ok,
1769867830035,/root/autodl-tmp/jina_resource_matrix/models/jina-embeddings-v3,8,on,True,Tesla V100S-PCIE-32GB,16,1,1792,1792,0,0,180.489,9928.593,146.197,250.176,63.249746,ok,
1769867830515,/root/autodl-tmp/jina_resource_matrix/models/jina-embeddings-v3,8,on,True,Tesla V100S-PCIE-32GB,16,1,1792,1792,1,0,180.321,9937.847,132.502,260.769,60.957269,ok,
1769867830997,/root/autodl-tmp/jina_resource_matrix/models/jina-embeddings-v3,8,on,True,Tesla V100S-PCIE-32GB,16,1,1792,1792,2,0,181.855,9854.019,126.496,245.225,57.967521,ok,
1769867831477,/root/autodl-tmp/jina_resource_matrix/models/jina-embeddings-v3,8,on,True,Tesla V100S-PCIE-32GB,16,1,1792,1792,3,0,181.869,9853.231,129.536,251.399,59.265349,ok,
1769867831958,/root/autodl-tmp/jina_resource_matrix/models/jina-embeddings-v3,8,on,True,Tesla V100S-PCIE-32GB,16,1,1792,1792,4,0,181.129,9893.529,135.022,248.587,50.525638,ok,
1769867839625,/root/autodl-tmp/jina_resource_matrix/models/jina-embeddings-v3,8,on,True,Tesla V100S-PCIE-32GB,16,1,2048,2048,0,0,211.119,9700.693,141.957,245.772,67.399436,ok,
1769867840139,/root/autodl-tmp/jina_resource_matrix/models/jina-embeddings-v3,8,on,True,Tesla V100S-PCIE-32GB,16,1,2048,2048,1,0,210.302,9738.393,131.755,250.661,60.012332,ok,
1769867840622,/root/autodl-tmp/jina_resource_matrix/models/jina-embeddings-v3,8,on,True,Tesla V100S-PCIE-32GB,16,1,2048,2048,2,0,208.518,9821.704,132.234,259.431,60.179572,ok,
1769867841108,/root/autodl-tmp/jina_resource_matrix/models/jina-embeddings-v3,8,on,True,Tesla V100S-PCIE-32GB,16,1,2048,2048,3,0,214.627,9542.145,135.083,261.401,61.575461,ok,
1769867841594,/root/autodl-tmp/jina_resource_matrix/models/jina-embeddings-v3,8,on,True,Tesla V100S-PCIE-32GB,16,1,2048,2048,4,0,208.936,9802.057,135.837,260.421,61.412814,ok,
1769867849333,/root/autodl-tmp/jina_resource_matrix/models/jina-embeddings-v3,8,on,True,Tesla V100S-PCIE-32GB,16,1,2304,2304,0,0,245.805,9373.301,154.191,247.315,77.033096,ok,
1769867849874,/root/autodl-tmp/jina_resource_matrix/models/jina-embeddings-v3,8,on,True,Tesla V100S-PCIE-32GB,16,1,2304,2304,1,0,242.321,9508.058,154.262,272.009,70.010198,ok,
1769867850371,/root/autodl-tmp/jina_resource_matrix/models/jina-embeddings-v3,8,on,True,Tesla V100S-PCIE-32GB,16,1,2304,2304,2,0,243.597,9458.262,142.267,264.865,74.09307,ok,
1769867850909,/root/autodl-tmp/jina_resource_matrix/models/jina-embeddings-v3,8,on,True,Tesla V100S-PCIE-32GB,16,1,2304,2304,3,0,244.505,9423.105,139.34,276.293,71.956936,ok,
1769867851444,/root/autodl-tmp/jina_resource_matrix/models/jina-embeddings-v3,8,on,True,Tesla V100S-PCIE-32GB,16,1,2304,2304,4,0,243.488,9462.476,144.434,262.545,73.455223,ok,
1769867859316,/root/autodl-tmp/jina_resource_matrix/models/jina-embeddings-v3,8,on,True,Tesla V100S-PCIE-32GB,16,1,2560,2560,0,0,272.95,9379.018,160.827,249.985,78.554925,ok,
1769867859856,/root/autodl-tmp/jina_resource_matrix/models/jina-embeddings-v3,8,on,True,Tesla V100S-PCIE-32GB,16,1,2560,2560,1,0,272.099,9408.323,150.3,260.101,77.086256,ok,
1769867860397,/root/autodl-tmp/jina_resource_matrix/models/jina-embeddings-v3,8,on,True,Tesla V100S-PCIE-32GB,16,1,2560,2560,2,0,274.462,9327.323,136.589,246.543,74.38638,ok,
1769867860958,/root/autodl-tmp/jina_resource_matrix/models/jina-embeddings-v3,8,on,True,Tesla V100S-PCIE-32GB,16,1,2560,2560,3,0,273.835,9348.681,140.302,249.118,70.553167,ok,
1769867861502,/root/autodl-tmp/jina_resource_matrix/models/jina-embeddings-v3,8,on,True,Tesla V100S-PCIE-32GB,16,1,2560,2560,4,0,272.799,9384.198,149.692,272.813,75.145085,ok,
1769867869389,/root/autodl-tmp/jina_resource_matrix/models/jina-embeddings-v3,8,on,True,Tesla V100S-PCIE-32GB,16,1,2816,2816,0,0,319.441,8815.41,160.755,246.767,89.379526,ok,
1769867869990,/root/autodl-tmp/jina_resource_matrix/models/jina-embeddings-v3,8,on,True,Tesla V100S-PCIE-32GB,16,1,2816,2816,1,0,319.225,8821.369,145.151,250.195,86.115007,ok,
1769867870601,/root/autodl-tmp/jina_resource_matrix/models/jina-embeddings-v3,8,on,True,Tesla V100S-PCIE-32GB,16,1,2816,2816,2,0,318.477,8842.079,147.261,261.695,87.378671,ok,
1769867871215,/root/autodl-tmp/jina_resource_matrix/models/jina-embeddings-v3,8,on,True,Tesla V100S-PCIE-32GB,16,1,2816,2816,3,0,318.569,8839.531,148.043,250.72,87.738187,ok,
1769867871826,/root/autodl-tmp/jina_resource_matrix/models/jina-embeddings-v3,8,on,True,Tesla V100S-PCIE-32GB,16,1,2816,2816,4,0,320.172,8795.284,144.261,249.467,86.232487,ok,
1769867879979,/root/autodl-tmp/jina_resource_matrix/models/jina-embeddings-v3,8,on,True,Tesla V100S-PCIE-32GB,16,1,3072,3072,0,0,358.494,8569.18,175.19,281.564,107.568598,ok,
1769867880624,/root/autodl-tmp/jina_resource_matrix/models/jina-embeddings-v3,8,on,True,Tesla V100S-PCIE-32GB,16,1,3072,3072,1,0,361.204,8504.88,168.068,260.863,94.559815,ok,
1769867881243,/root/autodl-tmp/jina_resource_matrix/models/jina-embeddings-v3,8,on,True,Tesla V100S-PCIE-32GB,16,1,3072,3072,2,0,361.885,8488.889,160.668,268.377,97.794851,ok,
1769867881869,/root/autodl-tmp/jina_resource_matrix/models/jina-embeddings-v3,8,on,True,Tesla V100S-PCIE-32GB,16,1,3072,3072,3,0,361.295,8502.759,154.24,248.814,98.055861,ok,
1769867882520,/root/autodl-tmp/jina_resource_matrix/models/jina-embeddings-v3,8,on,True,Tesla V100S-PCIE-32GB,16,1,3072,3072,4,0,363.496,8451.266,162.666,264.529,103.72567,ok,
1769867890781,/root/autodl-tmp/jina_resource_matrix/models/jina-embeddings-v3,8,on,True,Tesla V100S-PCIE-32GB,16,1,3328,3328,0,0,406.32,8190.587,176.54,249.539,108.247585,ok,
1769867891445,/root/autodl-tmp/jina_resource_matrix/models/jina-embeddings-v3,8,on,True,Tesla V100S-PCIE-32GB,16,1,3328,3328,1,0,405.978,8197.489,166.586,260.41,105.355524,ok,
1769867892107,/root/autodl-tmp/jina_resource_matrix/models/jina-embeddings-v3,8,on,True,Tesla V100S-PCIE-32GB,16,1,3328,3328,2,0,405.362,8209.953,165.9,265.197,114.17,ok,
1769867892812,/root/autodl-tmp/jina_resource_matrix/models/jina-embeddings-v3,8,on,True,Tesla V100S-PCIE-32GB,16,1,3328,3328,3,0,406.626,8184.42,162.409,273.019,110.148157,ok,
1769867893507,/root/autodl-tmp/jina_resource_matrix/models/jina-embeddings-v3,8,on,True,Tesla V100S-PCIE-32GB,16,1,3328,3328,4,0,406.189,8193.231,168.281,264.471,114.680636,ok,
1769867901888,/root/autodl-tmp/jina_resource_matrix/models/jina-embeddings-v3,8,on,True,Tesla V100S-PCIE-32GB,16,1,3584,3584,0,0,445.581,8043.423,179.5,250.451,119.571077,ok,
1769867902600,/root/autodl-tmp/jina_resource_matrix/models/jina-embeddings-v3,8,on,True,Tesla V100S-PCIE-32GB,16,1,3584,3584,1,0,446.409,8028.516,174.626,250.24,116.240181,ok,
1769867903304,/root/autodl-tmp/jina_resource_matrix/models/jina-embeddings-v3,8,on,True,Tesla V100S-PCIE-32GB,16,1,3584,3584,2,0,445.727,8040.79,169.229,247.616,115.852488,ok,
1769867904013,/root/autodl-tmp/jina_resource_matrix/models/jina-embeddings-v3,8,on,True,Tesla V100S-PCIE-32GB,16,1,3584,3584,3,0,448.709,7987.363,163.542,246.522,119.579296,ok,
1769867904761,/root/autodl-tmp/jina_resource_matrix/models/jina-embeddings-v3,8,on,True,Tesla V100S-PCIE-32GB,16,1,3584,3584,4,0,445.2,8050.311,170.722,272.344,117.040395,ok,
1769867913274,/root/autodl-tmp/jina_resource_matrix/models/jina-embeddings-v3,8,on,True,Tesla V100S-PCIE-32GB,16,1,3840,3840,0,0,479.9,8001.661,183.701,270.205,130.453445,ok,
1769867914027,/root/autodl-tmp/jina_resource_matrix/models/jina-embeddings-v3,8,on,True,Tesla V100S-PCIE-32GB,16,1,3840,3840,1,0,491.355,7815.128,172.98,263.18,122.917852,ok,
1769867914774,/root/autodl-tmp/jina_resource_matrix/models/jina-embeddings-v3,8,on,True,Tesla V100S-PCIE-32GB,16,1,3840,3840,2,0,482.794,7953.698,171.18,249.953,130.66788,ok,
1769867915553,/root/autodl-tmp/jina_resource_matrix/models/jina-embeddings-v3,8,on,True,Tesla V100S-PCIE-32GB,16,1,3840,3840,3,0,484.571,7924.54,166.372,294.757,128.90442,ok,
1769867916332,/root/autodl-tmp/jina_resource_matrix/models/jina-embeddings-v3,8,on,True,Tesla V100S-PCIE-32GB,16,1,3840,3840,4,0,482.964,7950.906,174.817,249.574,125.597668,ok,
1769867924836,/root/autodl-tmp/jina_resource_matrix/models/jina-embeddings-v3,8,on,True,Tesla V100S-PCIE-32GB,16,1,4096,4096,0,0,538.787,7602.26,180.879,253.094,141.848717,ok,
1769867925659,/root/autodl-tmp/jina_resource_matrix/models/jina-embeddings-v3,8,on,True,Tesla V100S-PCIE-32GB,16,1,4096,4096,1,0,534.686,7660.573,175.131,295.518,142.352639,ok,
1769867926482,/root/autodl-tmp/jina_resource_matrix/models/jina-embeddings-v3,8,on,True,Tesla V100S-PCIE-32GB,16,1,4096,4096,2,0,534.547,7662.565,176.518,286.198,141.05441,ok,
1769867927296,/root/autodl-tmp/jina_resource_matrix/models/jina-embeddings-v3,8,on,True,Tesla V100S-PCIE-32GB,16,1,4096,4096,3,0,538.827,7601.695,172.102,247.599,134.629081,ok,
1769867928092,/root/autodl-tmp/jina_resource_matrix/models/jina-embeddings-v3,8,on,True,Tesla V100S-PCIE-32GB,16,1,4096,4096,4,0,541.356,7566.188,169.691,248.538,137.010324,ok,
1769867936479,/root/autodl-tmp/jina_resource_matrix/models/jina-embeddings-v3,6,off,False,,12,1,256,256,0,0,721.034,355.046,,,,ok,
1769867937201,/root/autodl-tmp/jina_resource_matrix/models/jina-embeddings-v3,6,off,False,,12,1,256,256,1,0,727.245,352.013,,,,ok,
1769867937929,/root/autodl-tmp/jina_resource_matrix/models/jina-embeddings-v3,6,off,False,,12,1,256,256,2,0,716.048,357.518,,,,ok,
1769867938645,/root/autodl-tmp/jina_resource_matrix/models/jina-embeddings-v3,6,off,False,,12,1,256,256,3,0,724.382,353.405,,,,ok,
1769867939370,/root/autodl-tmp/jina_resource_matrix/models/jina-embeddings-v3,6,off,False,,12,1,256,256,4,0,763.547,335.277,,,,ok,
1769867949477,/root/autodl-tmp/jina_resource_matrix/models/jina-embeddings-v3,6,off,False,,12,1,512,512,0,0,1680.706,304.634,,,,ok,
1769867951158,/root/autodl-tmp/jina_resource_matrix/models/jina-embeddings-v3,6,off,False,,12,1,512,512,1,0,1702.913,300.661,,,,ok,
1769867952862,/root/autodl-tmp/jina_resource_matrix/models/jina-embeddings-v3,6,off,False,,12,1,512,512,2,0,1621.55,315.747,,,,ok,
1769867954483,/root/autodl-tmp/jina_resource_matrix/models/jina-embeddings-v3,6,off,False,,12,1,512,512,3,0,1575.148,325.049,,,,ok,
1769867956059,/root/autodl-tmp/jina_resource_matrix/models/jina-embeddings-v3,6,off,False,,12,1,512,512,4,0,1573.314,325.428,,,,ok,
1769867968996,/root/autodl-tmp/jina_resource_matrix/models/jina-embeddings-v3,6,off,False,,12,1,768,768,0,0,2604.751,294.846,,,,ok,
1769867971601,/root/autodl-tmp/jina_resource_matrix/models/jina-embeddings-v3,6,off,False,,12,1,768,768,1,0,2613.06,293.908,,,,ok,
1769867974215,/root/autodl-tmp/jina_resource_matrix/models/jina-embeddings-v3,6,off,False,,12,1,768,768,2,0,2581.509,297.5,,,,ok,
1769867976797,/root/autodl-tmp/jina_resource_matrix/models/jina-embeddings-v3,6,off,False,,12,1,768,768,3,0,2514.576,305.419,,,,ok,
1769867979312,/root/autodl-tmp/jina_resource_matrix/models/jina-embeddings-v3,6,off,False,,12,1,768,768,4,0,2518.428,304.952,,,,ok,
1769867995596,/root/autodl-tmp/jina_resource_matrix/models/jina-embeddings-v3,6,off,False,,12,1,1024,1024,0,0,3831.726,267.243,,,,ok,
1769867999429,/root/autodl-tmp/jina_resource_matrix/models/jina-embeddings-v3,6,off,False,,12,1,1024,1024,1,0,3839.505,266.701,,,,ok,
1769868003269,/root/autodl-tmp/jina_resource_matrix/models/jina-embeddings-v3,6,off,False,,12,1,1024,1024,2,0,3798.716,269.565,,,,ok,
1769868007068,/root/autodl-tmp/jina_resource_matrix/models/jina-embeddings-v3,6,off,False,,12,1,1024,1024,3,0,3883.956,263.649,,,,ok,
1769868010952,/root/autodl-tmp/jina_resource_matrix/models/jina-embeddings-v3,6,off,False,,12,1,1024,1024,4,0,4099.277,249.8,,,,ok,
1769868032437,/root/autodl-tmp/jina_resource_matrix/models/jina-embeddings-v3,6,off,False,,12,1,1280,1280,0,0,5440.186,235.286,,,,ok,
1769868037878,/root/autodl-tmp/jina_resource_matrix/models/jina-embeddings-v3,6,off,False,,12,1,1280,1280,1,0,5294.885,241.743,,,,ok,
1769868043173,/root/autodl-tmp/jina_resource_matrix/models/jina-embeddings-v3,6,off,False,,12,1,1280,1280,2,0,5454.165,234.683,,,,ok,
1769868048628,/root/autodl-tmp/jina_resource_matrix/models/jina-embeddings-v3,6,off,False,,12,1,1280,1280,3,0,5326.052,240.328,,,,ok,
1769868053954,/root/autodl-tmp/jina_resource_matrix/models/jina-embeddings-v3,6,off,False,,12,1,1280,1280,4,0,5458.224,234.509,,,,ok,
1769868079717,/root/autodl-tmp/jina_resource_matrix/models/jina-embeddings-v3,6,off,False,,12,1,1536,1536,0,0,7014.649,218.97,,,,ok,
1769868086733,/root/autodl-tmp/jina_resource_matrix/models/jina-embeddings-v3,6,off,False,,12,1,1536,1536,1,0,7095.988,216.46,,,,ok,
1769868093829,/root/autodl-tmp/jina_resource_matrix/models/jina-embeddings-v3,6,off,False,,12,1,1536,1536,2,0,6813.526,225.434,,,,ok,
1769868100643,/root/autodl-tmp/jina_resource_matrix/models/jina-embeddings-v3,6,off,False,,12,1,1536,1536,3,0,6805.931,225.685,,,,ok,
1769868107449,/root/autodl-tmp/jina_resource_matrix/models/jina-embeddings-v3,6,off,False,,12,1,1536,1536,4,0,6799.588,225.896,,,,ok,
1769868138380,/root/autodl-tmp/jina_resource_matrix/models/jina-embeddings-v3,6,off,False,,12,1,1792,1792,0,0,8976.386,199.635,,,,ok,
1769868147357,/root/autodl-tmp/jina_resource_matrix/models/jina-embeddings-v3,6,off,False,,12,1,1792,1792,1,0,9084.164,197.266,,,,ok,
1769868156441,/root/autodl-tmp/jina_resource_matrix/models/jina-embeddings-v3,6,off,False,,12,1,1792,1792,2,0,8981.181,199.528,,,,ok,
1769868165423,/root/autodl-tmp/jina_resource_matrix/models/jina-embeddings-v3,6,off,False,,12,1,1792,1792,3,0,8942.257,200.397,,,,ok,
1769868174366,/root/autodl-tmp/jina_resource_matrix/models/jina-embeddings-v3,6,off,False,,12,1,1792,1792,4,0,9103.191,196.854,,,,ok,
1769868212096,/root/autodl-tmp/jina_resource_matrix/models/jina-embeddings-v3,6,off,False,,12,1,2048,2048,0,0,11152.262,183.64,,,,ok,
1769868223249,/root/autodl-tmp/jina_resource_matrix/models/jina-embeddings-v3,6,off,False,,12,1,2048,2048,1,0,11371.042,180.107,,,,ok,
1769868234621,/root/autodl-tmp/jina_resource_matrix/models/jina-embeddings-v3,6,off,False,,12,1,2048,2048,2,0,11092.206,184.634,,,,ok,
1769868245713,/root/autodl-tmp/jina_resource_matrix/models/jina-embeddings-v3,6,off,False,,12,1,2048,2048,3,0,11221.27,182.511,,,,ok,
1769868256935,/root/autodl-tmp/jina_resource_matrix/models/jina-embeddings-v3,6,off,False,,12,1,2048,2048,4,0,10950.249,187.028,,,,ok,
1769868300937,/root/autodl-tmp/jina_resource_matrix/models/jina-embeddings-v3,6,off,False,,12,1,2304,2304,0,0,13660.572,168.661,,,,ok,
1769868314598,/root/autodl-tmp/jina_resource_matrix/models/jina-embeddings-v3,6,off,False,,12,1,2304,2304,1,0,13616.423,169.207,,,,ok,
1769868328215,/root/autodl-tmp/jina_resource_matrix/models/jina-embeddings-v3,6,off,False,,12,1,2304,2304,2,0,13820.343,166.711,,,,ok,
1769868342036,/root/autodl-tmp/jina_resource_matrix/models/jina-embeddings-v3,6,off,False,,12,1,2304,2304,3,0,13691.448,168.28,,,,ok,
1769868355728,/root/autodl-tmp/jina_resource_matrix/models/jina-embeddings-v3,6,off,False,,12,1,2304,2304,4,0,13760.166,167.44,,,,ok,
1769868407477,/root/autodl-tmp/jina_resource_matrix/models/jina-embeddings-v3,6,off,False,,12,1,2560,2560,0,0,15743.703,162.605,,,,ok,
1769868423222,/root/autodl-tmp/jina_resource_matrix/models/jina-embeddings-v3,6,off,False,,12,1,2560,2560,1,0,15828.068,161.738,,,,ok,
1769868439050,/root/autodl-tmp/jina_resource_matrix/models/jina-embeddings-v3,6,off,False,,12,1,2560,2560,2,0,15874.707,161.263,,,,ok,
1769868454925,/root/autodl-tmp/jina_resource_matrix/models/jina-embeddings-v3,6,off,False,,12,1,2560,2560,3,0,15858.481,161.428,,,,ok,
1769868470784,/root/autodl-tmp/jina_resource_matrix/models/jina-embeddings-v3,6,off,False,,12,1,2560,2560,4,0,15769.386,162.34,,,,ok,
1769868530540,/root/autodl-tmp/jina_resource_matrix/models/jina-embeddings-v3,6,off,False,,12,1,2816,2816,0,0,18909.321,148.921,,,,ok,
1769868549450,/root/autodl-tmp/jina_resource_matrix/models/jina-embeddings-v3,6,off,False,,12,1,2816,2816,1,0,18882.47,149.133,,,,ok,
1769868568333,/root/autodl-tmp/jina_resource_matrix/models/jina-embeddings-v3,6,off,False,,12,1,2816,2816,2,0,18752.366,150.168,,,,ok,
1769868587086,/root/autodl-tmp/jina_resource_matrix/models/jina-embeddings-v3,6,off,False,,12,1,2816,2816,3,0,18728.63,150.358,,,,ok,
1769868605815,/root/autodl-tmp/jina_resource_matrix/models/jina-embeddings-v3,6,off,False,,12,1,2816,2816,4,0,18672.076,150.813,,,,ok,
1769868674730,/root/autodl-tmp/jina_resource_matrix/models/jina-embeddings-v3,6,off,False,,12,1,3072,3072,0,0,21993.104,139.68,,,,ok,
1769868696724,/root/autodl-tmp/jina_resource_matrix/models/jina-embeddings-v3,6,off,False,,12,1,3072,3072,1,0,22151.476,138.682,,,,ok,
1769868718876,/root/autodl-tmp/jina_resource_matrix/models/jina-embeddings-v3,6,off,False,,12,1,3072,3072,2,0,22260.248,138.004,,,,ok,
1769868741137,/root/autodl-tmp/jina_resource_matrix/models/jina-embeddings-v3,6,off,False,,12,1,3072,3072,3,0,22083.113,139.111,,,,ok,
1769868763220,/root/autodl-tmp/jina_resource_matrix/models/jina-embeddings-v3,6,off,False,,12,1,3072,3072,4,0,21885.023,140.37,,,,ok,
1769868841842,/root/autodl-tmp/jina_resource_matrix/models/jina-embeddings-v3,6,off,False,,12,1,3328,3328,0,0,25438.363,130.826,,,,ok,
1769868867281,/root/autodl-tmp/jina_resource_matrix/models/jina-embeddings-v3,6,off,False,,12,1,3328,3328,1,0,25228.54,131.914,,,,ok,
1769868892510,/root/autodl-tmp/jina_resource_matrix/models/jina-embeddings-v3,6,off,False,,12,1,3328,3328,2,0,25049.775,132.855,,,,ok,
1769868917561,/root/autodl-tmp/jina_resource_matrix/models/jina-embeddings-v3,6,off,False,,12,1,3328,3328,3,0,25473.391,130.646,,,,ok,
1769868943034,/root/autodl-tmp/jina_resource_matrix/models/jina-embeddings-v3,6,off,False,,12,1,3328,3328,4,0,25292.809,131.579,,,,ok,
1769869032003,/root/autodl-tmp/jina_resource_matrix/models/jina-embeddings-v3,6,off,False,,12,1,3584,3584,0,0,28533.399,125.607,,,,ok,
1769869060537,/root/autodl-tmp/jina_resource_matrix/models/jina-embeddings-v3,6,off,False,,12,1,3584,3584,1,0,28425.382,126.084,,,,ok,
1769869088963,/root/autodl-tmp/jina_resource_matrix/models/jina-embeddings-v3,6,off,False,,12,1,3584,3584,2,0,28636.377,125.155,,,,ok,
1769869117600,/root/autodl-tmp/jina_resource_matrix/models/jina-embeddings-v3,6,off,False,,12,1,3584,3584,3,0,28408.085,126.161,,,,ok,
1769869146008,/root/autodl-tmp/jina_resource_matrix/models/jina-embeddings-v3,6,off,False,,12,1,3584,3584,4,0,28644.888,125.118,,,,ok,
1769869244998,/root/autodl-tmp/jina_resource_matrix/models/jina-embeddings-v3,6,off,False,,12,1,3840,3840,0,0,32132.929,119.504,,,,ok,
1769869277131,/root/autodl-tmp/jina_resource_matrix/models/jina-embeddings-v3,6,off,False,,12,1,3840,3840,1,0,32109.353,119.591,,,,ok,
1769869309241,/root/autodl-tmp/jina_resource_matrix/models/jina-embeddings-v3,6,off,False,,12,1,3840,3840,2,0,31992.973,120.026,,,,ok,
1769869341235,/root/autodl-tmp/jina_resource_matrix/models/jina-embeddings-v3,6,off,False,,12,1,3840,3840,3,0,32140.6,119.475,,,,ok,
1769869373376,/root/autodl-tmp/jina_resource_matrix/models/jina-embeddings-v3,6,off,False,,12,1,3840,3840,4,0,32007.609,119.971,,,,ok,
1769869483571,/root/autodl-tmp/jina_resource_matrix/models/jina-embeddings-v3,6,off,False,,12,1,4096,4096,0,0,35848.356,114.259,,,,ok,
1769869519420,/root/autodl-tmp/jina_resource_matrix/models/jina-embeddings-v3,6,off,False,,12,1,4096,4096,1,0,35995.589,113.792,,,,ok,
1769869555416,/root/autodl-tmp/jina_resource_matrix/models/jina-embeddings-v3,6,off,False,,12,1,4096,4096,2,0,35767.642,114.517,,,,ok,
1769869591184,/root/autodl-tmp/jina_resource_matrix/models/jina-embeddings-v3,6,off,False,,12,1,4096,4096,3,0,35860.001,114.222,,,,ok,
1769869627045,/root/autodl-tmp/jina_resource_matrix/models/jina-embeddings-v3,6,off,False,,12,1,4096,4096,4,0,35804.516,114.399,,,,ok,
1769869671068,/root/autodl-tmp/jina_resource_matrix/models/jina-embeddings-v3,4,off,False,,8,1,256,256,0,0,891.148,287.27,,,,ok,
1769869671959,/root/autodl-tmp/jina_resource_matrix/models/jina-embeddings-v3,4,off,False,,8,1,256,256,1,0,962.763,265.901,,,,ok,
1769869672922,/root/autodl-tmp/jina_resource_matrix/models/jina-embeddings-v3,4,off,False,,8,1,256,256,2,0,939.581,272.462,,,,ok,
1769869673862,/root/autodl-tmp/jina_resource_matrix/models/jina-embeddings-v3,4,off,False,,8,1,256,256,3,0,966.588,264.849,,,,ok,
1769869674829,/root/autodl-tmp/jina_resource_matrix/models/jina-embeddings-v3,4,off,False,,8,1,256,256,4,0,896.849,285.444,,,,ok,
1769869686320,/root/autodl-tmp/jina_resource_matrix/models/jina-embeddings-v3,4,off,False,,8,1,512,512,0,0,2283.281,224.239,,,,ok,
1769869688604,/root/autodl-tmp/jina_resource_matrix/models/jina-embeddings-v3,4,off,False,,8,1,512,512,1,0,1979.855,258.605,,,,ok,
1769869690584,/root/autodl-tmp/jina_resource_matrix/models/jina-embeddings-v3,4,off,False,,8,1,512,512,2,0,2100.691,243.729,,,,ok,
1769869692685,/root/autodl-tmp/jina_resource_matrix/models/jina-embeddings-v3,4,off,False,,8,1,512,512,3,0,1981.726,258.361,,,,ok,
1769869694667,/root/autodl-tmp/jina_resource_matrix/models/jina-embeddings-v3,4,off,False,,8,1,512,512,4,0,2129.742,240.405,,,,ok,
1769869710457,/root/autodl-tmp/jina_resource_matrix/models/jina-embeddings-v3,4,off,False,,8,1,768,768,0,0,3799.406,202.137,,,,ok,
1769869714257,/root/autodl-tmp/jina_resource_matrix/models/jina-embeddings-v3,4,off,False,,8,1,768,768,1,0,3627.258,211.73,,,,ok,
1769869717884,/root/autodl-tmp/jina_resource_matrix/models/jina-embeddings-v3,4,off,False,,8,1,768,768,2,0,3629.043,211.626,,,,ok,
1769869721514,/root/autodl-tmp/jina_resource_matrix/models/jina-embeddings-v3,4,off,False,,8,1,768,768,3,0,3810.073,201.571,,,,ok,
1769869725324,/root/autodl-tmp/jina_resource_matrix/models/jina-embeddings-v3,4,off,False,,8,1,768,768,4,0,3630.861,211.52,,,,ok,
1769869746701,/root/autodl-tmp/jina_resource_matrix/models/jina-embeddings-v3,4,off,False,,8,1,1024,1024,0,0,5589.485,183.201,,,,ok,
1769869752291,/root/autodl-tmp/jina_resource_matrix/models/jina-embeddings-v3,4,off,False,,8,1,1024,1024,1,0,5735.86,178.526,,,,ok,
1769869758027,/root/autodl-tmp/jina_resource_matrix/models/jina-embeddings-v3,4,off,False,,8,1,1024,1024,2,0,5544.823,184.677,,,,ok,
1769869763572,/root/autodl-tmp/jina_resource_matrix/models/jina-embeddings-v3,4,off,False,,8,1,1024,1024,3,0,5517.295,185.598,,,,ok,
1769869769090,/root/autodl-tmp/jina_resource_matrix/models/jina-embeddings-v3,4,off,False,,8,1,1024,1024,4,0,5526.29,185.296,,,,ok,
1769869796561,/root/autodl-tmp/jina_resource_matrix/models/jina-embeddings-v3,4,off,False,,8,1,1280,1280,0,0,7592.191,168.594,,,,ok,
1769869804154,/root/autodl-tmp/jina_resource_matrix/models/jina-embeddings-v3,4,off,False,,8,1,1280,1280,1,0,7744.059,165.288,,,,ok,
1769869811898,/root/autodl-tmp/jina_resource_matrix/models/jina-embeddings-v3,4,off,False,,8,1,1280,1280,2,0,7691.134,166.425,,,,ok,
1769869819590,/root/autodl-tmp/jina_resource_matrix/models/jina-embeddings-v3,4,off,False,,8,1,1280,1280,3,0,7792.951,164.251,,,,ok,
1769869827383,/root/autodl-tmp/jina_resource_matrix/models/jina-embeddings-v3,4,off,False,,8,1,1280,1280,4,0,7608.577,168.231,,,,ok,
1769869861537,/root/autodl-tmp/jina_resource_matrix/models/jina-embeddings-v3,4,off,False,,8,1,1536,1536,0,0,10103.506,152.026,,,,ok,
1769869871641,/root/autodl-tmp/jina_resource_matrix/models/jina-embeddings-v3,4,off,False,,8,1,1536,1536,1,0,10130.126,151.627,,,,ok,
1769869881772,/root/autodl-tmp/jina_resource_matrix/models/jina-embeddings-v3,4,off,False,,8,1,1536,1536,2,0,9951.361,154.351,,,,ok,
1769869891724,/root/autodl-tmp/jina_resource_matrix/models/jina-embeddings-v3,4,off,False,,8,1,1536,1536,3,0,10034.356,153.074,,,,ok,
1769869901758,/root/autodl-tmp/jina_resource_matrix/models/jina-embeddings-v3,4,off,False,,8,1,1536,1536,4,0,9941.554,154.503,,,,ok,
1769869943505,/root/autodl-tmp/jina_resource_matrix/models/jina-embeddings-v3,4,off,False,,8,1,1792,1792,0,0,12523.274,143.094,,,,ok,
1769869956029,/root/autodl-tmp/jina_resource_matrix/models/jina-embeddings-v3,4,off,False,,8,1,1792,1792,1,0,12668.323,141.455,,,,ok,
1769869968698,/root/autodl-tmp/jina_resource_matrix/models/jina-embeddings-v3,4,off,False,,8,1,1792,1792,2,0,12705.617,141.04,,,,ok,
1769869981404,/root/autodl-tmp/jina_resource_matrix/models/jina-embeddings-v3,4,off,False,,8,1,1792,1792,3,0,12593.97,142.29,,,,ok,
1769869993999,/root/autodl-tmp/jina_resource_matrix/models/jina-embeddings-v3,4,off,False,,8,1,1792,1792,4,0,12626.931,141.919,,,,ok,
1769870044106,/root/autodl-tmp/jina_resource_matrix/models/jina-embeddings-v3,4,off,False,,8,1,2048,2048,0,0,15339.963,133.507,,,,ok,
1769870059446,/root/autodl-tmp/jina_resource_matrix/models/jina-embeddings-v3,4,off,False,,8,1,2048,2048,1,0,15437.192,132.667,,,,ok,
1769870074884,/root/autodl-tmp/jina_resource_matrix/models/jina-embeddings-v3,4,off,False,,8,1,2048,2048,2,0,15388.439,133.087,,,,ok,
1769870090273,/root/autodl-tmp/jina_resource_matrix/models/jina-embeddings-v3,4,off,False,,8,1,2048,2048,3,0,15469.245,132.392,,,,ok,
1769870105743,/root/autodl-tmp/jina_resource_matrix/models/jina-embeddings-v3,4,off,False,,8,1,2048,2048,4,0,15233.891,134.437,,,,ok,
1769870164804,/root/autodl-tmp/jina_resource_matrix/models/jina-embeddings-v3,4,off,False,,8,1,2304,2304,0,0,18679.419,123.344,,,,ok,
1769870183484,/root/autodl-tmp/jina_resource_matrix/models/jina-embeddings-v3,4,off,False,,8,1,2304,2304,1,0,18731.082,123.004,,,,ok,
1769870202216,/root/autodl-tmp/jina_resource_matrix/models/jina-embeddings-v3,4,off,False,,8,1,2304,2304,2,0,18689.04,123.281,,,,ok,
1769870220905,/root/autodl-tmp/jina_resource_matrix/models/jina-embeddings-v3,4,off,False,,8,1,2304,2304,3,0,18552.64,124.187,,,,ok,
1769870239458,/root/autodl-tmp/jina_resource_matrix/models/jina-embeddings-v3,4,off,False,,8,1,2304,2304,4,0,18600.466,123.868,,,,ok,
1769870308948,/root/autodl-tmp/jina_resource_matrix/models/jina-embeddings-v3,4,off,False,,8,1,2560,2560,0,0,22163.795,115.504,,,,ok,
1769870331112,/root/autodl-tmp/jina_resource_matrix/models/jina-embeddings-v3,4,off,False,,8,1,2560,2560,1,0,22167.494,115.484,,,,ok,
1769870353280,/root/autodl-tmp/jina_resource_matrix/models/jina-embeddings-v3,4,off,False,,8,1,2560,2560,2,0,21831.913,117.26,,,,ok,
1769870375113,/root/autodl-tmp/jina_resource_matrix/models/jina-embeddings-v3,4,off,False,,8,1,2560,2560,3,0,22332.714,114.63,,,,ok,
1769870397446,/root/autodl-tmp/jina_resource_matrix/models/jina-embeddings-v3,4,off,False,,8,1,2560,2560,4,0,22106.404,115.804,,,,ok,
1769870478918,/root/autodl-tmp/jina_resource_matrix/models/jina-embeddings-v3,4,off,False,,8,1,2816,2816,0,0,26201.14,107.476,,,,ok,
1769870505120,/root/autodl-tmp/jina_resource_matrix/models/jina-embeddings-v3,4,off,False,,8,1,2816,2816,1,0,26096.725,107.906,,,,ok,
1769870531218,/root/autodl-tmp/jina_resource_matrix/models/jina-embeddings-v3,4,off,False,,8,1,2816,2816,2,0,26205.268,107.459,,,,ok,
1769870557423,/root/autodl-tmp/jina_resource_matrix/models/jina-embeddings-v3,4,off,False,,8,1,2816,2816,3,0,26337.879,106.918,,,,ok,
1769870583762,/root/autodl-tmp/jina_resource_matrix/models/jina-embeddings-v3,4,off,False,,8,1,2816,2816,4,0,26412.824,106.615,,,,ok,
1769870676456,/root/autodl-tmp/jina_resource_matrix/models/jina-embeddings-v3,4,off,False,,8,1,3072,3072,0,0,29443.508,104.335,,,,ok,
1769870705901,/root/autodl-tmp/jina_resource_matrix/models/jina-embeddings-v3,4,off,False,,8,1,3072,3072,1,0,29947.484,102.58,,,,ok,
1769870735849,/root/autodl-tmp/jina_resource_matrix/models/jina-embeddings-v3,4,off,False,,8,1,3072,3072,2,0,30628.276,100.299,,,,ok,
1769870766477,/root/autodl-tmp/jina_resource_matrix/models/jina-embeddings-v3,4,off,False,,8,1,3072,3072,3,0,30440.596,100.918,,,,ok,
1769870796918,/root/autodl-tmp/jina_resource_matrix/models/jina-embeddings-v3,4,off,False,,8,1,3072,3072,4,0,30762.245,99.863,,,,ok,
1769870903561,/root/autodl-tmp/jina_resource_matrix/models/jina-embeddings-v3,4,off,False,,8,1,3328,3328,0,0,34556.427,96.306,,,,ok,
1769870938118,/root/autodl-tmp/jina_resource_matrix/models/jina-embeddings-v3,4,off,False,,8,1,3328,3328,1,0,34598.736,96.188,,,,ok,
1769870972717,/root/autodl-tmp/jina_resource_matrix/models/jina-embeddings-v3,4,off,False,,8,1,3328,3328,2,0,34680.397,95.962,,,,ok,
1769871007398,/root/autodl-tmp/jina_resource_matrix/models/jina-embeddings-v3,4,off,False,,8,1,3328,3328,3,0,34577.938,96.246,,,,ok,
1769871041977,/root/autodl-tmp/jina_resource_matrix/models/jina-embeddings-v3,4,off,False,,8,1,3328,3328,4,0,34656.467,96.028,,,,ok,
1769871162034,/root/autodl-tmp/jina_resource_matrix/models/jina-embeddings-v3,4,off,False,,8,1,3584,3584,0,0,39808.042,90.032,,,,ok,
1769871201842,/root/autodl-tmp/jina_resource_matrix/models/jina-embeddings-v3,4,off,False,,8,1,3584,3584,1,0,39894.209,89.838,,,,ok,
1769871241737,/root/autodl-tmp/jina_resource_matrix/models/jina-embeddings-v3,4,off,False,,8,1,3584,3584,2,0,39505.115,90.722,,,,ok,
1769871281243,/root/autodl-tmp/jina_resource_matrix/models/jina-embeddings-v3,4,off,False,,8,1,3584,3584,3,0,39647.082,90.398,,,,ok,
1769871320890,/root/autodl-tmp/jina_resource_matrix/models/jina-embeddings-v3,4,off,False,,8,1,3584,3584,4,0,39367.697,91.039,,,,ok,
1769871455608,/root/autodl-tmp/jina_resource_matrix/models/jina-embeddings-v3,4,off,False,,8,1,3840,3840,0,0,44168.13,86.941,,,,ok,
1769871499776,/root/autodl-tmp/jina_resource_matrix/models/jina-embeddings-v3,4,off,False,,8,1,3840,3840,1,0,44525.806,86.242,,,,ok,
1769871544303,/root/autodl-tmp/jina_resource_matrix/models/jina-embeddings-v3,4,off,False,,8,1,3840,3840,2,0,44592.433,86.113,,,,ok,
1769871588896,/root/autodl-tmp/jina_resource_matrix/models/jina-embeddings-v3,4,off,False,,8,1,3840,3840,3,0,44541.944,86.211,,,,ok,
1769871633439,/root/autodl-tmp/jina_resource_matrix/models/jina-embeddings-v3,4,off,False,,8,1,3840,3840,4,0,44330.766,86.622,,,,ok,
1769871783921,/root/autodl-tmp/jina_resource_matrix/models/jina-embeddings-v3,4,off,False,,8,1,4096,4096,0,0,49752.011,82.328,,,,ok,
1769871833674,/root/autodl-tmp/jina_resource_matrix/models/jina-embeddings-v3,4,off,False,,8,1,4096,4096,1,0,49781.204,82.28,,,,ok,
1769871883456,/root/autodl-tmp/jina_resource_matrix/models/jina-embeddings-v3,4,off,False,,8,1,4096,4096,2,0,50633.11,80.896,,,,ok,
1769871934089,/root/autodl-tmp/jina_resource_matrix/models/jina-embeddings-v3,4,off,False,,8,1,4096,4096,3,0,50826.666,80.588,,,,ok,
1769871984916,/root/autodl-tmp/jina_resource_matrix/models/jina-embeddings-v3,4,off,False,,8,1,4096,4096,4,0,50780.748,80.66,,,,ok,
1769872044869,/root/autodl-tmp/jina_resource_matrix/models/jina-embeddings-v3,3,off,False,,6,1,256,256,0,0,1470.821,174.052,,,,ok,
1769872046341,/root/autodl-tmp/jina_resource_matrix/models/jina-embeddings-v3,3,off,False,,6,1,256,256,1,0,1348.426,189.851,,,,ok,
1769872047690,/root/autodl-tmp/jina_resource_matrix/models/jina-embeddings-v3,3,off,False,,6,1,256,256,2,0,1387.041,184.566,,,,ok,
1769872049077,/root/autodl-tmp/jina_resource_matrix/models/jina-embeddings-v3,3,off,False,,6,1,256,256,3,0,1352.668,189.256,,,,ok,
1769872050430,/root/autodl-tmp/jina_resource_matrix/models/jina-embeddings-v3,3,off,False,,6,1,256,256,4,0,1354.59,188.987,,,,ok,
1769872063862,/root/autodl-tmp/jina_resource_matrix/models/jina-embeddings-v3,3,off,False,,6,1,512,512,0,0,2652.253,193.043,,,,ok,
1769872066514,/root/autodl-tmp/jina_resource_matrix/models/jina-embeddings-v3,3,off,False,,6,1,512,512,1,0,2697.728,189.789,,,,ok,
1769872069212,/root/autodl-tmp/jina_resource_matrix/models/jina-embeddings-v3,3,off,False,,6,1,512,512,2,0,2591.877,197.54,,,,ok,
1769872071805,/root/autodl-tmp/jina_resource_matrix/models/jina-embeddings-v3,3,off,False,,6,1,512,512,3,0,2702.423,189.46,,,,ok,
1769872074507,/root/autodl-tmp/jina_resource_matrix/models/jina-embeddings-v3,3,off,False,,6,1,512,512,4,0,2860.506,178.989,,,,ok,
1769872093402,/root/autodl-tmp/jina_resource_matrix/models/jina-embeddings-v3,3,off,False,,6,1,768,768,0,0,4549.607,168.806,,,,ok,
1769872097952,/root/autodl-tmp/jina_resource_matrix/models/jina-embeddings-v3,3,off,False,,6,1,768,768,1,0,4703.263,163.291,,,,ok,
1769872102656,/root/autodl-tmp/jina_resource_matrix/models/jina-embeddings-v3,3,off,False,,6,1,768,768,2,0,4765.04,161.174,,,,ok,
1769872107421,/root/autodl-tmp/jina_resource_matrix/models/jina-embeddings-v3,3,off,False,,6,1,768,768,3,0,4570.477,168.035,,,,ok,
1769872111992,/root/autodl-tmp/jina_resource_matrix/models/jina-embeddings-v3,3,off,False,,6,1,768,768,4,0,4790.547,160.316,,,,ok,
1769872137758,/root/autodl-tmp/jina_resource_matrix/models/jina-embeddings-v3,3,off,False,,6,1,1024,1024,0,0,7308.746,140.106,,,,ok,
1769872145068,/root/autodl-tmp/jina_resource_matrix/models/jina-embeddings-v3,3,off,False,,6,1,1024,1024,1,0,7046.731,145.316,,,,ok,
1769872152115,/root/autodl-tmp/jina_resource_matrix/models/jina-embeddings-v3,3,off,False,,6,1,1024,1024,2,0,7213.089,141.964,,,,ok,
1769872159328,/root/autodl-tmp/jina_resource_matrix/models/jina-embeddings-v3,3,off,False,,6,1,1024,1024,3,0,7009.987,146.077,,,,ok,
1769872166339,/root/autodl-tmp/jina_resource_matrix/models/jina-embeddings-v3,3,off,False,,6,1,1024,1024,4,0,7162.584,142.965,,,,ok,
1769872199975,/root/autodl-tmp/jina_resource_matrix/models/jina-embeddings-v3,3,off,False,,6,1,1280,1280,0,0,9995.285,128.06,,,,ok,
1769872209970,/root/autodl-tmp/jina_resource_matrix/models/jina-embeddings-v3,3,off,False,,6,1,1280,1280,1,0,9835.482,130.141,,,,ok,
1769872219806,/root/autodl-tmp/jina_resource_matrix/models/jina-embeddings-v3,3,off,False,,6,1,1280,1280,2,0,9865.086,129.751,,,,ok,
1769872229672,/root/autodl-tmp/jina_resource_matrix/models/jina-embeddings-v3,3,off,False,,6,1,1280,1280,3,0,9734.331,131.493,,,,ok,
1769872239406,/root/autodl-tmp/jina_resource_matrix/models/jina-embeddings-v3,3,off,False,,6,1,1280,1280,4,0,9823.183,130.304,,,,ok,
1769872282305,/root/autodl-tmp/jina_resource_matrix/models/jina-embeddings-v3,3,off,False,,6,1,1536,1536,0,0,13062.999,117.584,,,,ok,
1769872295369,/root/autodl-tmp/jina_resource_matrix/models/jina-embeddings-v3,3,off,False,,6,1,1536,1536,1,0,12846.503,119.566,,,,ok,
1769872308215,/root/autodl-tmp/jina_resource_matrix/models/jina-embeddings-v3,3,off,False,,6,1,1536,1536,2,0,13118.498,117.087,,,,ok,
1769872321334,/root/autodl-tmp/jina_resource_matrix/models/jina-embeddings-v3,3,off,False,,6,1,1536,1536,3,0,13063.397,117.58,,,,ok,
1769872334398,/root/autodl-tmp/jina_resource_matrix/models/jina-embeddings-v3,3,off,False,,6,1,1536,1536,4,0,12805.065,119.953,,,,ok,
1769872386776,/root/autodl-tmp/jina_resource_matrix/models/jina-embeddings-v3,3,off,False,,6,1,1792,1792,0,0,16188.056,110.699,,,,ok,
1769872402965,/root/autodl-tmp/jina_resource_matrix/models/jina-embeddings-v3,3,off,False,,6,1,1792,1792,1,0,16424.081,109.108,,,,ok,
1769872419390,/root/autodl-tmp/jina_resource_matrix/models/jina-embeddings-v3,3,off,False,,6,1,1792,1792,2,0,16351.687,109.591,,,,ok,
1769872435742,/root/autodl-tmp/jina_resource_matrix/models/jina-embeddings-v3,3,off,False,,6,1,1792,1792,3,0,16026.203,111.817,,,,ok,
1769872451768,/root/autodl-tmp/jina_resource_matrix/models/jina-embeddings-v3,3,off,False,,6,1,1792,1792,4,0,15977.772,112.156,,,,ok,
1769872515985,/root/autodl-tmp/jina_resource_matrix/models/jina-embeddings-v3,3,off,False,,6,1,2048,2048,0,0,20551.018,99.654,,,,ok,
1769872536537,/root/autodl-tmp/jina_resource_matrix/models/jina-embeddings-v3,3,off,False,,6,1,2048,2048,1,0,20096.384,101.909,,,,ok,
1769872556634,/root/autodl-tmp/jina_resource_matrix/models/jina-embeddings-v3,3,off,False,,6,1,2048,2048,2,0,20126.366,101.757,,,,ok,
1769872576760,/root/autodl-tmp/jina_resource_matrix/models/jina-embeddings-v3,3,off,False,,6,1,2048,2048,3,0,20404.58,100.37,,,,ok,
1769872597165,/root/autodl-tmp/jina_resource_matrix/models/jina-embeddings-v3,3,off,False,,6,1,2048,2048,4,0,20206.489,101.354,,,,ok,
1769872673324,/root/autodl-tmp/jina_resource_matrix/models/jina-embeddings-v3,3,off,False,,6,1,2304,2304,0,0,24456.668,94.207,,,,ok,
1769872697781,/root/autodl-tmp/jina_resource_matrix/models/jina-embeddings-v3,3,off,False,,6,1,2304,2304,1,0,24522.453,93.955,,,,ok,
1769872722304,/root/autodl-tmp/jina_resource_matrix/models/jina-embeddings-v3,3,off,False,,6,1,2304,2304,2,0,24497.836,94.049,,,,ok,
1769872746803,/root/autodl-tmp/jina_resource_matrix/models/jina-embeddings-v3,3,off,False,,6,1,2304,2304,3,0,24379.566,94.505,,,,ok,
1769872771182,/root/autodl-tmp/jina_resource_matrix/models/jina-embeddings-v3,3,off,False,,6,1,2304,2304,4,0,24388.513,94.471,,,,ok,
1769872859897,/root/autodl-tmp/jina_resource_matrix/models/jina-embeddings-v3,3,off,False,,6,1,2560,2560,0,0,28762.307,89.005,,,,ok,
1769872888659,/root/autodl-tmp/jina_resource_matrix/models/jina-embeddings-v3,3,off,False,,6,1,2560,2560,1,0,28706.227,89.179,,,,ok,
1769872917366,/root/autodl-tmp/jina_resource_matrix/models/jina-embeddings-v3,3,off,False,,6,1,2560,2560,2,0,28539.701,89.7,,,,ok,
1769872945906,/root/autodl-tmp/jina_resource_matrix/models/jina-embeddings-v3,3,off,False,,6,1,2560,2560,3,0,28854.376,88.721,,,,ok,
1769872974761,/root/autodl-tmp/jina_resource_matrix/models/jina-embeddings-v3,3,off,False,,6,1,2560,2560,4,0,28732.636,89.097,,,,ok,
1769873078345,/root/autodl-tmp/jina_resource_matrix/models/jina-embeddings-v3,3,off,False,,6,1,2816,2816,0,0,33945.358,82.957,,,,ok,
1769873112291,/root/autodl-tmp/jina_resource_matrix/models/jina-embeddings-v3,3,off,False,,6,1,2816,2816,1,0,34630.564,81.315,,,,ok,
1769873146922,/root/autodl-tmp/jina_resource_matrix/models/jina-embeddings-v3,3,off,False,,6,1,2816,2816,2,0,33536.206,83.969,,,,ok,
1769873180458,/root/autodl-tmp/jina_resource_matrix/models/jina-embeddings-v3,3,off,False,,6,1,2816,2816,3,0,33964.828,82.909,,,,ok,
1769873214424,/root/autodl-tmp/jina_resource_matrix/models/jina-embeddings-v3,3,off,False,,6,1,2816,2816,4,0,34042.173,82.721,,,,ok,
1769873333286,/root/autodl-tmp/jina_resource_matrix/models/jina-embeddings-v3,3,off,False,,6,1,3072,3072,0,0,39387.546,77.994,,,,ok,
1769873372674,/root/autodl-tmp/jina_resource_matrix/models/jina-embeddings-v3,3,off,False,,6,1,3072,3072,1,0,39128.983,78.51,,,,ok,
1769873411803,/root/autodl-tmp/jina_resource_matrix/models/jina-embeddings-v3,3,off,False,,6,1,3072,3072,2,0,40015.667,76.77,,,,ok,
1769873451819,/root/autodl-tmp/jina_resource_matrix/models/jina-embeddings-v3,3,off,False,,6,1,3072,3072,3,0,39738.468,77.305,,,,ok,
1769873491558,/root/autodl-tmp/jina_resource_matrix/models/jina-embeddings-v3,3,off,False,,6,1,3072,3072,4,0,39233.62,78.3,,,,ok,
1769873626242,/root/autodl-tmp/jina_resource_matrix/models/jina-embeddings-v3,3,off,False,,6,1,3328,3328,0,0,44183.769,75.322,,,,ok,
1769873670427,/root/autodl-tmp/jina_resource_matrix/models/jina-embeddings-v3,3,off,False,,6,1,3328,3328,1,0,44327.411,75.078,,,,ok,
1769873714755,/root/autodl-tmp/jina_resource_matrix/models/jina-embeddings-v3,3,off,False,,6,1,3328,3328,2,0,44567.988,74.672,,,,ok,
1769873759324,/root/autodl-tmp/jina_resource_matrix/models/jina-embeddings-v3,3,off,False,,6,1,3328,3328,3,0,44486.107,74.81,,,,ok,
1769873803810,/root/autodl-tmp/jina_resource_matrix/models/jina-embeddings-v3,3,off,False,,6,1,3328,3328,4,0,44326.864,75.079,,,,ok,
1769873954845,/root/autodl-tmp/jina_resource_matrix/models/jina-embeddings-v3,3,off,False,,6,1,3584,3584,0,0,49563.843,72.311,,,,ok,
1769874004409,/root/autodl-tmp/jina_resource_matrix/models/jina-embeddings-v3,3,off,False,,6,1,3584,3584,1,0,49835.035,71.917,,,,ok,
1769874054245,/root/autodl-tmp/jina_resource_matrix/models/jina-embeddings-v3,3,off,False,,6,1,3584,3584,2,0,50524.43,70.936,,,,ok,
1769874104770,/root/autodl-tmp/jina_resource_matrix/models/jina-embeddings-v3,3,off,False,,6,1,3584,3584,3,0,50470.664,71.012,,,,ok,
1769874155241,/root/autodl-tmp/jina_resource_matrix/models/jina-embeddings-v3,3,off,False,,6,1,3584,3584,4,0,49886.955,71.842,,,,ok,
1769874325327,/root/autodl-tmp/jina_resource_matrix/models/jina-embeddings-v3,3,off,False,,6,1,3840,3840,0,0,56690.494,67.736,,,,ok,
1769874382018,/root/autodl-tmp/jina_resource_matrix/models/jina-embeddings-v3,3,off,False,,6,1,3840,3840,1,0,56965.06,67.41,,,,ok,
1769874438984,/root/autodl-tmp/jina_resource_matrix/models/jina-embeddings-v3,3,off,False,,6,1,3840,3840,2,0,56165.817,68.369,,,,ok,
1769874495150,/root/autodl-tmp/jina_resource_matrix/models/jina-embeddings-v3,3,off,False,,6,1,3840,3840,3,0,56146.763,68.392,,,,ok,
1769874551297,/root/autodl-tmp/jina_resource_matrix/models/jina-embeddings-v3,3,off,False,,6,1,3840,3840,4,0,56786.926,67.621,,,,ok,
1769874740287,/root/autodl-tmp/jina_resource_matrix/models/jina-embeddings-v3,3,off,False,,6,1,4096,4096,0,0,63000.226,65.016,,,,ok,
1769874803288,/root/autodl-tmp/jina_resource_matrix/models/jina-embeddings-v3,3,off,False,,6,1,4096,4096,1,0,63019.894,64.995,,,,ok,
1769874866308,/root/autodl-tmp/jina_resource_matrix/models/jina-embeddings-v3,3,off,False,,6,1,4096,4096,2,0,63234.909,64.774,,,,ok,
1769874929543,/root/autodl-tmp/jina_resource_matrix/models/jina-embeddings-v3,3,off,False,,6,1,4096,4096,3,0,62972.458,65.044,,,,ok,
1769874992516,/root/autodl-tmp/jina_resource_matrix/models/jina-embeddings-v3,3,off,False,,6,1,4096,4096,4,0,63175.581,64.835,,,,ok,
1769875066205,/root/autodl-tmp/jina_resource_matrix/models/jina-embeddings-v3,2,off,False,,4,1,256,256,0,0,1893.268,135.216,,,,ok,
1769875068098,/root/autodl-tmp/jina_resource_matrix/models/jina-embeddings-v3,2,off,False,,4,1,256,256,1,0,1729.393,148.029,,,,ok,
1769875069828,/root/autodl-tmp/jina_resource_matrix/models/jina-embeddings-v3,2,off,False,,4,1,256,256,2,0,1739.205,147.194,,,,ok,
1769875071568,/root/autodl-tmp/jina_resource_matrix/models/jina-embeddings-v3,2,off,False,,4,1,256,256,3,0,1722.837,148.592,,,,ok,
1769875073291,/root/autodl-tmp/jina_resource_matrix/models/jina-embeddings-v3,2,off,False,,4,1,256,256,4,0,1731.961,147.809,,,,ok,
1769875089777,/root/autodl-tmp/jina_resource_matrix/models/jina-embeddings-v3,2,off,False,,4,1,512,512,0,0,3852.575,132.898,,,,ok,
1769875093630,/root/autodl-tmp/jina_resource_matrix/models/jina-embeddings-v3,2,off,False,,4,1,512,512,1,0,3959.764,129.301,,,,ok,
1769875097590,/root/autodl-tmp/jina_resource_matrix/models/jina-embeddings-v3,2,off,False,,4,1,512,512,2,0,3997.633,128.076,,,,ok,
1769875101588,/root/autodl-tmp/jina_resource_matrix/models/jina-embeddings-v3,2,off,False,,4,1,512,512,3,0,4142.034,123.611,,,,ok,
1769875105730,/root/autodl-tmp/jina_resource_matrix/models/jina-embeddings-v3,2,off,False,,4,1,512,512,4,0,3669.724,139.52,,,,ok,
1769875130278,/root/autodl-tmp/jina_resource_matrix/models/jina-embeddings-v3,2,off,False,,4,1,768,768,0,0,7044.472,109.022,,,,ok,
1769875137323,/root/autodl-tmp/jina_resource_matrix/models/jina-embeddings-v3,2,off,False,,4,1,768,768,1,0,6804.574,112.865,,,,ok,
1769875144128,/root/autodl-tmp/jina_resource_matrix/models/jina-embeddings-v3,2,off,False,,4,1,768,768,2,0,7022.437,109.364,,,,ok,
1769875151151,/root/autodl-tmp/jina_resource_matrix/models/jina-embeddings-v3,2,off,False,,4,1,768,768,3,0,6633.458,115.777,,,,ok,
1769875157785,/root/autodl-tmp/jina_resource_matrix/models/jina-embeddings-v3,2,off,False,,4,1,768,768,4,0,6897.229,111.349,,,,ok,
1769875192193,/root/autodl-tmp/jina_resource_matrix/models/jina-embeddings-v3,2,off,False,,4,1,1024,1024,0,0,10195.419,100.437,,,,ok,
1769875202389,/root/autodl-tmp/jina_resource_matrix/models/jina-embeddings-v3,2,off,False,,4,1,1024,1024,1,0,10132.128,101.065,,,,ok,
1769875212522,/root/autodl-tmp/jina_resource_matrix/models/jina-embeddings-v3,2,off,False,,4,1,1024,1024,2,0,10321.795,99.208,,,,ok,
1769875222844,/root/autodl-tmp/jina_resource_matrix/models/jina-embeddings-v3,2,off,False,,4,1,1024,1024,3,0,10261.444,99.791,,,,ok,
1769875233106,/root/autodl-tmp/jina_resource_matrix/models/jina-embeddings-v3,2,off,False,,4,1,1024,1024,4,0,9985.557,102.548,,,,ok,
1769875278548,/root/autodl-tmp/jina_resource_matrix/models/jina-embeddings-v3,2,off,False,,4,1,1280,1280,0,0,14072.121,90.96,,,,ok,
1769875292621,/root/autodl-tmp/jina_resource_matrix/models/jina-embeddings-v3,2,off,False,,4,1,1280,1280,1,0,13871.115,92.278,,,,ok,
1769875306492,/root/autodl-tmp/jina_resource_matrix/models/jina-embeddings-v3,2,off,False,,4,1,1280,1280,2,0,14216.171,90.038,,,,ok,
1769875320709,/root/autodl-tmp/jina_resource_matrix/models/jina-embeddings-v3,2,off,False,,4,1,1280,1280,3,0,14078.542,90.919,,,,ok,
1769875334788,/root/autodl-tmp/jina_resource_matrix/models/jina-embeddings-v3,2,off,False,,4,1,1280,1280,4,0,13848.326,92.43,,,,ok,
1769875392936,/root/autodl-tmp/jina_resource_matrix/models/jina-embeddings-v3,2,off,False,,4,1,1536,1536,0,0,18621.937,82.483,,,,ok,
1769875411559,/root/autodl-tmp/jina_resource_matrix/models/jina-embeddings-v3,2,off,False,,4,1,1536,1536,1,0,18542.693,82.836,,,,ok,
1769875430103,/root/autodl-tmp/jina_resource_matrix/models/jina-embeddings-v3,2,off,False,,4,1,1536,1536,2,0,18840.617,81.526,,,,ok,
1769875448944,/root/autodl-tmp/jina_resource_matrix/models/jina-embeddings-v3,2,off,False,,4,1,1536,1536,3,0,18472.821,83.149,,,,ok,
1769875467417,/root/autodl-tmp/jina_resource_matrix/models/jina-embeddings-v3,2,off,False,,4,1,1536,1536,4,0,18819.881,81.616,,,,ok,
1769875540463,/root/autodl-tmp/jina_resource_matrix/models/jina-embeddings-v3,2,off,False,,4,1,1792,1792,0,0,23694.195,75.63,,,,ok,
1769875564158,/root/autodl-tmp/jina_resource_matrix/models/jina-embeddings-v3,2,off,False,,4,1,1792,1792,1,0,23507.059,76.232,,,,ok,
1769875587666,/root/autodl-tmp/jina_resource_matrix/models/jina-embeddings-v3,2,off,False,,4,1,1792,1792,2,0,23633.752,75.824,,,,ok,
1769875611300,/root/autodl-tmp/jina_resource_matrix/models/jina-embeddings-v3,2,off,False,,4,1,1792,1792,3,0,23648.685,75.776,,,,ok,
1769875634949,/root/autodl-tmp/jina_resource_matrix/models/jina-embeddings-v3,2,off,False,,4,1,1792,1792,4,0,23332.374,76.803,,,,ok,
1769875722955,/root/autodl-tmp/jina_resource_matrix/models/jina-embeddings-v3,2,off,False,,4,1,2048,2048,0,0,28783.138,71.153,,,,ok,
1769875751739,/root/autodl-tmp/jina_resource_matrix/models/jina-embeddings-v3,2,off,False,,4,1,2048,2048,1,0,28882.519,70.908,,,,ok,
1769875780622,/root/autodl-tmp/jina_resource_matrix/models/jina-embeddings-v3,2,off,False,,4,1,2048,2048,2,0,28466.438,71.944,,,,ok,
1769875809089,/root/autodl-tmp/jina_resource_matrix/models/jina-embeddings-v3,2,off,False,,4,1,2048,2048,3,0,28814.416,71.076,,,,ok,
1769875837904,/root/autodl-tmp/jina_resource_matrix/models/jina-embeddings-v3,2,off,False,,4,1,2048,2048,4,0,28411.96,72.082,,,,ok,
1769875943418,/root/autodl-tmp/jina_resource_matrix/models/jina-embeddings-v3,2,off,False,,4,1,2304,2304,0,0,34884.453,66.047,,,,ok,
1769875978303,/root/autodl-tmp/jina_resource_matrix/models/jina-embeddings-v3,2,off,False,,4,1,2304,2304,1,0,34778.178,66.248,,,,ok,
1769876013082,/root/autodl-tmp/jina_resource_matrix/models/jina-embeddings-v3,2,off,False,,4,1,2304,2304,2,0,34601.904,66.586,,,,ok,
1769876047684,/root/autodl-tmp/jina_resource_matrix/models/jina-embeddings-v3,2,off,False,,4,1,2304,2304,3,0,34419.238,66.939,,,,ok,
1769876082104,/root/autodl-tmp/jina_resource_matrix/models/jina-embeddings-v3,2,off,False,,4,1,2304,2304,4,0,34819.462,66.17,,,,ok,
1769876206076,/root/autodl-tmp/jina_resource_matrix/models/jina-embeddings-v3,2,off,False,,4,1,2560,2560,0,0,41093.449,62.297,,,,ok,
1769876247170,/root/autodl-tmp/jina_resource_matrix/models/jina-embeddings-v3,2,off,False,,4,1,2560,2560,1,0,41134.298,62.235,,,,ok,
1769876288305,/root/autodl-tmp/jina_resource_matrix/models/jina-embeddings-v3,2,off,False,,4,1,2560,2560,2,0,41206.439,62.126,,,,ok,
1769876329511,/root/autodl-tmp/jina_resource_matrix/models/jina-embeddings-v3,2,off,False,,4,1,2560,2560,3,0,41162.14,62.193,,,,ok,
1769876370674,/root/autodl-tmp/jina_resource_matrix/models/jina-embeddings-v3,2,off,False,,4,1,2560,2560,4,0,41103.005,62.283,,,,ok,
1769876514871,/root/autodl-tmp/jina_resource_matrix/models/jina-embeddings-v3,2,off,False,,4,1,2816,2816,0,0,48299.663,58.303,,,,ok,
1769876563171,/root/autodl-tmp/jina_resource_matrix/models/jina-embeddings-v3,2,off,False,,4,1,2816,2816,1,0,48001.028,58.665,,,,ok,
1769876611173,/root/autodl-tmp/jina_resource_matrix/models/jina-embeddings-v3,2,off,False,,4,1,2816,2816,2,0,48697.104,57.827,,,,ok,
1769876659870,/root/autodl-tmp/jina_resource_matrix/models/jina-embeddings-v3,2,off,False,,4,1,2816,2816,3,0,48744.319,57.771,,,,ok,
1769876708615,/root/autodl-tmp/jina_resource_matrix/models/jina-embeddings-v3,2,off,False,,4,1,2816,2816,4,0,48734.12,57.783,,,,ok,
1769876876249,/root/autodl-tmp/jina_resource_matrix/models/jina-embeddings-v3,2,off,False,,4,1,3072,3072,0,0,56214.284,54.648,,,,ok,
1769876932464,/root/autodl-tmp/jina_resource_matrix/models/jina-embeddings-v3,2,off,False,,4,1,3072,3072,1,0,55776.744,55.077,,,,ok,
1769876988242,/root/autodl-tmp/jina_resource_matrix/models/jina-embeddings-v3,2,off,False,,4,1,3072,3072,2,0,55704.875,55.148,,,,ok,
1769877043947,/root/autodl-tmp/jina_resource_matrix/models/jina-embeddings-v3,2,off,False,,4,1,3072,3072,3,0,56037.819,54.82,,,,ok,
1769877099985,/root/autodl-tmp/jina_resource_matrix/models/jina-embeddings-v3,2,off,False,,4,1,3072,3072,4,0,55878.724,54.976,,,,ok,
1769877290339,/root/autodl-tmp/jina_resource_matrix/models/jina-embeddings-v3,2,off,False,,4,1,3328,3328,0,0,64027.367,51.978,,,,ok,
1769877354367,/root/autodl-tmp/jina_resource_matrix/models/jina-embeddings-v3,2,off,False,,4,1,3328,3328,1,0,64067.909,51.945,,,,ok,
1769877418436,/root/autodl-tmp/jina_resource_matrix/models/jina-embeddings-v3,2,off,False,,4,1,3328,3328,2,0,63307.969,52.568,,,,ok,
1769877481744,/root/autodl-tmp/jina_resource_matrix/models/jina-embeddings-v3,2,off,False,,4,1,3328,3328,3,0,62958.192,52.86,,,,ok,
1769877544704,/root/autodl-tmp/jina_resource_matrix/models/jina-embeddings-v3,2,off,False,,4,1,3328,3328,4,0,62777.091,53.013,,,,ok,
1769877757806,/root/autodl-tmp/jina_resource_matrix/models/jina-embeddings-v3,2,off,False,,4,1,3584,3584,0,0,71457.918,50.155,,,,ok,
1769877829264,/root/autodl-tmp/jina_resource_matrix/models/jina-embeddings-v3,2,off,False,,4,1,3584,3584,1,0,71857.977,49.876,,,,ok,
1769877901123,/root/autodl-tmp/jina_resource_matrix/models/jina-embeddings-v3,2,off,False,,4,1,3584,3584,2,0,71350.113,50.231,,,,ok,
1769877972474,/root/autodl-tmp/jina_resource_matrix/models/jina-embeddings-v3,2,off,False,,4,1,3584,3584,3,0,71674.51,50.004,,,,ok,
1769878044149,/root/autodl-tmp/jina_resource_matrix/models/jina-embeddings-v3,2,off,False,,4,1,3584,3584,4,0,71792.138,49.922,,,,ok,
1769878284401,/root/autodl-tmp/jina_resource_matrix/models/jina-embeddings-v3,2,off,False,,4,1,3840,3840,0,0,80982.571,47.418,,,,ok,
1769878365384,/root/autodl-tmp/jina_resource_matrix/models/jina-embeddings-v3,2,off,False,,4,1,3840,3840,1,0,81321.48,47.22,,,,ok,
1769878446706,/root/autodl-tmp/jina_resource_matrix/models/jina-embeddings-v3,2,off,False,,4,1,3840,3840,2,0,80389.863,47.767,,,,ok,
1769878527096,/root/autodl-tmp/jina_resource_matrix/models/jina-embeddings-v3,2,off,False,,4,1,3840,3840,3,0,80751.282,47.553,,,,ok,
1769878607848,/root/autodl-tmp/jina_resource_matrix/models/jina-embeddings-v3,2,off,False,,4,1,3840,3840,4,0,80479.53,47.714,,,,ok,
1769878876784,/root/autodl-tmp/jina_resource_matrix/models/jina-embeddings-v3,2,off,False,,4,1,4096,4096,0,0,91200.808,44.912,,,,ok,
1769878967985,/root/autodl-tmp/jina_resource_matrix/models/jina-embeddings-v3,2,off,False,,4,1,4096,4096,1,0,91546.254,44.742,,,,ok,
1769879059532,/root/autodl-tmp/jina_resource_matrix/models/jina-embeddings-v3,2,off,False,,4,1,4096,4096,2,0,91094.028,44.965,,,,ok,
1769879150626,/root/autodl-tmp/jina_resource_matrix/models/jina-embeddings-v3,2,off,False,,4,1,4096,4096,3,0,91330.581,44.848,,,,ok,
1769879241957,/root/autodl-tmp/jina_resource_matrix/models/jina-embeddings-v3,2,off,False,,4,1,4096,4096,4,0,91566.882,44.732,,,,ok,
1769879344543,/root/autodl-tmp/jina_resource_matrix/models/jina-embeddings-v3,1,off,False,,2,1,256,256,0,0,1825.437,140.24,,,,ok,
1769879346369,/root/autodl-tmp/jina_resource_matrix/models/jina-embeddings-v3,1,off,False,,2,1,256,256,1,0,1846.962,138.606,,,,ok,
1769879348217,/root/autodl-tmp/jina_resource_matrix/models/jina-embeddings-v3,1,off,False,,2,1,256,256,2,0,2311.575,110.747,,,,ok,
1769879350528,/root/autodl-tmp/jina_resource_matrix/models/jina-embeddings-v3,1,off,False,,2,1,256,256,3,0,1765.547,144.998,,,,ok,
1769879352294,/root/autodl-tmp/jina_resource_matrix/models/jina-embeddings-v3,1,off,False,,2,1,256,256,4,0,1749.947,146.29,,,,ok,
1769879369899,/root/autodl-tmp/jina_resource_matrix/models/jina-embeddings-v3,1,off,False,,2,1,512,512,0,0,4647.581,110.165,,,,ok,
1769879374547,/root/autodl-tmp/jina_resource_matrix/models/jina-embeddings-v3,1,off,False,,2,1,512,512,1,0,4765.567,107.437,,,,ok,
1769879379313,/root/autodl-tmp/jina_resource_matrix/models/jina-embeddings-v3,1,off,False,,2,1,512,512,2,0,4194.441,122.066,,,,ok,
1769879383508,/root/autodl-tmp/jina_resource_matrix/models/jina-embeddings-v3,1,off,False,,2,1,512,512,3,0,4732.409,108.19,,,,ok,
1769879388240,/root/autodl-tmp/jina_resource_matrix/models/jina-embeddings-v3,1,off,False,,2,1,512,512,4,0,4001.9,127.939,,,,ok,
1769879415675,/root/autodl-tmp/jina_resource_matrix/models/jina-embeddings-v3,1,off,False,,2,1,768,768,0,0,8193.777,93.73,,,,ok,
1769879423870,/root/autodl-tmp/jina_resource_matrix/models/jina-embeddings-v3,1,off,False,,2,1,768,768,1,0,8248.823,93.104,,,,ok,
1769879432119,/root/autodl-tmp/jina_resource_matrix/models/jina-embeddings-v3,1,off,False,,2,1,768,768,2,0,8267.066,92.899,,,,ok,
1769879440386,/root/autodl-tmp/jina_resource_matrix/models/jina-embeddings-v3,1,off,False,,2,1,768,768,3,0,7859.838,97.712,,,,ok,
1769879448247,/root/autodl-tmp/jina_resource_matrix/models/jina-embeddings-v3,1,off,False,,2,1,768,768,4,0,8149.548,94.238,,,,ok,
1769879487598,/root/autodl-tmp/jina_resource_matrix/models/jina-embeddings-v3,1,off,False,,2,1,1024,1024,0,0,12051.078,84.972,,,,ok,
1769879499649,/root/autodl-tmp/jina_resource_matrix/models/jina-embeddings-v3,1,off,False,,2,1,1024,1024,1,0,12022.548,85.173,,,,ok,
1769879511672,/root/autodl-tmp/jina_resource_matrix/models/jina-embeddings-v3,1,off,False,,2,1,1024,1024,2,0,11844.519,86.453,,,,ok,
1769879523517,/root/autodl-tmp/jina_resource_matrix/models/jina-embeddings-v3,1,off,False,,2,1,1024,1024,3,0,11480.977,89.191,,,,ok,
1769879534998,/root/autodl-tmp/jina_resource_matrix/models/jina-embeddings-v3,1,off,False,,2,1,1024,1024,4,0,12145.726,84.309,,,,ok,
1769879588180,/root/autodl-tmp/jina_resource_matrix/models/jina-embeddings-v3,1,off,False,,2,1,1280,1280,0,0,17193.496,74.447,,,,ok,
1769879605374,/root/autodl-tmp/jina_resource_matrix/models/jina-embeddings-v3,1,off,False,,2,1,1280,1280,1,0,16916.569,75.665,,,,ok,
1769879622291,/root/autodl-tmp/jina_resource_matrix/models/jina-embeddings-v3,1,off,False,,2,1,1280,1280,2,0,16772.458,76.316,,,,ok,
1769879639064,/root/autodl-tmp/jina_resource_matrix/models/jina-embeddings-v3,1,off,False,,2,1,1280,1280,3,0,16687.476,76.704,,,,ok,
1769879655752,/root/autodl-tmp/jina_resource_matrix/models/jina-embeddings-v3,1,off,False,,2,1,1280,1280,4,0,16494.371,77.602,,,,ok,
1769879724864,/root/autodl-tmp/jina_resource_matrix/models/jina-embeddings-v3,1,off,False,,2,1,1536,1536,0,0,22947.795,66.935,,,,ok,
1769879747813,/root/autodl-tmp/jina_resource_matrix/models/jina-embeddings-v3,1,off,False,,2,1,1536,1536,1,0,22618.314,67.91,,,,ok,
1769879770431,/root/autodl-tmp/jina_resource_matrix/models/jina-embeddings-v3,1,off,False,,2,1,1536,1536,2,0,22477.655,68.335,,,,ok,
1769879792910,/root/autodl-tmp/jina_resource_matrix/models/jina-embeddings-v3,1,off,False,,2,1,1536,1536,3,0,22238.139,69.071,,,,ok,
1769879815148,/root/autodl-tmp/jina_resource_matrix/models/jina-embeddings-v3,1,off,False,,2,1,1536,1536,4,0,22412.608,68.533,,,,ok,
1769879901158,/root/autodl-tmp/jina_resource_matrix/models/jina-embeddings-v3,1,off,False,,2,1,1792,1792,0,0,28224.127,63.492,,,,ok,
1769879929383,/root/autodl-tmp/jina_resource_matrix/models/jina-embeddings-v3,1,off,False,,2,1,1792,1792,1,0,28482.174,62.917,,,,ok,
1769879957866,/root/autodl-tmp/jina_resource_matrix/models/jina-embeddings-v3,1,off,False,,2,1,1792,1792,2,0,27986.546,64.031,,,,ok,
1769879985852,/root/autodl-tmp/jina_resource_matrix/models/jina-embeddings-v3,1,off,False,,2,1,1792,1792,3,0,28099.682,63.773,,,,ok,
1769880013953,/root/autodl-tmp/jina_resource_matrix/models/jina-embeddings-v3,1,off,False,,2,1,1792,1792,4,0,28092.123,63.79,,,,ok,
1769880119050,/root/autodl-tmp/jina_resource_matrix/models/jina-embeddings-v3,1,off,False,,2,1,2048,2048,0,0,34874.695,58.725,,,,ok,
1769880153925,/root/autodl-tmp/jina_resource_matrix/models/jina-embeddings-v3,1,off,False,,2,1,2048,2048,1,0,34040.424,60.164,,,,ok,
1769880187966,/root/autodl-tmp/jina_resource_matrix/models/jina-embeddings-v3,1,off,False,,2,1,2048,2048,2,0,33644.141,60.872,,,,ok,
1769880221610,/root/autodl-tmp/jina_resource_matrix/models/jina-embeddings-v3,1,off,False,,2,1,2048,2048,3,0,34059.882,60.129,,,,ok,
1769880255671,/root/autodl-tmp/jina_resource_matrix/models/jina-embeddings-v3,1,off,False,,2,1,2048,2048,4,0,34159.447,59.954,,,,ok,
1769880383078,/root/autodl-tmp/jina_resource_matrix/models/jina-embeddings-v3,1,off,False,,2,1,2304,2304,0,0,42903.742,53.702,,,,ok,
1769880425982,/root/autodl-tmp/jina_resource_matrix/models/jina-embeddings-v3,1,off,False,,2,1,2304,2304,1,0,42232.111,54.556,,,,ok,
1769880468215,/root/autodl-tmp/jina_resource_matrix/models/jina-embeddings-v3,1,off,False,,2,1,2304,2304,2,0,42088.868,54.741,,,,ok,
1769880510305,/root/autodl-tmp/jina_resource_matrix/models/jina-embeddings-v3,1,off,False,,2,1,2304,2304,3,0,42184.468,54.617,,,,ok,
1769880552489,/root/autodl-tmp/jina_resource_matrix/models/jina-embeddings-v3,1,off,False,,2,1,2304,2304,4,0,42852.495,53.766,,,,ok,
1769880703787,/root/autodl-tmp/jina_resource_matrix/models/jina-embeddings-v3,1,off,False,,2,1,2560,2560,0,0,50285.565,50.909,,,,ok,
1769880754073,/root/autodl-tmp/jina_resource_matrix/models/jina-embeddings-v3,1,off,False,,2,1,2560,2560,1,0,50554.224,50.639,,,,ok,
1769880804628,/root/autodl-tmp/jina_resource_matrix/models/jina-embeddings-v3,1,off,False,,2,1,2560,2560,2,0,50297.085,50.898,,,,ok,
1769880854925,/root/autodl-tmp/jina_resource_matrix/models/jina-embeddings-v3,1,off,False,,2,1,2560,2560,3,0,49778.249,51.428,,,,ok,
1769880904704,/root/autodl-tmp/jina_resource_matrix/models/jina-embeddings-v3,1,off,False,,2,1,2560,2560,4,0,49800.449,51.405,,,,ok,
1769881081415,/root/autodl-tmp/jina_resource_matrix/models/jina-embeddings-v3,1,off,False,,2,1,2816,2816,0,0,59560.962,47.279,,,,ok,
1769881140977,/root/autodl-tmp/jina_resource_matrix/models/jina-embeddings-v3,1,off,False,,2,1,2816,2816,1,0,59536.171,47.299,,,,ok,
1769881200513,/root/autodl-tmp/jina_resource_matrix/models/jina-embeddings-v3,1,off,False,,2,1,2816,2816,2,0,59316.863,47.474,,,,ok,
1769881259831,/root/autodl-tmp/jina_resource_matrix/models/jina-embeddings-v3,1,off,False,,2,1,2816,2816,3,0,59663.335,47.198,,,,ok,
1769881319495,/root/autodl-tmp/jina_resource_matrix/models/jina-embeddings-v3,1,off,False,,2,1,2816,2816,4,0,59727.291,47.148,,,,ok,
1769881524632,/root/autodl-tmp/jina_resource_matrix/models/jina-embeddings-v3,1,off,False,,2,1,3072,3072,0,0,68438.921,44.887,,,,ok,
1769881593072,/root/autodl-tmp/jina_resource_matrix/models/jina-embeddings-v3,1,off,False,,2,1,3072,3072,1,0,69361.068,44.29,,,,ok,
1769881662433,/root/autodl-tmp/jina_resource_matrix/models/jina-embeddings-v3,1,off,False,,2,1,3072,3072,2,0,69080.462,44.47,,,,ok,
1769881731514,/root/autodl-tmp/jina_resource_matrix/models/jina-embeddings-v3,1,off,False,,2,1,3072,3072,3,0,69023.352,44.507,,,,ok,
1769881800538,/root/autodl-tmp/jina_resource_matrix/models/jina-embeddings-v3,1,off,False,,2,1,3072,3072,4,0,69413.402,44.257,,,,ok,
1769882035844,/root/autodl-tmp/jina_resource_matrix/models/jina-embeddings-v3,1,off,False,,2,1,3328,3328,0,0,79050.045,42.1,,,,ok,
1769882114895,/root/autodl-tmp/jina_resource_matrix/models/jina-embeddings-v3,1,off,False,,2,1,3328,3328,1,0,78519.549,42.384,,,,ok,
1769882193415,/root/autodl-tmp/jina_resource_matrix/models/jina-embeddings-v3,1,off,False,,2,1,3328,3328,2,0,78919.943,42.169,,,,ok,
1769882272336,/root/autodl-tmp/jina_resource_matrix/models/jina-embeddings-v3,1,off,False,,2,1,3328,3328,3,0,82421.485,40.378,,,,ok,
1769882354758,/root/autodl-tmp/jina_resource_matrix/models/jina-embeddings-v3,1,off,False,,2,1,3328,3328,4,0,78886.385,42.187,,,,ok,
1769882623065,/root/autodl-tmp/jina_resource_matrix/models/jina-embeddings-v3,1,off,False,,2,1,3584,3584,0,0,90600.316,39.558,,,,ok,
1769882713666,/root/autodl-tmp/jina_resource_matrix/models/jina-embeddings-v3,1,off,False,,2,1,3584,3584,1,0,89603.429,39.998,,,,ok,
1769882803270,/root/autodl-tmp/jina_resource_matrix/models/jina-embeddings-v3,1,off,False,,2,1,3584,3584,2,0,89980.413,39.831,,,,ok,
1769882893250,/root/autodl-tmp/jina_resource_matrix/models/jina-embeddings-v3,1,off,False,,2,1,3584,3584,3,0,90000.953,39.822,,,,ok,
1769882983252,/root/autodl-tmp/jina_resource_matrix/models/jina-embeddings-v3,1,off,False,,2,1,3584,3584,4,0,90359.524,39.664,,,,ok,
1769883283708,/root/autodl-tmp/jina_resource_matrix/models/jina-embeddings-v3,1,off,False,,2,1,3840,3840,0,0,102418.255,37.493,,,,ok,
1769883386128,/root/autodl-tmp/jina_resource_matrix/models/jina-embeddings-v3,1,off,False,,2,1,3840,3840,1,0,102137.313,37.596,,,,ok,
1769883488265,/root/autodl-tmp/jina_resource_matrix/models/jina-embeddings-v3,1,off,False,,2,1,3840,3840,2,0,102643.91,37.411,,,,ok,
1769883590910,/root/autodl-tmp/jina_resource_matrix/models/jina-embeddings-v3,1,off,False,,2,1,3840,3840,3,0,102778.371,37.362,,,,ok,
1769883693689,/root/autodl-tmp/jina_resource_matrix/models/jina-embeddings-v3,1,off,False,,2,1,3840,3840,4,0,102817.131,37.348,,,,ok,
1769884030713,/root/autodl-tmp/jina_resource_matrix/models/jina-embeddings-v3,1,off,False,,2,1,4096,4096,0,0,113983.634,35.935,,,,ok,
1769884144697,/root/autodl-tmp/jina_resource_matrix/models/jina-embeddings-v3,1,off,False,,2,1,4096,4096,1,0,113101.912,36.215,,,,ok,
1769884257800,/root/autodl-tmp/jina_resource_matrix/models/jina-embeddings-v3,1,off,False,,2,1,4096,4096,2,0,112625.135,36.368,,,,ok,
1769884370425,/root/autodl-tmp/jina_resource_matrix/models/jina-embeddings-v3,1,off,False,,2,1,4096,4096,3,0,114703.439,35.709,,,,ok,
1769884485129,/root/autodl-tmp/jina_resource_matrix/models/jina-embeddings-v3,1,off,False,,2,1,4096,4096,4,0,113740.392,36.012,,,,ok,
